연도,번호,학교명,학교유형,설립,지역,대학규모,시설_도서관건물연면적 (제곱미터),시설_열람석_총열람석수,시설_설비_정보화기기(PC)수,재학생 1인당 도서관건물 연면적_연면적,재학생 1인당 도서관건물 연면적_재학생수(당해년도),재학생 1인당 도서관건물 연면적_재학생 1인당 도서관건물 연면적
2021,1,ICT폴리텍대학,전문대학,사립,경기,C그룹,332.6000061035156,100,0,332.6000061035156,261,1.2999999523162842
2021,2,가야대학교,대학,사립,경남,C그룹,3369.10009765625,738,32,3369.10009765625,2121,1.600000023841858
2021,3,가천대학교,대학,사립,경기,A그룹,13194.2998046875,3013,244,13194.2998046875,21928,0.6000000238418579
2021,4,가톨릭관동대학교,대학,사립,강원,B그룹,8226.0,1387,99,8226.0,7879,1.0
2021,5,가톨릭꽃동네대학교,대학,사립,충북,C그룹,1727.0,185,26,1727.0,491,3.5
2021,6,가톨릭대학교,대학,사립,경기,A그룹,17684.0,3113,186,17684.0,10444,1.7000000476837158
2021,7,가톨릭상지대학교,전문대학,사립,경북,C그룹,3339.0,414,19,3339.0,1865,1.7999999523162842
2021,8,감리교신학대학교,대학,사립,서울,C그룹,2542.0,402,9,2542.0,1448,1.7999999523162842
2021,9,강남대학교,대학,사립,경기,B그룹,5555.0,1101,80,5555.0,6991,0.800000011920929
2021,10,강동대학교,전문대학,사립,충북,B그룹,1055.300048828125,350,8,1055.300048828125,3053,0.30000001192092896
2021,11,강릉영동대학교,전문대학,사립,강원,B그룹,2521.0,525,7,2521.0,2443,1.0
2021,12,강서대학교,대학,사립,서울,C그룹,1169.0,284,11,1169.0,1840,0.6000000238418579
2021,13,강원관광대학교,전문대학,사립,강원,C그룹,1092.0,228,21,1092.0,597,1.7999999523162842
2021,14,강원대학교,대학,국립,강원,A그룹,28504.900390625,3708,303,28504.900390625,21898,1.2999999523162842
2021,15,강원도립대학교,전문대학,공립,강원,C그룹,1735.0,188,10,1735.0,579,3.0
2021,16,개신대학원대학교,대학원대학,사립,서울,-,221.5,40,8,221.5,137,1.600000023841858
2021,17,거제대학교,전문대학,사립,경남,C그룹,1413.5999755859375,306,10,1413.5999755859375,1066,1.2999999523162842
2021,18,건국대학교,대학,사립,서울,A그룹,24695.0,3389,264,24695.0,20271,1.2000000476837158
2021,19,건국대학교(글로컬),대학,사립,충북,B그룹,10320.0,1394,62,10320.0,7431,1.399999976158142
2021,20,건동대학교,대학,사립,경북,C그룹,0.0,0,0,0.0,0,0.0
2021,21,건신대학원대학교,대학원대학,사립,대전,-,446.0,60,5,446.0,166,2.700000047683716
2021,22,건양대학교,대학,사립,충남,B그룹,9895.0,2013,135,9895.0,7336,1.2999999523162842
2021,23,경기과학기술대학교,전문대학,사립,경기,A그룹,4415.0,913,100,4415.0,4276,1.0
2021,24,경기대학교,대학,사립,경기,A그룹,13909.0,2481,135,13909.0,16112,0.8999999761581421
2021,25,경남대학교,대학,사립,경남,A그룹,13473.2001953125,2879,154,13473.2001953125,11943,1.100000023841858
2021,26,경남도립거창대학,전문대학,공립,경남,C그룹,823.0,180,15,823.0,804,1.0
2021,27,경남도립남해대학,전문대학,공립,경남,C그룹,759.9000244140625,110,27,759.9000244140625,728,1.0
2021,28,경남정보대학교,전문대학,사립,부산,A그룹,7791.0,1328,117,7791.0,6030,1.2999999523162842
2021,29,경동대학교,대학,사립,강원,B그룹,11290.0,2277,123,11290.0,7549,1.5
2021,30,경민대학교,전문대학,사립,경기,B그룹,2218.39990234375,220,17,2218.39990234375,3845,0.6000000238418579
2021,31,경복대학교,전문대학,사립,경기,A그룹,9777.099609375,2088,111,9777.099609375,6208,1.600000023841858
2021,32,경북과학대학교,전문대학,사립,경북,C그룹,1014.0,252,20,1014.0,1845,0.5
2021,33,경북대학교,대학,국립,대구,A그룹,41434.3984375,5478,190,41434.3984375,27380,1.5
2021,34,경북보건대학교,전문대학,사립,경북,C그룹,741.0,210,20,741.0,1233,0.6000000238418579
2021,35,경북외국어대학교,대학,사립,대구,C그룹,0.0,0,0,0.0,0,0.0
2021,36,경북전문대학교,전문대학,사립,경북,B그룹,1749.199951171875,388,14,1749.199951171875,2736,0.6000000238418579
2021,37,경상국립대학교,대학,국립,경남,A그룹,32696.30078125,3765,229,32696.30078125,20962,1.600000023841858
2021,38,경성대학교,대학,사립,부산,A그룹,13287.5,1939,129,13287.5,12972,1.0
2021,39,경안대학원대학교,대학원대학,사립,경북,-,117.30000305175781,33,1,117.30000305175781,58,2.0
2021,40,경운대학교,대학,사립,경북,C그룹,5759.5,1377,120,5759.5,4518,1.2999999523162842
2021,41,경인교육대학교,대학,국립,인천,C그룹,10071.900390625,1311,85,10071.900390625,3973,2.5
2021,42,경인여자대학교,전문대학,사립,인천,B그룹,2202.60009765625,478,36,2202.60009765625,4585,0.5
2021,43,경일대학교,대학,사립,경북,B그룹,12429.0,1522,93,12429.0,7141,1.7000000476837158
2021,44,경찰대학,기타,기타,충남,-,5497.0,260,32,5497.0,0,0.0
2021,45,경희대학교,대학,사립,서울,A그룹,38267.1015625,5330,264,38267.1015625,34454,1.100000023841858
2021,46,계명대학교,대학,사립,대구,A그룹,28169.69921875,3567,440,28169.69921875,23449,1.2000000476837158
2021,47,계명문화대학교,전문대학,사립,대구,A그룹,5598.0,695,64,5598.0,4708,1.2000000476837158
2021,48,계약신학대학원대학교,대학원대학,사립,경기,-,402.0,58,9,402.0,9,44.70000076293945
2021,49,계원예술대학교,전문대학,사립,경기,B그룹,3017.0,517,8,3017.0,2832,1.100000023841858
2021,50,고려대학교,대학,사립,서울,A그룹,49207.0,7247,264,49207.0,29572,1.7000000476837158
2021,51,고려대학교(세종),대학,사립,세종,B그룹,8958.0,1088,56,8958.0,7481,1.2000000476837158
2021,52,고려사이버대학교,대학,사립,서울,A그룹,0.0,0,4,0.0,10457,0.0
2021,53,고신대학교,대학,사립,부산,C그룹,7648.60009765625,1473,42,7648.60009765625,4686,1.600000023841858
2021,54,공군사관학교,기타,기타,충북,-,4105.2001953125,358,16,4105.2001953125,0,0.0
2021,55,공주교육대학교,대학,국립,충남,C그룹,6537.0,841,45,6537.0,2003,3.299999952316284
2021,56,과학기술연합대학원대학교,대학원대학,국립,대전,-,0.0,0,0,0.0,1282,0.0
2021,57,광신대학교,대학,사립,광주,C그룹,2715.0,351,23,2715.0,977,2.799999952316284
2021,58,광양보건대학교,전문대학,사립,전남,C그룹,1308.0,290,6,1308.0,371,3.5
2021,59,광운대학교,대학,사립,서울,B그룹,10899.7001953125,1584,97,10899.7001953125,9900,1.100000023841858
2021,60,광주가톨릭대학교,대학,사립,전남,C그룹,2883.0,179,19,2883.0,109,26.399999618530273
2021,61,광주과학기술원,대학,국립,광주,C그룹,8760.0,585,48,8760.0,2003,4.400000095367432
2021,62,광주교육대학교,대학,국립,광주,C그룹,5612.0,645,50,5612.0,1842,3.0
2021,63,광주대학교,대학,사립,광주,B그룹,15073.5,1246,89,15073.5,7146,2.0999999046325684
2021,64,광주보건대학교,전문대학,사립,광주,B그룹,4089.0,1106,19,4089.0,3673,1.100000023841858
2021,65,광주여자대학교,대학,사립,광주,C그룹,5705.10009765625,1013,71,5705.10009765625,3983,1.399999976158142
2021,66,구미대학교,전문대학,사립,경북,A그룹,1484.0,394,94,1484.0,5163,0.30000001192092896
2021,67,구세군사관대학원대학교,대학원대학,사립,경기,-,200.0,24,3,200.0,30,6.699999809265137
2021,68,국군간호사관학교,기타,기타,대전,-,1728.300048828125,434,9,1728.300048828125,0,0.0
2021,69,국립강릉원주대학교,대학,국립,강원,B그룹,22374.0,1813,121,22374.0,8202,2.700000047683716
2021,70,국립경국대학교,대학,국립,경북,B그룹,12421.0,1442,107,12421.0,6788,1.7999999523162842
2021,71,국립공주대학교,대학,국립,충남,A그룹,27957.30078125,3074,147,27957.30078125,15012,1.899999976158142
2021,72,국립군산대학교,대학,국립,전북,B그룹,11398.0,1461,85,11398.0,7830,1.5
2021,73,국립금오공과대학교,대학,국립,경북,B그룹,11433.0,1709,73,11433.0,5874,1.899999976158142
2021,74,국립목포대학교,대학,국립,전남,B그룹,15918.2998046875,1636,77,15918.2998046875,7406,2.0999999046325684
2021,75,국립목포해양대학교,대학,국립,전남,C그룹,4713.60009765625,556,41,4713.60009765625,2657,1.7999999523162842
2021,76,국립부경대학교,대학,국립,부산,A그룹,22136.0,3696,115,22136.0,18005,1.2000000476837158
2021,77,국립순천대학교,대학,국립,전남,B그룹,11878.900390625,2005,75,11878.900390625,7514,1.600000023841858
2021,78,국립암센터국제암대학원대학교,대학원대학,국립,경기,-,210.0,56,18,210.0,69,3.0
2021,79,국립창원대학교,대학,국립,경남,B그룹,15603.0,2305,129,15603.0,9095,1.7000000476837158
2021,80,국립한국교통대학교,대학,국립,충북,B그룹,15319.0,1919,180,15319.0,8729,1.7999999523162842
2021,81,국립한국해양대학교,대학,국립,부산,B그룹,7565.89990234375,881,61,7565.89990234375,7304,1.0
2021,82,국립한밭대학교,대학,국립,대전,B그룹,9990.900390625,1466,43,9990.900390625,9117,1.100000023841858
2021,83,국민대학교,대학,사립,서울,A그룹,13250.2001953125,2524,125,13250.2001953125,18425,0.699999988079071
2021,84,국방대학교,기타,기타,충남,-,9072.0,190,38,9072.0,0,0.0
2021,85,국제뇌교육종합대학원대학교,대학원대학,사립,충남,-,103.0,31,5,103.0,251,0.4000000059604645
2021,86,국제대학교,전문대학,사립,경기,B그룹,703.0999755859375,212,25,703.0999755859375,3236,0.20000000298023224
2021,87,국제문화대학원대학교,대학원대학,사립,충남,-,0.0,0,0,0.0,0,0.0
2021,88,국제법률경영대학원대학교,대학원대학,사립,경기,-,561.5999755859375,170,0,561.5999755859375,230,2.4000000953674316
2021,89,국제사이버대학교,대학,사립,경기,C그룹,0.0,0,4,0.0,3221,0.0
2021,90,국제언어대학원대학교,대학원대학,사립,서울,-,221.39999389648438,42,9,221.39999389648438,63,3.5
2021,91,국제예술대학교,기타,기타,서울,-,45.0,1,1,45.0,0,0.0
2021,92,군산간호대학교,전문대학,사립,전북,C그룹,1026.199951171875,346,38,1026.199951171875,1156,0.8999999761581421
2021,93,군장대학교,전문대학,사립,전북,C그룹,712.0,154,20,712.0,1880,0.4000000059604645
2021,94,극동대학교,대학,사립,충북,C그룹,2362.89990234375,802,69,2362.89990234375,3314,0.699999988079071
2021,95,글로벌사이버대학교,대학,사립,충남,C그룹,0.0,0,0,0.0,2294,0.0
2021,96,금강대학교,대학,사립,충남,C그룹,8287.7998046875,481,31,8287.7998046875,285,29.100000381469727
2021,97,기독간호대학교,전문대학,사립,광주,C그룹,369.5,137,5,369.5,593,0.6000000238418579
2021,98,김천대학교,대학,사립,경북,C그룹,3509.10009765625,1066,45,3509.10009765625,2920,1.2000000476837158
2021,99,김포대학교,전문대학,사립,경기,C그룹,2302.0,566,17,2302.0,2575,0.8999999761581421
2021,100,김해대학교,전문대학,사립,경남,C그룹,1034.0999755859375,457,2,1034.0999755859375,1428,0.699999988079071
2021,101,나사렛대학교,대학,사립,충남,B그룹,3966.0,599,89,3966.0,5095,0.800000011920929
2021,102,나주대학교,전문대학,사립,전남,C그룹,367.0,120,62,367.0,1535,0.20000000298023224
2021,103,남부대학교,대학,사립,광주,C그룹,2437.300048828125,1007,21,2437.300048828125,3553,0.699999988079071
2021,104,남서울대학교,대학,사립,충남,B그룹,15937.0,1796,85,15937.0,9872,1.600000023841858
2021,105,농협대학교,전문대학,사립,경기,C그룹,445.70001220703125,90,14,445.70001220703125,429,1.0
2021,106,능인대학원대학교,대학원대학,사립,경기,-,399.0,57,5,399.0,58,6.900000095367432
2021,107,단국대학교,대학,사립,경기,A그룹,32493.30078125,4617,205,32493.30078125,26348,1.2000000476837158
2021,108,대경대학교,전문대학,사립,경북,B그룹,1176.0,365,18,1176.0,3858,0.30000001192092896
2021,109,대구가톨릭대학교,대학,사립,경북,A그룹,19671.19921875,2497,168,19671.19921875,13094,1.5
2021,110,대구경북과학기술원,대학,국립,대구,C그룹,11833.0,100,75,11833.0,1520,7.800000190734863
2021,111,대구공업대학교,전문대학,사립,대구,C그룹,1944.0999755859375,272,22,1944.0999755859375,1639,1.2000000476837158
2021,112,대구과학대학교,전문대학,사립,대구,A그룹,6697.0,1218,57,6697.0,4006,1.7000000476837158
2021,113,대구교육대학교,대학,국립,대구,C그룹,8369.2001953125,1206,70,8369.2001953125,2486,3.4000000953674316
2021,114,대구대학교,대학,사립,경북,A그룹,22444.0,3144,211,22444.0,17749,1.2999999523162842
2021,115,대구미래대학교,전문대학,사립,경북,C그룹,0.0,0,0,0.0,0,0.0
2021,116,대구보건대학교,전문대학,사립,대구,A그룹,3918.0,925,29,3918.0,6672,0.6000000238418579
2021,117,대구사이버대학교,대학,사립,경북,C그룹,12.600000381469727,0,0,12.600000381469727,4365,0.0
2021,118,대구예술대학교,대학,사립,경북,C그룹,891.7000122070312,120,36,891.7000122070312,782,1.100000023841858
2021,119,대구외국어대학교,대학,사립,경북,C그룹,0.0,0,0,0.0,0,0.0
2021,120,대구한의대학교,대학,사립,경북,B그룹,7695.0,1107,43,7695.0,6872,1.100000023841858
2021,121,대덕대학교,전문대학,사립,대전,C그룹,1398.0999755859375,374,39,1398.0999755859375,2837,0.5
2021,122,대동대학교,전문대학,사립,부산,C그룹,1045.9000244140625,290,38,1045.9000244140625,1494,0.699999988079071
2021,123,대림대학교,전문대학,사립,경기,A그룹,3976.60009765625,893,276,3976.60009765625,7228,0.6000000238418579
2021,124,대신대학교,대학,사립,경북,C그룹,2183.0,284,10,2183.0,626,3.5
2021,125,대원대학교,전문대학,사립,충북,C그룹,1417.800048828125,540,28,1417.800048828125,2219,0.6000000238418579
2021,126,대전가톨릭대학교,대학,사립,세종,C그룹,1904.0999755859375,143,17,1904.0999755859375,66,28.899999618530273
2021,127,대전과학기술대학교,전문대학,사립,대전,B그룹,12164.0,1465,75,12164.0,4101,3.0
2021,128,대전대학교,대학,사립,대전,B그룹,15210.0,1769,146,15210.0,9367,1.600000023841858
2021,129,대전보건대학교,전문대학,사립,대전,A그룹,3078.0,801,46,3078.0,5175,0.6000000238418579
2021,130,대전신학대학교,대학,사립,대전,C그룹,1991.0,213,8,1991.0,154,12.899999618530273
2021,131,대진대학교,대학,사립,경기,B그룹,13847.5,1260,52,13847.5,7865,1.7999999523162842
2021,132,대한신학대학원대학교,대학원대학,사립,경기,-,204.0,42,2,204.0,178,1.100000023841858
2021,133,덕성여자대학교,대학,사립,서울,B그룹,11122.0,2080,148,11122.0,5900,1.899999976158142
2021,134,동강대학교,전문대학,사립,광주,B그룹,3373.800048828125,662,27,3373.800048828125,2675,1.2999999523162842
2021,135,동국대학교,대학,사립,서울,A그룹,23899.099609375,2787,146,23899.099609375,17534,1.399999976158142
2021,136,동국대학교 WISE캠퍼스,대학,사립,경북,B그룹,12274.0,1334,31,12274.0,7974,1.5
2021,137,동남보건대학교,전문대학,사립,경기,A그룹,5665.0,1044,58,5665.0,4650,1.2000000476837158
2021,138,동덕여자대학교,대학,사립,서울,B그룹,8168.5,1598,199,8168.5,7406,1.100000023841858
2021,139,동명대학교,대학,사립,부산,B그룹,10718.0,1581,61,10718.0,7928,1.399999976158142
2021,140,동방문화대학원대학교,대학원대학,사립,서울,-,269.0,45,9,269.0,328,0.800000011920929
2021,141,동부산대학교,전문대학,사립,부산,C그룹,0.0,0,0,0.0,0,0.0
2021,142,동서대학교,대학,사립,부산,B그룹,15371.0,2327,145,15371.0,10059,1.5
2021,143,동서울대학교,전문대학,사립,경기,A그룹,4501.7998046875,847,50,4501.7998046875,5586,0.800000011920929
2021,144,동신대학교,대학,사립,전남,B그룹,12927.0,1067,62,12927.0,6653,1.899999976158142
2021,145,동아대학교,대학,사립,부산,A그룹,14449.400390625,2799,196,14449.400390625,20340,0.699999988079071
2021,146,동아방송예술대학교,전문대학,사립,경기,B그룹,1185.4000244140625,237,43,1185.4000244140625,3016,0.4000000059604645
2021,147,동아보건대학교,전문대학,사립,전남,C그룹,2013.0,266,0,2013.0,1484,1.399999976158142
2021,148,동양대학교,대학,사립,경북,C그룹,5625.2001953125,342,25,5625.2001953125,4001,1.399999976158142
2021,149,동양미래대학교,전문대학,사립,서울,A그룹,5827.0,1000,59,5827.0,5927,1.0
2021,150,동우대학,전문대학,사립,강원,B그룹,0.0,0,0,0.0,0,0.0
2021,151,동원과학기술대학교,전문대학,사립,경남,B그룹,6133.0,425,101,6133.0,2343,2.5999999046325684
2021,152,동원대학교,전문대학,사립,경기,B그룹,2956.0,583,55,2956.0,3013,1.0
2021,153,동의과학대학교,전문대학,사립,부산,B그룹,2644.5,479,43,2644.5,4333,0.6000000238418579
2021,154,동의대학교,대학,사립,부산,A그룹,14061.400390625,2904,98,14061.400390625,15773,0.8999999761581421
2021,155,두원공과대학교,전문대학,사립,경기,B그룹,3784.10009765625,637,53,3784.10009765625,3173,1.2000000476837158
2021,156,디지털서울문화예술대학교,대학,사립,서울,C그룹,0.0,0,0,0.0,3375,0.0
2021,157,루터대학교,대학,사립,경기,C그룹,744.7000122070312,167,16,744.7000122070312,387,1.899999976158142
2021,158,마산대학교,전문대학,사립,경남,A그룹,4360.0,889,41,4360.0,5422,0.800000011920929
2021,159,명신대학교,대학,사립,전남,C그룹,0.0,0,0,0.0,0,0.0
2021,160,명지대학교,대학,사립,서울,A그룹,36199.0,3804,330,36199.0,16343,2.200000047683716
2021,161,명지전문대학,전문대학,사립,서울,A그룹,5568.0,1037,59,5568.0,6578,0.800000011920929
2021,162,목원대학교,대학,사립,대전,B그룹,9275.099609375,1536,66,9275.099609375,7962,1.2000000476837158
2021,163,목포가톨릭대학교,대학,사립,전남,C그룹,1129.0,257,11,1129.0,499,2.299999952316284
2021,164,목포과학대학교,전문대학,사립,전남,B그룹,2943.0,271,5,2943.0,2310,1.2999999523162842
2021,165,문경대학교,전문대학,사립,경북,C그룹,743.0,192,6,743.0,844,0.8999999761581421
2021,166,배재대학교,대학,사립,대전,B그룹,8935.0,1580,78,8935.0,8644,1.0
2021,167,배화여자대학교,전문대학,사립,서울,B그룹,5680.0,495,71,5680.0,2726,2.0999999046325684
2021,168,백석대학교,대학,사립,충남,A그룹,11899.7998046875,2862,161,11899.7998046875,14227,0.800000011920929
2021,169,백석문화대학교,전문대학,사립,충남,A그룹,7538.2001953125,444,75,7538.2001953125,4865,1.5
2021,170,백석예술대학,전문대학,사립,서울,A그룹,0.0,0,0,0.0,0,0.0
2021,171,백제예술대학교,전문대학,사립,전북,C그룹,1238.0,110,11,1238.0,1071,1.2000000476837158
2021,172,베뢰아국제대학원대학교,대학원대학,사립,서울,-,198.0,16,1,198.0,51,3.9000000953674316
2021,173,벽성대학,전문대학,사립,전북,C그룹,0.0,0,0,0.0,0,0.0
2021,174,부산가톨릭대학교,대학,사립,부산,C그룹,5685.7998046875,1162,51,5685.7998046875,3997,1.399999976158142
2021,175,부산경상대학교,전문대학,사립,부산,B그룹,3541.0,700,47,3541.0,2631,1.2999999523162842
2021,176,부산과학기술대학교,전문대학,사립,부산,B그룹,3117.0,590,45,3117.0,3230,1.0
2021,177,부산교육대학교,대학,국립,부산,C그룹,6105.0,725,114,6105.0,2397,2.5
2021,178,부산대학교,대학,국립,부산,A그룹,35855.69921875,5458,296,35855.69921875,27386,1.2999999523162842
2021,179,부산디지털대학교,대학,사립,부산,C그룹,128.3000030517578,45,16,128.3000030517578,2485,0.10000000149011612
2021,180,부산보건대학교,전문대학,사립,부산,B그룹,2587.89990234375,613,42,2587.89990234375,2748,0.8999999761581421
2021,181,부산여자대학교,전문대학,사립,부산,C그룹,5131.0,481,33,5131.0,2434,2.0999999046325684
2021,182,부산예술대학교,전문대학,사립,부산,C그룹,1067.0,80,8,1067.0,682,1.600000023841858
2021,183,부산외국어대학교,대학,사립,부산,B그룹,14731.5,1829,110,14731.5,7975,1.7999999523162842
2021,184,부산장신대학교,대학,사립,경남,C그룹,1041.0,200,13,1041.0,398,2.5999999046325684
2021,185,부천대학교,전문대학,사립,경기,A그룹,5186.60009765625,932,109,5186.60009765625,7386,0.699999988079071
2021,186,삼육대학교,대학,사립,서울,B그룹,7079.89990234375,1400,97,7079.89990234375,5971,1.2000000476837158
2021,187,삼육보건대학교,전문대학,사립,서울,C그룹,1338.0,260,45,1338.0,1348,1.0
2021,188,상명대학교,대학,사립,서울,A그룹,13721.0,2189,220,13721.0,13390,1.0
2021,189,상지대학교,대학,사립,강원,B그룹,13528.099609375,1793,161,13528.099609375,7110,1.899999976158142
2021,190,상지영서대학교,전문대학,사립,강원,B그룹,0.0,0,0,0.0,0,0.0
2021,191,서강대학교,대학,사립,서울,A그룹,16051.0,2761,95,16051.0,11286,1.399999976158142
2021,192,서경대학교,대학,사립,서울,B그룹,9014.2998046875,1565,241,9014.2998046875,6945,1.2999999523162842
2021,193,서남대학교,대학,사립,전북,C그룹,0.0,0,0,0.0,0,0.0
2021,194,서라벌대학교,전문대학,사립,경북,C그룹,974.4000244140625,316,13,974.4000244140625,608,1.600000023841858
2021,195,서영대학교,전문대학,사립,광주,A그룹,2438.0,712,24,2438.0,5018,0.5
2021,196,서울과학기술대학교,대학,국립,서울,A그룹,14177.0,2028,114,14177.0,11785,1.2000000476837158
2021,197,서울과학종합대학원대학교,대학원대학,사립,서울,-,108.0,35,2,108.0,685,0.20000000298023224
2021,198,서울교육대학교,대학,국립,서울,C그룹,4480.0,757,55,4480.0,2911,1.5
2021,199,서울기독대학교,대학,사립,서울,C그룹,613.5,127,12,613.5,650,0.8999999761581421
2021,200,서울대학교,대학,국립,서울,A그룹,79511.0,9578,491,79511.0,27924,2.799999952316284
2021,201,서울디지털대학교,대학,사립,서울,A그룹,0.0,1,1,0.0,10952,0.0
2021,202,서울미디어대학원대학교,대학원대학,사립,서울,-,379.0,76,4,379.0,261,1.5
2021,203,서울벤처대학원대학교,대학원대학,사립,서울,-,33.0,10,4,33.0,258,0.10000000149011612
2021,204,서울불교대학원대학교,대학원대학,사립,서울,-,218.60000610351562,51,3,218.60000610351562,164,1.2999999523162842
2021,205,서울사이버대학교,대학,사립,서울,A그룹,122.0,4,4,122.0,15777,0.0
2021,206,서울사회복지대학원대학교,대학원대학,사립,서울,-,158.0,24,4,158.0,126,1.2999999523162842
2021,207,서울상담심리대학원대학교,대학원대학,사립,서울,-,380.1000061035156,77,6,380.1000061035156,112,3.4000000953674316
2021,208,서울성경신학대학원대학교,대학원대학,사립,서울,-,252.0,73,3,252.0,93,2.700000047683716
2021,209,서울시립대학교,대학,공립,서울,A그룹,16414.69921875,2395,225,16414.69921875,11879,1.399999976158142
2021,210,서울신학대학교,대학,사립,경기,C그룹,4529.0,748,33,4529.0,3016,1.5
2021,211,서울여자간호대학교,전문대학,사립,서울,C그룹,1195.0,327,20,1195.0,918,1.2999999523162842
2021,212,서울여자대학교,대학,사립,서울,B그룹,10449.0,1570,105,10449.0,7361,1.399999976158142
2021,213,서울예술대학교,전문대학,사립,경기,B그룹,1092.0,242,34,1092.0,3147,0.30000001192092896
2021,214,서울외국어대학원대학교,대학원대학,사립,서울,-,73.0,75,0,73.0,182,0.4000000059604645
2021,215,서울장신대학교,대학,사립,경기,C그룹,1805.0,328,37,1805.0,716,2.5
2021,216,서울한영대학교,대학,사립,서울,C그룹,1550.5,243,21,1550.5,920,1.7000000476837158
2021,217,서원대학교,대학,사립,충북,B그룹,7606.7998046875,1136,25,7606.7998046875,6956,1.100000023841858
2021,218,서일대학교,전문대학,사립,서울,A그룹,2519.0,613,37,2519.0,5678,0.4000000059604645
2021,219,서정대학교,전문대학,사립,경기,A그룹,1157.0,306,12,1157.0,6197,0.20000000298023224
2021,220,서해대학,전문대학,사립,전북,C그룹,0.0,0,0,0.0,0,0.0
2021,221,선교청대학교,대학,사립,충남,C그룹,0.0,0,0,0.0,0,0.0
2021,222,선린대학교,전문대학,사립,경북,C그룹,1140.0,385,12,1140.0,2151,0.5
2021,223,선문대학교,대학,사립,충남,B그룹,12967.0,2105,150,12967.0,9619,1.2999999523162842
2021,224,선학유피대학원대학교,대학원대학,사립,경기,-,1657.0,69,13,1657.0,77,21.5
2021,225,성결대학교,대학,사립,경기,B그룹,8693.7998046875,1175,103,8693.7998046875,5774,1.5
2021,226,성공회대학교,대학,사립,서울,C그룹,4071.5,596,40,4071.5,2390,1.7000000476837158
2021,227,성균관대학교,대학,사립,서울,A그룹,41619.69921875,6493,651,41619.69921875,27431,1.5
2021,228,성산효대학원대학교,대학원대학,사립,인천,-,213.0,20,4,213.0,177,1.2000000476837158
2021,229,성서침례대학원대학교,대학원대학,사립,경기,-,528.0,115,2,528.0,54,9.800000190734863
2021,230,성신여자대학교,대학,사립,서울,A그룹,11734.0,2016,154,11734.0,10066,1.2000000476837158
2021,231,성운대학교,전문대학,사립,경북,C그룹,604.0,160,16,604.0,1491,0.4000000059604645
2021,232,성화대학,전문대학,사립,전남,B그룹,0.0,0,0,0.0,0,0.0
2021,233,세경대학교,전문대학,사립,강원,C그룹,449.0,152,6,449.0,967,0.5
2021,234,세계사이버대학,기타,기타,경기,-,0.0,0,0,0.0,0,0.0
2021,235,세명대학교,대학,사립,충북,B그룹,11963.0,1844,135,11963.0,7567,1.600000023841858
2021,236,세종대학교,대학,사립,서울,A그룹,17313.400390625,3369,242,17313.400390625,14706,1.2000000476837158
2021,237,세한대학교,대학,사립,충남,C그룹,8564.599609375,1387,54,8564.599609375,3921,2.200000047683716
2021,238,송곡대학교,전문대학,사립,강원,C그룹,324.0,60,4,324.0,649,0.5
2021,239,송원대학교,대학,사립,광주,C그룹,3488.0,650,23,3488.0,3142,1.100000023841858
2021,240,송호대학교,전문대학,사립,강원,C그룹,736.0,156,11,736.0,945,0.800000011920929
2021,241,수도국제대학원대학교,대학원대학,사립,서울,-,246.0,12,8,246.0,358,0.699999988079071
2021,242,수성대학교,전문대학,사립,대구,B그룹,4295.39990234375,978,81,4295.39990234375,3326,1.2999999523162842
2021,243,수원가톨릭대학교,대학,사립,경기,C그룹,3033.10009765625,175,20,3033.10009765625,184,16.5
2021,244,수원과학대학교,전문대학,사립,경기,B그룹,4791.0,834,74,4791.0,4621,1.0
2021,245,수원대학교,대학,사립,경기,B그룹,18747.0,2500,53,18747.0,9581,2.0
2021,246,수원여자대학교,전문대학,사립,경기,B그룹,2263.5,473,38,2263.5,3996,0.6000000238418579
2021,247,숙명여자대학교,대학,사립,서울,A그룹,16496.5,2808,149,16496.5,12596,1.2999999523162842
2021,248,순복음대학원대학교,대학원대학,사립,서울,-,135.0,24,2,135.0,118,1.100000023841858
2021,249,순복음총회신학교,대학,사립,충북,C그룹,352.0,72,0,352.0,171,2.0999999046325684
2021,250,순천제일대학교,전문대학,사립,전남,B그룹,4501.0,510,17,4501.0,2534,1.7999999523162842
2021,251,순천향대학교,대학,사립,충남,A그룹,12801.7001953125,1718,110,12801.7001953125,11665,1.100000023841858
2021,252,숭실대학교,대학,사립,서울,A그룹,11575.0,2719,72,11575.0,16346,0.699999988079071
2021,253,숭실사이버대학교,대학,사립,서울,B그룹,0.0,0,0,0.0,6988,0.0
2021,254,숭의여자대학교,전문대학,사립,서울,B그룹,1132.300048828125,313,31,1132.300048828125,3273,0.30000001192092896
2021,255,신경주대학교,대학,사립,경북,C그룹,3430.0,569,26,3430.0,833,4.099999904632568
2021,256,신구대학교,전문대학,사립,경기,A그룹,5567.0,1595,68,5567.0,6488,0.8999999761581421
2021,257,신라대학교,대학,사립,부산,B그룹,10720.400390625,2091,192,10720.400390625,9058,1.2000000476837158
2021,258,신성대학교,전문대학,사립,충남,B그룹,3762.0,1136,52,3762.0,3243,1.2000000476837158
2021,259,신안산대학교,전문대학,사립,경기,B그룹,2518.699951171875,476,62,2518.699951171875,3043,0.800000011920929
2021,260,신한대학교,대학,사립,경기,B그룹,8062.89990234375,1618,91,8062.89990234375,6758,1.2000000476837158
2021,261,신흥대학교,전문대학,사립,경기,A그룹,0.0,0,0,0.0,0,0.0
2021,262,실천신학대학원대학교,대학원대학,사립,경기,-,117.0,16,1,117.0,44,2.700000047683716
2021,263,아신대학교,대학,사립,경기,C그룹,2061.0,443,17,2061.0,1157,1.7999999523162842
2021,264,아주대학교,대학,사립,경기,A그룹,16372.599609375,2758,74,16372.599609375,13640,1.2000000476837158
2021,265,아주자동차대학교,전문대학,사립,충남,C그룹,558.0,153,6,558.0,858,0.699999988079071
2021,266,안동과학대학교,전문대학,사립,경북,B그룹,5885.7001953125,663,56,5885.7001953125,2369,2.5
2021,267,안산대학교,전문대학,사립,경기,A그룹,4870.60009765625,798,71,4870.60009765625,4213,1.2000000476837158
2021,268,안양대학교,대학,사립,경기,B그룹,5334.89990234375,1277,66,5334.89990234375,5008,1.100000023841858
2021,269,에스라성경대학원대학교,대학원대학,사립,경기,-,135.0,100,0,135.0,68,2.0
2021,270,여주대학교,전문대학,사립,경기,B그룹,6494.10009765625,935,40,6494.10009765625,4526,1.399999976158142
2021,271,연성대학교,전문대학,사립,경기,A그룹,3047.0,494,73,3047.0,5813,0.5
2021,272,연세대학교,대학,사립,서울,A그룹,68830.1015625,7233,761,68830.1015625,30796,2.200000047683716
2021,273,연세대학교(미래),대학,사립,강원,B그룹,10355.2998046875,1907,253,10355.2998046875,8105,1.2999999523162842
2021,274,연암공과대학교,전문대학,사립,경남,C그룹,1533.0,322,8,1533.0,1198,1.2999999523162842
2021,275,연암대학교,전문대학,사립,충남,C그룹,1828.0,235,22,1828.0,1038,1.7999999523162842
2021,276,영남대학교,대학,사립,경북,A그룹,35460.1015625,3890,247,35460.1015625,23067,1.5
2021,277,영남사이버대학교,대학,사립,경북,C그룹,0.0,0,0,0.0,0,0.0
2021,278,영남신학대학교,대학,사립,경북,C그룹,3914.0,502,36,3914.0,762,5.099999904632568
2021,279,영남외국어대학,전문대학,사립,경북,C그룹,906.0,147,12,906.0,449,2.0
2021,280,영남이공대학교,전문대학,사립,대구,A그룹,3904.199951171875,614,66,3904.199951171875,5135,0.800000011920929
2021,281,영산대학교,대학,사립,경남,B그룹,7549.7998046875,1081,151,7549.7998046875,6354,1.2000000476837158
2021,282,영산선학대학교,대학,사립,전남,C그룹,416.0,18,1,416.0,34,12.199999809265137
2021,283,영진전문대학교,전문대학,사립,대구,A그룹,4713.0,798,107,4713.0,7167,0.699999988079071
2021,284,예명대학원대학교,대학원대학,사립,서울,-,309.0,50,4,309.0,194,1.600000023841858
2021,285,예수대학교,대학,사립,전북,C그룹,1076.0,245,16,1076.0,551,2.0
2021,286,예원예술대학교,대학,사립,전북,C그룹,946.0,200,12,946.0,1920,0.5
2021,287,오산대학교,전문대학,사립,경기,A그룹,2685.0,579,80,2685.0,4706,0.6000000238418579
2021,288,온석대학원대학교,대학원대학,사립,경기,-,199.0,24,3,199.0,167,1.2000000476837158
2021,289,용인대학교,대학,사립,경기,B그룹,7677.7001953125,885,161,7677.7001953125,6227,1.2000000476837158
2021,290,용인예술과학대학교,전문대학,사립,경기,B그룹,2513.89990234375,719,23,2513.89990234375,3267,0.800000011920929
2021,291,우석대학교,대학,사립,전북,B그룹,16996.400390625,1807,99,16996.400390625,8255,2.0999999046325684
2021,292,우송공업대학,전문대학,사립,대전,B그룹,0.0,0,0,0.0,0,0.0
2021,293,우송대학교,대학,사립,대전,A그룹,20454.0,1037,97,20454.0,10074,2.0
2021,294,우송정보대학,전문대학,사립,대전,B그룹,1453.0,284,100,1453.0,3833,0.4000000059604645
2021,295,울산과학기술원,대학,국립,울산,C그룹,10657.0,1064,109,10657.0,4041,2.5999999046325684
2021,296,울산과학대학교,전문대학,사립,울산,A그룹,4940.7998046875,1351,58,4940.7998046875,5500,0.8999999761581421
2021,297,울산대학교,대학,사립,울산,A그룹,22111.69921875,3316,130,22111.69921875,13888,1.600000023841858
2021,298,웅지세무대학교,전문대학,사립,경기,C그룹,2818.0,654,0,2818.0,840,3.4000000953674316
2021,299,원광대학교,대학,사립,전북,A그룹,21480.30078125,3427,150,21480.30078125,16132,1.2999999523162842
2021,300,원광보건대학교,전문대학,사립,전북,B그룹,2016.0,457,3,2016.0,4479,0.5
2021,301,원불교대학원대학교,대학원대학,사립,전북,-,379.0,42,2,379.0,42,9.0
2021,302,웨스트민스터신학대학원대학교,대학원대학,사립,경기,-,1303.0,102,18,1303.0,425,3.0999999046325684
2021,303,위덕대학교,대학,사립,경북,C그룹,5933.0,908,30,5933.0,3017,2.0
2021,304,유원대학교,대학,사립,충북,C그룹,3178.60009765625,732,52,3178.60009765625,3362,0.8999999761581421
2021,305,유한대학교,전문대학,사립,경기,A그룹,3751.5,634,62,3751.5,4535,0.800000011920929
2021,306,육군사관학교,기타,기타,서울,-,6600.0,583,19,6600.0,0,0.0
2021,307,을지대학교,대학,사립,대전,B그룹,7633.2001953125,1821,112,7633.2001953125,4789,1.600000023841858
2021,308,이화여자대학교,대학,사립,서울,A그룹,22120.0,3765,370,22120.0,21515,1.0
2021,309,인덕대학교,전문대학,사립,서울,A그룹,4164.0,881,24,4164.0,5955,0.699999988079071
2021,310,인제대학교,대학,사립,경남,B그룹,13896.2001953125,2261,149,13896.2001953125,9707,1.399999976158142
2021,311,인제대학원대학교,대학원대학,사립,서울,-,0.0,0,0,0.0,0,0.0
2021,312,인천가톨릭대학교,대학,사립,인천,C그룹,3599.199951171875,363,20,3599.199951171875,815,4.400000095367432
2021,313,인천대학교,대학,국립,인천,A그룹,14219.0,1845,181,14219.0,12886,1.100000023841858
2021,314,인천전문대학,전문대학,공립,인천,A그룹,0.0,0,0,0.0,0,0.0
2021,315,인하공업전문대학,전문대학,사립,인천,A그룹,2424.0,499,80,2424.0,6703,0.4000000059604645
2021,316,인하대학교,대학,사립,인천,A그룹,26072.099609375,3755,289,26072.099609375,20639,1.2999999523162842
2021,317,장로회신학대학교,대학,사립,서울,C그룹,5084.0,433,31,5084.0,2124,2.4000000953674316
2021,318,장안대학교,전문대학,사립,경기,B그룹,5573.0,1197,18,5573.0,4101,1.399999976158142
2021,319,재능대학교,전문대학,사립,인천,B그룹,3100.39990234375,305,15,3100.39990234375,3674,0.800000011920929
2021,320,전남과학대학교,전문대학,사립,전남,B그룹,2683.60009765625,828,62,2683.60009765625,3662,0.699999988079071
2021,321,전남대학교,대학,국립,광주,A그룹,30744.0,4929,151,30744.0,23752,1.2999999523162842
2021,322,전남도립대학교,전문대학,공립,전남,C그룹,2709.0,465,40,2709.0,1207,2.200000047683716
2021,323,전북과학대학교,전문대학,사립,전북,C그룹,1033.0,180,15,1033.0,1738,0.6000000238418579
2021,324,전북대학교,대학,국립,전북,A그룹,40489.0,4049,403,40489.0,21919,1.7999999523162842
2021,325,전주교육대학교,대학,국립,전북,C그룹,4731.0,673,27,4731.0,1344,3.5
2021,326,전주기전대학,전문대학,사립,전북,C그룹,702.0,187,3,702.0,1590,0.4000000059604645
2021,327,전주대학교,대학,사립,전북,A그룹,10997.0,1717,158,10997.0,12444,0.8999999761581421
2021,328,전주비전대학교,전문대학,사립,전북,B그룹,2032.300048828125,337,28,2032.300048828125,3611,0.6000000238418579
2021,329,제네바신학대학원대학교,대학원대학,사립,경기,-,330.0,60,2,330.0,7,47.099998474121094
2021,330,제주관광대학교,전문대학,사립,제주,C그룹,1274.0,352,12,1274.0,1911,0.699999988079071
2021,331,제주국제대학교,대학,사립,제주,C그룹,2031.0,465,15,2031.0,882,2.299999952316284
2021,332,제주대학교,대학,국립,제주,A그룹,17997.0,2505,152,17997.0,11544,1.600000023841858
2021,333,제주한라대학교,전문대학,사립,제주,A그룹,1881.0,890,40,1881.0,5664,0.30000001192092896
2021,334,조선간호대학교,전문대학,사립,광주,C그룹,688.7000122070312,307,14,688.7000122070312,743,0.8999999761581421
2021,335,조선대학교,대학,사립,광주,A그룹,23371.5,5369,205,23371.5,20247,1.2000000476837158
2021,336,조선이공대학교,전문대학,사립,광주,B그룹,2043.300048828125,504,23,2043.300048828125,3071,0.699999988079071
2021,337,주안대학원대학교,대학원대학,사립,인천,-,423.29998779296875,64,4,423.29998779296875,92,4.599999904632568
2021,338,중부대학교,대학,사립,충남,B그룹,11931.0,1656,99,11931.0,9508,1.2999999523162842
2021,339,중앙대학교,대학,사립,서울,A그룹,33173.80078125,5412,249,33173.80078125,29731,1.100000023841858
2021,340,중앙승가대학교,대학,사립,경기,C그룹,4487.0,349,57,4487.0,191,23.5
2021,341,중원대학교,대학,사립,충북,C그룹,2860.199951171875,495,17,2860.199951171875,4157,0.699999988079071
2021,342,진주교육대학교,대학,국립,경남,C그룹,7350.2001953125,1013,38,7350.2001953125,1686,4.400000095367432
2021,343,진주보건대학교,전문대학,사립,경남,B그룹,3482.0,919,91,3482.0,2701,1.2999999523162842
2021,344,차의과학대학교,대학,사립,경기,C그룹,2978.39990234375,760,43,2978.39990234375,3308,0.8999999761581421
2021,345,창신대학교,대학,사립,경남,C그룹,4151.10009765625,819,82,4151.10009765625,2048,2.0
2021,346,창원문성대학교,전문대학,사립,경남,C그룹,3279.60009765625,702,54,3279.60009765625,2006,1.600000023841858
2021,347,청강문화산업대학교,전문대학,사립,경기,B그룹,2883.0,437,23,2883.0,3424,0.800000011920929
2021,348,청암대학교,전문대학,사립,전남,B그룹,2371.0,250,8,2371.0,2441,1.0
2021,349,청운대학교,대학,사립,충남,B그룹,12269.5,1197,92,12269.5,6103,2.0
2021,350,청주교육대학교,대학,국립,충북,C그룹,5097.0,992,95,5097.0,1564,3.299999952316284
2021,351,청주대학교,대학,사립,충북,A그룹,16814.5,2362,185,16814.5,11490,1.5
2021,352,초당대학교,대학,사립,전남,C그룹,8654.0,820,66,8654.0,3445,2.5
2021,353,총신대학교,대학,사립,서울,C그룹,8863.7998046875,1810,70,8863.7998046875,3681,2.4000000953674316
2021,354,추계예술대학교,대학,사립,서울,C그룹,969.0,146,14,969.0,1314,0.699999988079071
2021,355,춘천교육대학교,대학,국립,강원,C그룹,5068.0,487,79,5068.0,1674,3.0
2021,356,춘해보건대학교,전문대학,사립,울산,B그룹,2377.0,660,34,2377.0,2713,0.8999999761581421
2021,357,충남대학교,대학,국립,대전,A그룹,37760.8984375,5447,195,37760.8984375,22412,1.7000000476837158
2021,358,충남도립대학교,전문대학,공립,충남,C그룹,2886.0,542,33,2886.0,1025,2.799999952316284
2021,359,충북대학교,대학,국립,충북,A그룹,28131.30078125,3030,227,28131.30078125,16386,1.7000000476837158
2021,360,충북도립대학교,전문대학,공립,충북,C그룹,742.5,167,3,742.5,724,1.0
2021,361,충북보건과학대학교,전문대학,사립,충북,B그룹,1660.0,395,10,1660.0,2557,0.6000000238418579
2021,362,충청대학교,전문대학,사립,충북,B그룹,4189.7001953125,574,55,4189.7001953125,3484,1.2000000476837158
2021,363,치유상담대학원대학교,대학원대학,사립,서울,-,210.0,40,3,210.0,143,1.5
2021,364,칼빈대학교,대학,사립,경기,C그룹,830.0,198,9,830.0,984,0.800000011920929
2021,365,탐라대학교,대학,사립,제주,C그룹,0.0,0,0,0.0,0,0.0
2021,366,평택대학교,대학,사립,경기,C그룹,4571.0,600,84,4571.0,4189,1.100000023841858
2021,367,포항공과대학교,대학,사립,경북,C그룹,17019.0,1214,15,17019.0,3298,5.199999809265137
2021,368,포항대학교,전문대학,사립,경북,C그룹,2585.0,537,5,2585.0,1641,1.600000023841858
2021,369,한경국립대학교,대학,국립,경기,B그룹,11070.7001953125,1343,79,11070.7001953125,6197,1.7999999523162842
2021,370,한국개발연구원국제정책대학원대학교,대학원대학,사립,세종,-,6065.2998046875,329,93,6065.2998046875,745,8.100000381469727
2021,371,한국골프과학기술대학교,전문대학,사립,강원,C그룹,606.0,105,9,606.0,423,1.399999976158142
2021,372,한국공학대학교,대학,사립,경기,B그룹,3908.0,1141,34,3908.0,7415,0.5
2021,373,한국과학기술원,대학,국립,대전,A그룹,28245.900390625,2838,102,28245.900390625,10824,2.5999999046325684
2021,374,한국관광대학교,전문대학,사립,경기,C그룹,1806.0,459,38,1806.0,1653,1.100000023841858
2021,375,한국교원대학교,대학,국립,충북,B그룹,15173.5,1403,176,15173.5,5695,2.700000047683716
2021,376,한국국제대학교,대학,사립,경남,C그룹,3653.0,1145,43,3653.0,1196,3.0999999046325684
2021,377,한국기술교육대학교,대학,사립,충남,C그룹,9207.2998046875,1968,41,9207.2998046875,4609,2.0
2021,378,한국농수산대학교,전문대학,국립,전북,C그룹,1195.0,115,3,1195.0,1636,0.699999988079071
2021,379,한국방송통신대학교,대학,국립,서울,A그룹,17902.0,5257,399,17902.0,107154,0.20000000298023224
2021,380,한국복지사이버대학교,전문대학,사립,경북,B그룹,15.5,2,1,15.5,2592,0.0
2021,381,한국상담대학원대학교,대학원대학,사립,서울,-,384.0,86,18,384.0,167,2.299999952316284
2021,382,한국성서대학교,대학,사립,서울,C그룹,2921.0,277,31,2921.0,1248,2.299999952316284
2021,383,한국승강기대학교,전문대학,사립,경남,C그룹,893.2999877929688,178,6,893.2999877929688,587,1.5
2021,384,한국에너지공과대학교,대학,국립,전남,C그룹,0.0,0,0,0.0,0,0.0
2021,385,한국열린사이버대학교,대학,사립,서울,B그룹,0.0,0,0,0.0,6026,0.0
2021,386,한국영상대학교,전문대학,사립,세종,B그룹,1437.0,268,64,1437.0,3071,0.5
2021,387,한국예술종합학교,대학,국립,서울,C그룹,5767.0,458,52,5767.0,2647,2.200000047683716
2021,388,한국외국어대학교,대학,사립,서울,A그룹,24017.5,4344,195,24017.5,20003,1.2000000476837158
2021,389,한국전력국제원자력대학원대학교,대학원대학,사립,울산,-,150.0,62,6,150.0,90,1.7000000476837158
2021,390,한국전통문화대학교,대학,국립,충남,C그룹,4182.0,334,26,4182.0,819,5.099999904632568
2021,391,한국정보통신대학교,대학,사립,대전,C그룹,0.0,0,0,0.0,0,0.0
2021,392,한국철도대학,전문대학,국립,경기,C그룹,0.0,0,0,0.0,0,0.0
2021,393,한국체육대학교,대학,국립,서울,C그룹,2192.199951171875,314,15,2192.199951171875,3045,0.699999988079071
2021,394,한국침례신학대학교,대학,사립,대전,C그룹,3567.5,588,17,3567.5,1738,2.0999999046325684
2021,395,한국폴리텍Ⅰ대학서울강서캠퍼스,전문대학,사립,서울,C그룹,197.0,48,3,197.0,501,0.4000000059604645
2021,396,한국폴리텍Ⅰ대학서울정수캠퍼스,전문대학,사립,서울,C그룹,702.2000122070312,114,6,702.2000122070312,1395,0.5
2021,397,한국폴리텍Ⅰ대학성남캠퍼스,전문대학,사립,경기,C그룹,328.0,60,0,328.0,741,0.4000000059604645
2021,398,한국폴리텍Ⅰ대학제주캠퍼스,전문대학,사립,제주,C그룹,37.0,0,0,37.0,48,0.800000011920929
2021,399,한국폴리텍Ⅱ대학남인천캠퍼스,전문대학,사립,인천,C그룹,54.0,10,0,54.0,42,1.2999999523162842
2021,400,한국폴리텍Ⅱ대학인천캠퍼스,전문대학,사립,인천,C그룹,495.0,90,1,495.0,1915,0.30000001192092896
2021,401,한국폴리텍Ⅱ대학화성캠퍼스,전문대학,사립,경기,C그룹,0.0,0,0,0.0,9,0.0
2021,402,한국폴리텍Ⅲ대학강릉캠퍼스,전문대학,사립,강원,C그룹,234.0,37,1,234.0,132,1.7999999523162842
2021,403,한국폴리텍Ⅲ대학원주캠퍼스,전문대학,사립,강원,C그룹,466.0,65,4,466.0,97,4.800000190734863
2021,404,한국폴리텍Ⅲ대학춘천캠퍼스,전문대학,사립,강원,C그룹,37.79999923706055,36,2,37.79999923706055,258,0.10000000149011612
2021,405,한국폴리텍Ⅳ대학대전캠퍼스,전문대학,사립,대전,C그룹,264.0,80,0,264.0,767,0.30000001192092896
2021,406,한국폴리텍Ⅳ대학아산캠퍼스,전문대학,사립,충남,C그룹,403.0,182,1,403.0,493,0.800000011920929
2021,407,한국폴리텍Ⅳ대학청주캠퍼스,전문대학,사립,충북,C그룹,173.0,23,2,173.0,730,0.20000000298023224
2021,408,한국폴리텍Ⅳ대학충남캠퍼스,전문대학,사립,충남,C그룹,545.0,60,2,545.0,187,2.9000000953674316
2021,409,한국폴리텍Ⅴ대학광주캠퍼스,전문대학,사립,광주,C그룹,7101.0,180,5,7101.0,832,8.5
2021,410,한국폴리텍Ⅴ대학순천캠퍼스,전문대학,사립,전남,C그룹,192.60000610351562,52,1,192.60000610351562,21,9.199999809265137
2021,411,한국폴리텍Ⅴ대학익산캠퍼스,전문대학,사립,전북,C그룹,40.599998474121094,14,2,40.599998474121094,118,0.30000001192092896
2021,412,한국폴리텍Ⅴ대학전남캠퍼스,전문대학,사립,전남,C그룹,1582.199951171875,59,0,1582.199951171875,200,7.900000095367432
2021,413,한국폴리텍Ⅴ대학전북캠퍼스,전문대학,사립,전북,C그룹,325.0,23,0,325.0,417,0.800000011920929
2021,414,한국폴리텍Ⅵ대학구미캠퍼스,전문대학,사립,경북,C그룹,215.0,30,5,215.0,489,0.4000000059604645
2021,415,한국폴리텍Ⅵ대학대구캠퍼스,전문대학,사립,대구,C그룹,239.0,50,4,239.0,540,0.4000000059604645
2021,416,한국폴리텍Ⅵ대학영남융합기술캠퍼스,전문대학,사립,대구,C그룹,518.0,102,0,518.0,172,3.0
2021,417,한국폴리텍Ⅵ대학영주캠퍼스,전문대학,사립,경북,C그룹,469.79998779296875,68,0,469.79998779296875,41,11.5
2021,418,한국폴리텍Ⅶ대학동부산캠퍼스,전문대학,사립,부산,C그룹,0.0,0,0,0.0,0,0.0
2021,419,한국폴리텍Ⅶ대학부산캠퍼스,전문대학,사립,부산,C그룹,305.0,126,2,305.0,840,0.4000000059604645
2021,420,한국폴리텍Ⅶ대학울산캠퍼스,전문대학,사립,울산,C그룹,683.0,142,2,683.0,696,1.0
2021,421,한국폴리텍Ⅶ대학진주캠퍼스,전문대학,사립,경남,C그룹,0.0,0,0,0.0,0,0.0
2021,422,한국폴리텍Ⅶ대학창원캠퍼스,전문대학,사립,경남,C그룹,1579.0,240,6,1579.0,1379,1.100000023841858
2021,423,한국폴리텍특성화 로봇캠퍼스,전문대학,사립,경북,C그룹,0.0,0,0,0.0,0,0.0
2021,424,한국폴리텍특성화 바이오캠퍼스,전문대학,사립,충남,C그룹,536.0,87,1,536.0,404,1.2999999523162842
2021,425,한국폴리텍특성화 반도체융합캠퍼스,전문대학,사립,경기,C그룹,4061.0,16,0,4061.0,583,7.0
2021,426,한국폴리텍특성화 항공캠퍼스,전문대학,사립,경남,C그룹,375.0,110,1,375.0,454,0.800000011920929
2021,427,한국학대학원,대학원대학,국립,경기,-,8132.0,72,14,8132.0,262,31.0
2021,428,한국항공대학교,대학,사립,경기,C그룹,5696.2998046875,1194,41,5696.2998046875,4405,1.2999999523162842
2021,429,한남대학교,대학,사립,대전,A그룹,10465.0,2321,246,10465.0,11959,0.8999999761581421
2021,430,한동대학교,대학,사립,경북,C그룹,5267.5,1312,33,5267.5,4352,1.2000000476837158
2021,431,한라대학교,대학,사립,강원,C그룹,3661.0,777,76,3661.0,3448,1.100000023841858
2021,432,한려대학교,대학,사립,전남,C그룹,1188.0,45,2,1188.0,406,2.9000000953674316
2021,433,한림국제대학원대학교,대학원대학,사립,서울,-,135.5,16,5,135.5,245,0.6000000238418579
2021,434,한림대학교,대학,사립,강원,B그룹,17524.5,1824,140,17524.5,8500,2.0999999046325684
2021,435,한림성심대학교,전문대학,사립,강원,B그룹,3217.0,136,16,3217.0,2780,1.2000000476837158
2021,436,한민학교,대학,사립,충남,C그룹,0.0,0,0,0.0,0,0.0
2021,437,한반도국제대학원대학교,대학원대학,사립,서울,-,1281.0,14,1,1281.0,73,17.5
2021,438,한북대학교,대학,사립,경기,C그룹,0.0,0,0,0.0,0,0.0
2021,439,한서대학교,대학,사립,충남,B그룹,8796.7998046875,1524,63,8796.7998046875,7300,1.2000000476837158
2021,440,한성대학교,대학,사립,서울,B그룹,11992.2001953125,1175,60,11992.2001953125,7478,1.600000023841858
2021,441,한세대학교,대학,사립,경기,C그룹,4123.0,621,73,4123.0,3255,1.2999999523162842
2021,442,한신대학교,대학,사립,경기,B그룹,9452.2001953125,1347,77,9452.2001953125,5776,1.600000023841858
2021,443,한양대학교,대학,사립,서울,A그룹,26082.0,3717,284,26082.0,23581,1.100000023841858
2021,444,한양대학교(ERICA),대학,사립,경기,A그룹,12687.2001953125,1853,80,12687.2001953125,11052,1.100000023841858
2021,445,한양여자대학교,전문대학,사립,서울,A그룹,6108.10009765625,718,68,6108.10009765625,6627,0.8999999761581421
2021,446,한영대학교,전문대학,사립,전남,C그룹,539.0,130,7,539.0,1392,0.4000000059604645
2021,447,한일장신대학교,대학,사립,전북,C그룹,2475.0,285,21,2475.0,1115,2.200000047683716
2021,448,한중대학교,대학,사립,강원,C그룹,0.0,0,0,0.0,0,0.0
2021,449,합동신학대학원대학교,대학원대학,사립,경기,-,2007.5999755859375,258,27,2007.5999755859375,295,6.800000190734863
2021,450,해군사관학교,기타,기타,경남,-,5497.0,372,23,5497.0,0,0.0
2021,451,협성대학교,대학,사립,경기,C그룹,4327.0,806,96,4327.0,4550,1.0
2021,452,혜전대학교,전문대학,사립,충남,B그룹,2333.0,489,25,2333.0,2451,1.0
2021,453,호남대학교,대학,사립,광주,B그룹,10668.400390625,1602,73,10668.400390625,7786,1.399999976158142
2021,454,호남신학대학교,대학,사립,광주,C그룹,3276.0,700,18,3276.0,851,3.799999952316284
2021,455,호산대학교,전문대학,사립,경북,C그룹,1245.0,385,13,1245.0,1890,0.699999988079071
2021,456,호서대학교,대학,사립,충남,A그룹,19186.900390625,3109,338,19186.900390625,13661,1.399999976158142
2021,457,호원대학교,대학,사립,전북,B그룹,6868.39990234375,1069,51,6868.39990234375,5273,1.2999999523162842
2021,458,홍익대학교,대학,사립,서울,A그룹,29191.400390625,4715,173,29191.400390625,21631,1.2999999523162842
2021,459,화성의과학대학교,대학,사립,경기,C그룹,729.0,69,2,729.0,467,1.600000023841858
2021,460,화신사이버대학교,대학,사립,부산,C그룹,0.0,0,0,0.0,1583,0.0
2021,461,횃불트리니티신학대학원대학교,대학원대학,사립,서울,-,647.0,238,23,647.0,406,1.600000023841858
