연도,번호,학교명,학교유형,설립,지역,대학규모,봉사대상자수 및 이용자수-재학생수(당해년도),봉사대상자수-학부생,대학원생,전임교원,비전임교원,직원,기타,계,학과수,이용자수-도서관 이용자수,대출현황-대출자수-학부생,대학원생,교원,직원,기타,계,대출책수-학부생,대학원생,교원,직원,기타,계,참고서비스 및 상호협력-참고서비스 신청 및 제공 건수 (2010년 이전)-신청,제공,참고서비스 제공 건수 (2010년 이후)-면담,전화,온라인,상호대차 신청 및 제공 건수-신청,제공,원문복사 신청 및 제공 건수-신청,제공,이용자 교육-교육횟수,교육 참가자수,재학생 1인당 대출책수-대출책수,재학생수(당해년도),재학생 1인당 대출책수,재학생 1인당 도서관방문자수-방문자수,재학생수(당해년도),재학생 1인당 도서관방문자수
2015,1,ICT폴리텍대학,전문대학,사립,경기,C그룹,302,302,0,18,13,28,0,361,5,25,12,0,0,1,0,13,23,0,0,2,0,25,0,0,0,0,0,0,0,0,0,0,0,23,302,0.10000000149011612,25,302,0.10000000149011612
2015,2,가야대학교,대학,사립,경남,C그룹,2814,2638,176,98,117,63,2,3094,16,112247,816,7,36,42,2,903,7384,66,966,1248,16,9680,0,0,353,50,25,23,2,25,0,3,277,7450,2814,2.5999999046325684,112247,2814,39.900001525878906
2015,3,가천대학교,대학,사립,경기,A그룹,21018,18995,2023,845,1279,274,2318,25734,62,883443,10530,403,225,162,233,11553,76626,4104,3675,2170,1672,88247,0,0,9001,7080,4010,73,263,226,150,47,1105,80730,21018,3.799999952316284,883443,21018,42.0
2015,4,가톨릭관동대학교,대학,사립,강원,B그룹,9686,9192,494,451,296,255,31,10719,62,487706,10723,232,469,451,31,11906,19580,560,1516,1099,375,23130,0,0,2901,1167,7,9,83,27,86,24,4290,20140,9686,2.0999999046325684,487706,9686,50.400001525878906
2015,5,가톨릭꽃동네대학교,대학,사립,충북,C그룹,579,502,77,22,38,45,0,684,2,48040,415,36,22,19,0,492,4779,470,413,386,0,6048,0,0,17,12,3,0,0,2,1,1,120,5249,579,9.100000381469727,48040,579,83.0
2015,6,가톨릭대학교,대학,사립,경기,A그룹,10899,8016,2883,1146,780,474,1830,15129,47,1494677,7174,954,1872,300,1173,11473,112415,24374,24539,7563,14331,183222,0,0,3595,3351,1751,224,1461,2381,2544,125,4321,136789,10899,12.600000381469727,1494677,10899,137.10000610351562
2015,7,가톨릭상지대학교,전문대학,사립,경북,C그룹,2055,2055,0,61,150,60,78,2404,37,120216,1074,0,30,45,16,1165,6550,0,240,554,130,7474,0,0,28,8,2,0,0,4,0,17,756,6550,2055,3.200000047683716,120216,2055,58.5
2015,8,감리교신학대학교,대학,사립,서울,C그룹,1550,858,692,28,97,36,304,2015,7,1678,821,621,91,19,109,1661,14537,21328,3219,310,2441,41835,0,0,55,75,32,0,0,12,52,1,70,35865,1550,23.100000381469727,1678,1550,1.100000023841858
2015,9,강남대학교,대학,사립,경기,B그룹,7719,7279,440,233,356,114,139,8561,38,261385,3783,116,82,135,6,4122,22724,1011,1091,1906,3200,29932,0,0,10,36,9,26,57,90,46,2,6707,23735,7719,3.0999999046325684,261385,7719,33.900001525878906
2015,10,강동대학교,전문대학,사립,충북,B그룹,4198,4198,0,120,283,43,0,4644,50,53062,302,0,20,8,0,330,1496,0,544,227,367,2634,0,0,500,30,0,0,0,0,0,1,264,1496,4198,0.4000000059604645,53062,4198,12.600000381469727
2015,11,강릉영동대학교,전문대학,사립,강원,B그룹,3072,3072,0,91,144,55,34,3396,42,0,862,0,43,57,27,989,4086,0,471,561,170,5288,0,0,0,0,0,3,0,8,0,0,0,4086,3072,1.2999999523162842,0,3072,0.0
2015,12,강서대학교,대학,사립,서울,C그룹,1631,1455,176,51,178,39,301,2200,20,11266,617,89,61,39,42,848,3612,1743,927,556,822,7660,0,0,735,206,4,13,10,18,10,2,2336,5355,1631,3.299999952316284,11266,1631,6.900000095367432
2015,13,강원관광대학교,전문대학,사립,강원,C그룹,1367,1367,0,36,89,26,33,1551,29,53528,197,0,12,11,3,223,1383,0,67,86,13,1549,0,0,7410,1140,108,0,0,0,0,14,390,1383,1367,1.0,53528,1367,39.20000076293945
2015,14,강원대학교,대학,국립,강원,A그룹,24868,22029,2839,998,1372,610,1213,29061,134,831956,12302,1366,577,421,407,15073,92225,14799,8600,4652,4378,124654,0,0,2467,5234,2320,258,228,1586,11039,46,6735,107024,24868,4.300000190734863,831956,24868,33.5
2015,15,강원도립대학교,전문대학,공립,강원,C그룹,900,900,0,31,108,50,12,1101,15,25000,357,0,15,14,7,393,2108,0,91,255,55,2509,0,0,150,48,0,0,0,12,12,0,655,2108,900,2.299999952316284,25000,900,27.799999237060547
2015,16,개신대학원대학교,대학원대학,사립,서울,-,108,0,108,4,21,8,30,171,7,7300,0,67,9,2,3,81,0,1319,199,5,12,1535,0,0,730,52,140,0,0,0,0,2,30,1319,108,12.199999809265137,7300,108,67.5999984741211
2015,17,거제대학교,전문대학,사립,경남,C그룹,1684,1684,0,45,92,45,4,1870,15,78400,554,0,50,35,3,642,3276,0,933,619,75,4903,0,0,64,82,40,12,0,17,0,3,14,3276,1684,1.899999976158142,78400,1684,46.599998474121094
2015,18,건국대학교,대학,사립,서울,A그룹,19999,15698,4301,706,1372,443,6957,29477,78,2759797,11261,2595,678,490,3520,18544,122187,33298,10144,5849,12312,183790,0,0,29233,133348,269,141,238,893,344,92,968,155485,19999,7.800000190734863,2759797,19999,138.0
2015,19,건국대학교(글로컬),대학,사립,충북,B그룹,8959,8381,578,492,422,141,288,10302,42,890232,5623,183,202,242,71,6321,60424,2061,5351,3566,372,71774,0,0,389,498,395,45,148,904,331,64,5991,62485,8959,7.0,890232,8959,99.4000015258789
2015,20,건동대학교,대학,사립,경북,C그룹,0,0,0,0,0,0,0,0,0,0,0,0,0,0,0,0,0,0,0,0,0,0,0,0,0,0,0,0,0,0,0,0,0,0,0,0.0,0,0,0.0
2015,21,건신대학원대학교,대학원대학,사립,대전,-,148,0,148,12,14,6,550,730,7,2052,0,93,10,2,28,133,0,1541,152,5,127,1825,0,0,0,0,0,0,0,0,0,0,0,1541,148,10.399999618530273,2052,148,13.899999618530273
2015,22,건양대학교,대학,사립,충남,B그룹,8799,8210,589,404,305,183,610,10301,50,862960,5857,169,288,230,61,6605,112312,1460,3390,3085,396,120643,0,0,951,1510,117,44,38,662,377,51,2210,113772,8799,12.899999618530273,862960,8799,98.0999984741211
2015,23,경기과학기술대학교,전문대학,사립,경기,A그룹,4505,4505,0,110,256,59,168,5098,57,363912,1552,0,76,71,14,1713,8273,0,893,812,109,10087,0,0,52,17,2,2,0,14,0,20,667,8273,4505,1.7999999523162842,363912,4505,80.80000305175781
2015,24,경기대학교,대학,사립,경기,A그룹,16686,14496,2190,514,841,243,6733,25017,83,852608,11294,1050,362,451,279,13436,101424,10570,6013,7409,2612,128028,0,0,0,0,360,122,426,1542,266,110,3107,111994,16686,6.699999809265137,852608,16686,51.099998474121094
2015,25,경남대학교,대학,사립,경남,A그룹,14088,12808,1280,461,487,242,1538,16816,51,563369,5753,562,402,164,245,7126,36972,6707,7342,3371,5094,59486,0,0,1776,1235,7,195,53,218,248,6,208,43679,14088,3.0999999046325684,563369,14088,40.0
2015,26,경남도립거창대학,전문대학,공립,경남,C그룹,955,955,0,30,81,44,13,1123,15,9720,393,0,38,33,2,466,3041,0,1165,438,50,4694,0,0,0,0,0,0,0,0,0,0,0,3041,955,3.200000047683716,9720,955,10.199999809265137
2015,27,경남도립남해대학,전문대학,공립,경남,C그룹,846,846,0,24,72,48,0,990,14,30267,612,0,32,27,0,671,4931,0,1199,782,0,6912,0,0,0,0,0,0,0,0,0,0,0,4931,846,5.800000190734863,30267,846,35.79999923706055
2015,28,경남정보대학교,전문대학,사립,부산,A그룹,7058,7058,0,183,442,137,0,7820,59,217484,1246,0,73,46,0,1365,5758,0,946,452,0,7156,0,0,38,63,12,0,0,2,0,8,407,5758,7058,0.800000011920929,217484,7058,30.799999237060547
2015,29,경동대학교,대학,사립,강원,B그룹,5987,5987,0,204,162,80,146,6579,45,83514,596,0,20,16,0,632,2208,0,121,89,0,2418,0,0,350,100,50,0,0,0,0,0,0,2208,5987,0.4000000059604645,83514,5987,13.899999618530273
2015,30,경민대학교,전문대학,사립,경기,B그룹,4723,4723,0,143,387,89,43,5385,75,50631,1955,0,91,90,43,2179,9140,0,2084,1471,821,13516,0,0,75,121,4,0,0,59,0,33,2044,9140,4723,1.899999976158142,50631,4723,10.699999809265137
2015,31,경복대학교,전문대학,사립,경기,A그룹,6452,6452,0,182,317,98,0,7049,77,18687,1647,0,31,34,0,1712,8936,0,297,312,0,9545,0,0,10,20,2,3,0,0,0,24,2427,8936,6452,1.399999976158142,18687,6452,2.9000000953674316
2015,32,경북과학대학교,전문대학,사립,경북,C그룹,1851,1851,0,64,161,38,0,2114,82,7688,67,0,7,7,0,81,186,0,84,85,0,355,0,0,5,2,0,0,0,5,5,2,30,186,1851,0.10000000149011612,7688,1851,4.199999809265137
2015,33,경북대학교,대학,국립,대구,A그룹,30890,24105,6785,1239,1645,730,10905,45409,169,1206463,19238,4082,1324,444,1398,26486,180257,54089,22667,5551,20663,283227,0,0,83890,33178,1941,695,816,2946,3642,128,4104,234346,30890,7.599999904632568,1206463,30890,39.099998474121094
2015,34,경북보건대학교,전문대학,사립,경북,C그룹,1344,1344,0,42,92,42,0,1520,16,21100,680,0,21,13,0,714,3065,0,602,823,16,4506,0,0,1200,50,0,0,0,0,0,8,300,3065,1344,2.299999952316284,21100,1344,15.699999809265137
2015,35,경북외국어대학교,대학,사립,대구,C그룹,0,0,0,0,0,0,0,0,0,0,0,0,0,0,0,0,0,0,0,0,0,0,0,0,0,0,0,0,0,0,0,0,0,0,0,0.0,0,0,0.0
2015,36,경북전문대학교,전문대학,사립,경북,B그룹,2700,2700,0,79,147,60,0,2986,45,93449,674,0,38,45,0,757,3554,0,592,382,0,4528,0,0,755,151,21,0,0,3,0,26,1193,3554,2700,1.2999999523162842,93449,2700,34.599998474121094
2015,37,경상국립대학교,대학,국립,경남,A그룹,23799,20798,3001,976,1053,539,12155,38522,148,1222330,12833,1361,552,434,563,15743,95386,14609,9157,5914,24041,149107,0,0,10462,6356,1769,1138,337,2152,513,43,1325,109995,23799,4.599999904632568,1222330,23799,51.400001525878906
2015,38,경성대학교,대학,사립,부산,A그룹,14008,13202,806,434,693,281,6206,21622,59,788148,6020,341,466,178,4444,11449,49927,5080,9290,2536,38199,105032,0,0,6764,7071,214,96,223,449,279,123,7325,55007,14008,3.9000000953674316,788148,14008,56.29999923706055
2015,39,경안대학원대학교,대학원대학,사립,경북,-,76,0,76,7,16,2,0,101,3,70,0,15,0,0,0,15,0,65,0,0,7,72,0,0,0,0,0,0,0,0,0,0,0,65,76,0.8999999761581421,70,76,0.8999999761581421
2015,40,경운대학교,대학,사립,경북,C그룹,5211,5071,140,219,216,117,27,5790,28,189260,1454,5,70,50,18,1597,6609,6,458,241,133,7447,0,0,0,0,0,4,2,4,19,2,1500,6615,5211,1.2999999523162842,189260,5211,36.29999923706055
2015,41,경인교육대학교,대학,국립,인천,C그룹,4274,2585,1689,131,215,96,396,5112,15,412002,2496,999,189,154,257,4095,67887,8355,4190,2033,2516,84981,0,0,13218,5013,120,31,48,83,56,20,1176,76242,4274,17.799999237060547,412002,4274,96.4000015258789
2015,42,경인여자대학교,전문대학,사립,인천,B그룹,4950,4950,0,114,314,57,10,5445,62,87922,2462,0,74,66,10,2612,20161,0,1108,994,65,22328,0,0,0,0,0,0,0,132,0,8,2455,20161,4950,4.099999904632568,87922,4950,17.799999237060547
2015,43,경일대학교,대학,사립,경북,B그룹,7512,7308,204,250,198,144,71,8175,34,22905,2787,26,114,79,71,3077,23555,334,1635,1268,922,27714,0,0,120,350,121,150,26,5,0,19,1800,23889,7512,3.200000047683716,22905,7512,3.0
2015,44,경찰대학,기타,기타,충남,-,0,0,0,0,0,0,2000,2000,0,13974,356,0,250,180,181,967,6864,0,3005,1605,2500,13974,0,0,36,35,0,48,5,25,4,1,480,6864,0,0.0,13974,0,0.0
2015,45,경희대학교,대학,사립,서울,A그룹,32961,25259,7702,1421,1956,935,25090,62363,86,2379649,22240,5642,1159,817,4571,34429,274716,98468,27906,18441,41508,461039,0,0,49650,43905,7225,1018,4101,1533,1419,317,6407,373184,32961,11.300000190734863,2379649,32961,72.19999694824219
2015,46,계명대학교,대학,사립,대구,A그룹,25445,23166,2279,896,988,663,16923,44915,106,1208062,14692,1202,817,501,2033,19245,112825,17551,15607,6682,13845,166510,0,0,6972,15257,220,379,600,2825,1651,178,9724,130376,25445,5.099999904632568,1208062,25445,47.5
2015,47,계명문화대학교,전문대학,사립,대구,A그룹,5283,5283,0,135,580,66,1052,7116,57,174800,1877,0,116,119,194,2306,20813,0,2181,1874,4390,29258,0,0,128,78,15,0,0,15,0,44,1612,20813,5283,3.9000000953674316,174800,5283,33.099998474121094
2015,48,계약신학대학원대학교,대학원대학,사립,경기,-,51,0,51,6,6,4,83,149,2,154,0,76,3,1,3,83,0,1772,37,23,72,1904,0,0,127,7,0,2,2,0,0,3,51,1772,51,34.70000076293945,154,51,3.0
2015,49,계원예술대학교,전문대학,사립,경기,B그룹,2889,2889,0,86,179,71,308,3533,32,54263,1689,0,50,48,0,1787,8810,0,688,657,0,10155,0,0,100,200,50,0,0,0,0,20,2000,8810,2889,3.0,54263,2889,18.799999237060547
2015,50,고려대학교,대학,사립,서울,A그룹,29511,20254,9257,1439,2885,748,2015,36598,70,13066816,18493,6192,880,602,296,26463,220994,140625,18659,9635,24733,414646,0,0,14319,20158,3236,3253,4721,5121,11497,166,5504,361619,29511,12.300000190734863,13066816,29511,442.79998779296875
2015,51,고려대학교(세종),대학,사립,세종,B그룹,7982,7031,951,241,421,162,171,8977,26,486406,5273,909,255,173,6,6616,50704,6128,1813,1735,1300,61680,0,0,3572,2491,128,64,108,110,171,28,1881,56832,7982,7.099999904632568,486406,7982,60.900001525878906
2015,52,고려사이버대학교,대학,사립,서울,A그룹,10044,9998,46,43,130,64,0,10281,23,25470,1650,0,14,18,0,1682,0,0,0,0,0,0,0,0,0,0,0,10,0,0,0,0,0,0,10044,0.0,25470,10044,2.5
2015,53,고신대학교,대학,사립,부산,C그룹,5249,4240,1009,302,216,204,229,6200,25,332110,1737,653,136,166,158,2850,15136,15947,4009,3185,1715,39992,0,0,4833,3488,5585,27,67,929,8755,7,1118,31083,5249,5.900000095367432,332110,5249,63.29999923706055
2015,54,공군사관학교,기타,기타,충북,-,0,0,0,0,0,0,1264,1264,0,2107,703,0,83,1311,10,2107,15862,0,7228,31815,87,54992,0,0,50,65,350,2,0,738,2,33,853,15862,0,0.0,2107,0,0.0
2015,55,공주교육대학교,대학,국립,충남,C그룹,2040,1524,516,85,110,59,3,2297,12,199705,13188,560,245,188,3,14184,23511,1564,1328,473,2,26878,0,0,0,0,0,40,11,20,17,0,0,25075,2040,12.300000190734863,199705,2040,97.9000015258789
2015,56,과학기술연합대학원대학교,대학원대학,국립,대전,-,1076,0,1076,702,1143,69,0,2990,70,0,0,0,0,0,0,0,0,0,0,0,0,0,0,0,0,0,0,0,0,0,0,2,33,0,1076,0.0,0,1076,0.0
2015,57,광신대학교,대학,사립,광주,C그룹,938,485,453,45,107,25,163,1278,6,66159,169,198,23,11,10,411,824,1876,345,173,172,3390,0,0,5,81,4,22,6,30,15,1,300,2700,938,2.9000000953674316,66159,938,70.5
2015,58,광양보건대학교,전문대학,사립,전남,C그룹,1984,1984,0,69,69,23,0,2145,28,1357,297,0,38,10,0,345,535,0,124,30,0,689,0,0,32,21,0,0,0,0,0,11,564,535,1984,0.30000001192092896,1357,1984,0.699999988079071
2015,59,광운대학교,대학,사립,서울,B그룹,10106,8751,1355,331,527,234,1822,13020,39,577428,5075,565,164,160,1733,7697,61500,7191,2325,2747,6307,80070,0,0,1680,270,198,211,129,254,280,11,371,68691,10106,6.800000190734863,577428,10106,57.099998474121094
2015,60,광주가톨릭대학교,대학,사립,전남,C그룹,118,91,27,16,7,28,61,230,1,15810,56,24,22,7,57,166,2751,5069,913,61,4931,13725,0,0,370,6,41,2,8,5,8,1,30,7820,118,66.30000305175781,15810,118,134.0
2015,61,광주과학기술원,대학,국립,광주,C그룹,0,0,0,0,0,0,0,0,0,0,0,0,0,0,0,0,0,0,0,0,0,0,0,0,0,0,0,0,0,0,0,0,0,0,0,0.0,0,0,0.0
2015,62,광주교육대학교,대학,국립,광주,C그룹,2207,1419,788,79,126,76,120,2608,13,299350,1331,230,62,76,111,1810,19050,1339,972,1820,1410,24591,0,0,623,980,195,24,6,127,12,2,480,20389,2207,9.199999809265137,299350,2207,135.60000610351562
2015,63,광주대학교,대학,사립,광주,B그룹,7901,7413,488,262,330,119,30,8642,44,307248,1734,48,101,48,30,1961,10865,313,1480,559,157,13374,0,0,2000,500,70,51,4,36,93,48,1720,11178,7901,1.399999976158142,307248,7901,38.900001525878906
2015,64,광주보건대학교,전문대학,사립,광주,B그룹,4123,4123,0,108,204,69,0,4504,23,84379,1031,0,35,48,0,1114,4214,0,1119,775,0,6108,0,0,72,23,28,0,0,15,9,1,1300,4214,4123,1.0,84379,4123,20.5
2015,65,광주여자대학교,대학,사립,광주,C그룹,4256,4011,245,140,117,65,167,4745,26,295200,2204,64,57,82,34,2441,12683,406,697,826,580,15192,0,0,800,3000,100,0,0,13,2,1,1000,13089,4256,3.0999999046325684,295200,4256,69.4000015258789
2015,66,구미대학교,전문대학,사립,경북,A그룹,5492,5492,0,133,284,62,0,5971,55,14290,2706,0,8,8,0,2722,2940,0,100,27,159,3226,0,0,83,9,0,0,0,0,0,12,480,2940,5492,0.5,14290,5492,2.5999999046325684
2015,67,구세군사관대학원대학교,대학원대학,사립,경기,-,43,9,34,10,4,8,6,71,2,859,24,0,11,4,5,44,931,0,98,26,46,1101,0,0,196,13,0,0,0,0,0,1,34,931,43,21.700000762939453,859,43,20.0
2015,68,국군간호사관학교,기타,기타,대전,-,0,0,0,0,0,0,554,554,0,36900,328,0,22,20,75,445,8583,0,1054,1825,841,12303,0,0,74,26,56,8,1,6,2,12,350,8583,0,0.0,36900,0,0.0
2015,69,국립강릉원주대학교,대학,국립,강원,B그룹,8869,8244,625,379,458,317,1236,11259,63,447790,5175,373,318,268,143,6277,42328,3876,4859,3383,1294,55740,0,0,3,152,35,149,102,710,151,34,1440,46204,8869,5.199999809265137,447790,8869,50.5
2015,70,국립경국대학교,대학,국립,경북,B그룹,8192,7523,669,304,468,288,293,9545,71,393888,4387,309,225,182,137,5240,40110,4775,3909,2533,2111,53438,0,0,81,322,255,103,20,484,99,76,2259,44885,8192,5.5,393888,8192,48.099998474121094
2015,71,국립공주대학교,대학,국립,충남,A그룹,17356,14595,2761,555,725,428,1405,20469,106,1163343,8967,1107,295,277,582,11228,75080,12191,3655,3844,5241,100011,0,0,840,320,214,112,169,279,211,28,791,87271,17356,5.0,1163343,17356,67.0
2015,72,국립군산대학교,대학,국립,전북,B그룹,9041,8350,691,343,284,298,0,9966,70,887125,3738,295,258,125,0,4416,32438,2455,4231,1667,0,40791,0,0,10512,9415,374,1,2,275,47,18,1416,34893,9041,3.9000000953674316,887125,9041,98.0999984741211
2015,73,국립금오공과대학교,대학,국립,경북,B그룹,7580,6946,634,217,210,200,178,8385,19,741938,4533,303,140,144,132,5252,42328,3175,1822,1891,943,50159,0,0,0,0,0,8,24,212,79,20,500,45503,7580,6.0,741938,7580,97.9000015258789
2015,74,국립목포대학교,대학,국립,전남,B그룹,9027,7933,1094,311,430,185,292,10245,58,726783,3871,440,173,125,89,4698,27258,3238,2426,1935,824,35681,0,0,780,1300,260,103,34,407,39,11,440,30496,9027,3.4000000953674316,726783,9027,80.5
2015,75,국립목포해양대학교,대학,국립,전남,C그룹,2714,2567,147,108,76,153,0,3051,15,57670,608,30,41,54,0,733,4391,226,537,644,0,5798,0,0,977,47,5,8,1,5,0,7,847,4617,2714,1.7000000476837158,57670,2714,21.200000762939453
2015,76,국립부경대학교,대학,국립,부산,A그룹,20223,17667,2556,592,816,430,712,22773,82,1670305,11593,1305,467,227,326,13918,98158,18113,7621,3779,3346,131017,0,0,3625,1104,69,169,146,855,283,45,1971,116271,20223,5.699999809265137,1670305,20223,82.5999984741211
2015,77,국립순천대학교,대학,국립,전남,B그룹,8655,7798,857,323,350,240,2280,11848,62,418470,5152,393,208,165,750,6668,48949,4881,5203,1993,7939,68965,0,0,312,34,58,0,0,656,38,2,1538,53830,8655,6.199999809265137,418470,8655,48.400001525878906
2015,78,국립암센터국제암대학원대학교,대학원대학,국립,경기,-,44,0,44,20,54,7,0,125,3,0,0,0,0,0,0,0,0,0,0,0,0,0,0,0,0,0,0,0,0,0,0,2,44,0,44,0.0,0,44,0.0
2015,79,국립창원대학교,대학,국립,경남,B그룹,10353,8877,1476,332,557,397,1592,13231,61,682266,6121,507,239,194,655,7716,50423,5220,4662,2816,5078,68199,0,0,267,198,21,61,59,290,49,36,1327,55643,10353,5.400000095367432,682266,10353,65.9000015258789
2015,80,국립한국교통대학교,대학,국립,충북,B그룹,9884,9240,644,314,443,213,135,10989,55,282962,5178,147,167,114,36,5642,40184,1346,2469,1688,415,46102,0,0,395,920,33,87,2,87,2,12,430,41530,9884,4.199999809265137,282962,9884,28.600000381469727
2015,81,국립한국해양대학교,대학,국립,부산,B그룹,7870,6955,915,266,438,242,150,8966,36,566602,4418,255,210,140,24,5047,34432,2865,3797,1969,241,43304,0,0,4248,2102,2967,64,43,504,105,9,707,37297,7870,4.699999809265137,566602,7870,72.0
2015,82,국립한밭대학교,대학,국립,대전,B그룹,9037,8486,551,256,459,187,423,10362,26,441105,4514,215,174,201,241,5345,32779,2001,8009,2887,2657,48333,0,0,5861,1652,248,13,40,110,5,5,2120,34780,9037,3.799999952316284,441105,9037,48.79999923706055
2015,83,국민대학교,대학,사립,서울,A그룹,18578,15617,2961,633,1168,450,406,21235,85,1013390,15374,2379,629,524,341,19247,102350,20956,8360,5026,1856,138548,0,0,1180,944,354,212,380,807,377,31,872,123306,18578,6.599999904632568,1013390,18578,54.5
2015,84,국방대학교,기타,기타,충남,-,0,0,0,0,0,0,2250,2250,0,42000,0,488,132,153,611,1384,0,11381,2044,3967,11160,28552,0,0,13634,7572,5233,29,21,9,11,7,650,11381,0,0.0,42000,0,0.0
2015,85,국제뇌교육종합대학원대학교,대학원대학,사립,충남,-,233,0,233,15,16,22,200,486,3,200,10,170,5,5,5,195,0,722,9,9,10,750,0,0,35,30,10,10,10,10,10,1,250,722,233,3.0999999046325684,200,233,0.8999999761581421
2015,86,국제대학교,전문대학,사립,경기,B그룹,4458,4458,0,109,343,59,2,4971,54,26165,631,0,39,33,2,705,2528,0,453,414,22,3417,0,0,449,12,6,0,0,0,0,18,720,2528,4458,0.6000000238418579,26165,4458,5.900000095367432
2015,87,국제문화대학원대학교,대학원대학,사립,충남,-,0,0,0,0,0,0,0,0,0,0,0,0,0,0,0,0,0,0,0,0,0,0,0,0,0,0,0,0,0,0,0,0,0,0,0,0.0,0,0,0.0
2015,88,국제법률경영대학원대학교,대학원대학,사립,경기,-,87,0,87,5,5,9,0,106,2,90,0,87,3,1,0,91,0,769,15,2,0,786,0,0,0,0,0,0,0,0,0,0,0,769,87,8.800000190734863,90,87,1.0
2015,89,국제사이버대학교,대학,사립,경기,C그룹,2384,2384,0,16,97,33,1100,3630,5,0,520,0,5,10,0,535,520,0,5,10,0,535,0,0,0,0,0,0,0,0,0,1,35,520,2384,0.20000000298023224,0,2384,0.0
2015,90,국제언어대학원대학교,대학원대학,사립,서울,-,90,0,90,4,14,13,596,717,2,596,0,90,6,9,45,150,0,3130,243,178,345,3896,0,0,200,50,50,0,0,0,0,15,750,3130,90,34.79999923706055,596,90,6.599999904632568
2015,91,국제예술대학교,기타,기타,서울,-,0,0,0,0,0,0,0,0,0,2400,12,0,0,0,0,12,12,0,0,0,0,12,0,0,0,0,0,0,0,0,0,0,0,12,0,0.0,2400,0,0.0
2015,92,군산간호대학교,전문대학,사립,전북,C그룹,1153,1153,0,30,41,28,51,1303,2,36773,947,0,20,11,28,1006,9862,0,272,200,113,10447,0,0,930,192,61,0,0,0,0,1,303,9862,1153,8.600000381469727,36773,1153,31.899999618530273
2015,93,군장대학교,전문대학,사립,전북,C그룹,2122,2122,0,58,149,67,0,2396,39,28820,152,0,15,11,0,178,770,0,387,88,0,1245,0,0,92,82,56,0,0,0,0,1,22,770,2122,0.4000000059604645,28820,2122,13.600000381469727
2015,94,극동대학교,대학,사립,충북,C그룹,4332,4209,123,152,328,56,8,4876,39,25080,950,8,36,50,8,1052,4941,37,555,467,137,6137,0,0,0,0,5,0,0,26,0,0,0,4978,4332,1.100000023841858,25080,4332,5.800000190734863
2015,95,글로벌사이버대학교,대학,사립,충남,C그룹,2222,2222,0,15,143,36,0,2416,11,0,131,0,0,9,0,140,0,0,0,0,0,0,0,0,0,0,0,0,0,0,0,0,0,0,2222,0.0,0,2222,0.0
2015,96,금강대학교,대학,사립,충남,C그룹,525,501,24,28,61,35,62,711,12,56538,423,17,26,30,1,497,8036,1029,777,487,26,10355,0,0,40,10,0,0,0,7,6,1,104,9065,525,17.299999237060547,56538,525,107.69999694824219
2015,97,기독간호대학교,전문대학,사립,광주,C그룹,655,655,0,21,23,16,0,715,4,6000,171,0,11,7,0,189,714,0,73,45,4,836,0,0,150,50,0,0,0,0,0,2,700,714,655,1.100000023841858,6000,655,9.199999809265137
2015,98,김천대학교,대학,사립,경북,C그룹,3801,3760,41,150,118,77,10,4156,24,121112,1242,12,41,53,0,1348,6985,90,813,561,0,8449,0,0,50,19,0,0,0,16,0,13,322,7075,3801,1.899999976158142,121112,3801,31.899999618530273
2015,99,김포대학교,전문대학,사립,경기,C그룹,3371,3371,0,95,160,50,16,3692,40,58388,942,0,83,72,5,1102,8687,0,1708,1119,58,11572,0,0,20,30,74,15,1,27,0,23,1746,8687,3371,2.5999999046325684,58388,3371,17.299999237060547
2015,100,김해대학교,전문대학,사립,경남,C그룹,1520,1520,0,43,133,60,1,1757,33,14659,262,0,13,41,1,317,1618,0,365,1285,0,3268,0,0,3,0,0,0,0,0,0,0,0,1618,1520,1.100000023841858,14659,1520,9.600000381469727
2015,101,나사렛대학교,대학,사립,충남,B그룹,6034,5695,339,173,309,84,1092,7692,41,186329,3578,186,129,72,230,4195,33868,3474,2157,1118,2561,43178,0,0,1927,210,283,74,57,309,30,61,1046,37342,6034,6.199999809265137,186329,6034,30.899999618530273
2015,102,나주대학교,전문대학,사립,전남,C그룹,2117,2117,0,55,180,37,65,2454,45,2048,350,0,9,50,0,409,1098,0,432,348,0,1878,0,0,0,0,0,0,0,11,0,0,0,1098,2117,0.5,2048,2117,1.0
2015,103,남부대학교,대학,사립,광주,C그룹,3551,3174,377,123,175,96,0,3945,21,18850,913,11,46,43,0,1013,5204,74,913,1545,0,7736,0,0,30,80,0,3,1,31,1,9,526,5278,3551,1.5,18850,3551,5.300000190734863
2015,104,남서울대학교,대학,사립,충남,B그룹,10532,10140,392,348,327,191,1029,12427,36,232033,5211,76,137,180,133,5737,52453,832,1991,2213,864,58353,0,0,196,94,414,50,84,238,550,5,625,53285,10532,5.099999904632568,232033,10532,22.0
2015,105,농협대학교,전문대학,사립,경기,C그룹,490,490,0,12,19,37,102,660,5,591,168,0,13,31,23,235,1113,0,460,321,408,2302,0,0,0,0,0,0,0,0,0,0,0,1113,490,2.299999952316284,591,490,1.2000000476837158
2015,106,능인대학원대학교,대학원대학,사립,경기,-,0,0,0,0,0,0,0,0,0,0,0,0,0,0,0,0,0,0,0,0,0,0,0,0,0,0,0,0,0,0,0,0,0,0,0,0.0,0,0,0.0
2015,107,단국대학교,대학,사립,경기,A그룹,28405,24368,4037,1184,1487,557,674,32307,175,2102289,16002,1776,950,660,254,19642,158620,25827,11564,8651,2274,206936,0,0,14150,5804,1229,118,491,1317,1503,46,3990,184447,28405,6.5,2102289,28405,74.0
2015,108,대경대학교,전문대학,사립,경북,B그룹,4169,4169,0,115,376,51,0,4711,39,27711,529,0,39,44,0,612,1962,0,512,450,0,2924,0,0,160,25,6,2,2,0,0,3,301,1962,4169,0.5,27711,4169,6.599999904632568
2015,109,대구가톨릭대학교,대학,사립,경북,A그룹,15401,13986,1415,651,771,253,2082,19158,95,897375,11023,716,537,439,656,13371,104571,13717,10293,5609,8013,142203,0,0,11223,3703,943,111,194,1240,339,108,3774,118288,15401,7.699999809265137,897375,15401,58.29999923706055
2015,110,대구경북과학기술원,대학,국립,대구,C그룹,672,358,314,64,52,337,391,1516,1,21019,169,183,31,215,0,598,1896,1875,527,3216,488,8002,0,0,20,99,99,7,0,130,138,7,61,3771,672,5.599999904632568,21019,672,31.299999237060547
2015,111,대구공업대학교,전문대학,사립,대구,C그룹,2022,2022,0,65,161,44,2173,4465,21,98,133,0,9,10,22,174,475,0,77,47,153,752,0,0,0,0,0,0,0,0,0,16,327,475,2022,0.20000000298023224,98,2022,0.0
2015,112,대구과학대학교,전문대학,사립,대구,A그룹,4528,4528,0,139,268,131,0,5066,44,102770,1270,0,60,41,0,1371,7547,0,1172,866,0,9585,0,0,15,62,1,13,0,0,0,4,202,7547,4528,1.7000000476837158,102770,4528,22.700000762939453
2015,113,대구교육대학교,대학,국립,대구,C그룹,2654,1671,983,92,171,64,2617,5598,13,285283,1357,256,82,58,95,1848,15161,1478,1654,944,559,19796,0,0,1980,247,25,27,53,47,66,0,324,16639,2654,6.300000190734863,285283,2654,107.5
2015,114,대구대학교,대학,사립,경북,A그룹,21554,19739,1815,645,837,333,377,23746,100,1064235,11054,882,363,202,367,12868,84489,9238,11438,5636,3466,114267,0,0,0,984,168,296,379,1782,1229,25,4181,93727,21554,4.300000190734863,1064235,21554,49.400001525878906
2015,115,대구미래대학교,전문대학,사립,경북,C그룹,1019,1019,0,48,165,31,0,1263,55,1500,84,0,175,86,0,345,1022,0,160,15,130,1327,0,0,0,0,0,0,0,0,0,0,0,1022,1019,1.0,1500,1019,1.5
2015,116,대구보건대학교,전문대학,사립,대구,A그룹,6893,6893,0,178,564,162,2153,9950,31,172031,2559,0,105,103,101,2868,10342,0,1079,1761,699,13881,0,0,0,0,1,6,6,7,7,4,135,10342,6893,1.5,172031,6893,25.0
2015,117,대구사이버대학교,대학,사립,경북,C그룹,4222,4127,95,27,102,51,8913,13315,14,0,281,18,4,14,114,431,0,0,0,0,0,0,0,0,0,0,0,0,0,0,0,0,0,0,4222,0.0,0,4222,0.0
2015,118,대구예술대학교,대학,사립,경북,C그룹,1476,1476,0,49,272,32,612,2441,22,20828,271,0,15,7,11,304,4732,0,75,61,62,4930,0,0,1231,223,0,6,0,0,0,0,0,4732,1476,3.200000047683716,20828,1476,14.100000381469727
2015,119,대구외국어대학교,대학,사립,경북,C그룹,345,345,0,16,12,7,0,380,5,59820,80,0,7,4,0,91,455,0,82,33,0,570,0,0,53,75,30,0,0,0,0,1,85,455,345,1.2999999523162842,59820,345,173.39999389648438
2015,120,대구한의대학교,대학,사립,경북,B그룹,7550,7060,490,250,197,122,471,8590,55,236261,3570,121,157,61,361,4270,32361,1394,2864,1286,3352,41257,0,0,0,0,0,27,13,68,150,0,0,33755,7550,4.5,236261,7550,31.299999237060547
2015,121,대덕대학교,전문대학,사립,대전,C그룹,4357,4357,0,106,294,74,7,4838,130,60801,948,0,70,82,6,1106,5757,0,1265,890,85,7997,0,0,906,35,34,6,0,2,0,13,441,5757,4357,1.2999999523162842,60801,4357,14.0
2015,122,대동대학교,전문대학,사립,부산,C그룹,1694,1694,0,46,163,50,232,2185,12,121886,923,0,41,26,3,993,5543,0,449,426,6,6424,0,0,223,32,0,0,0,7,0,0,0,5543,1694,3.299999952316284,121886,1694,72.0
2015,123,대림대학교,전문대학,사립,경기,A그룹,6685,6685,0,165,493,98,597,8038,80,219109,1896,0,161,40,0,2097,10772,0,2137,555,0,13464,0,0,4,0,6,0,1,0,0,25,1984,10772,6685,1.600000023841858,219109,6685,32.79999923706055
2015,124,대신대학교,대학,사립,경북,C그룹,504,303,201,30,46,36,176,792,5,17524,120,122,21,17,46,326,1623,3697,447,223,648,6638,0,0,284,54,0,23,2,0,0,0,0,5320,504,10.600000381469727,17524,504,34.79999923706055
2015,125,대원대학교,전문대학,사립,충북,C그룹,2807,2807,0,91,157,52,0,3107,61,109656,1058,0,32,53,0,1143,7265,0,388,418,71,8142,0,0,0,0,0,0,0,27,0,2,500,7265,2807,2.5999999046325684,109656,2807,39.099998474121094
2015,126,대전가톨릭대학교,대학,사립,세종,C그룹,122,67,55,11,22,38,224,417,1,363,63,55,19,7,16,160,2163,3540,278,11,135,6127,0,0,158,21,35,51,5,69,3,6,406,5703,122,46.70000076293945,363,122,3.0
2015,127,대전과학기술대학교,전문대학,사립,대전,B그룹,4707,4707,0,129,304,85,187,5412,80,259372,1799,0,68,73,49,1989,12277,0,1273,2686,764,17000,0,0,2214,379,87,2,96,6,7,47,2634,12277,4707,2.5999999046325684,259372,4707,55.099998474121094
2015,128,대전대학교,대학,사립,대전,B그룹,10801,9766,1035,352,560,164,110,11987,58,1044848,6115,127,257,256,1,6756,108524,2089,5169,3381,10,119173,0,0,4880,1464,1220,21,50,206,115,28,1201,110613,10801,10.199999809265137,1044848,10801,96.69999694824219
2015,129,대전보건대학교,전문대학,사립,대전,A그룹,5929,5929,0,149,282,131,0,6491,47,176292,1642,0,49,89,0,1780,12434,0,644,1548,0,14626,0,0,11,0,3,0,0,5,3,2,860,12434,5929,2.0999999046325684,176292,5929,29.700000762939453
2015,130,대전신학대학교,대학,사립,대전,C그룹,296,197,99,10,42,13,169,530,1,18341,159,99,19,6,169,452,1379,1624,402,84,2133,5622,0,0,0,0,0,3,0,30,1,0,0,3003,296,10.100000381469727,18341,296,62.0
2015,131,대진대학교,대학,사립,경기,B그룹,8458,8020,438,281,319,202,77,9337,37,106322,4435,160,149,185,35,4964,40237,2856,3765,2829,219,49906,0,0,390,523,151,89,31,370,25,16,513,43093,8458,5.099999904632568,106322,8458,12.600000381469727
2015,132,대한신학대학원대학교,대학원대학,사립,경기,-,186,0,186,9,45,10,0,250,3,2000,0,50,5,0,0,55,0,200,40,0,0,240,0,0,0,0,0,1,1,0,0,0,0,200,186,1.100000023841858,2000,186,10.800000190734863
2015,133,덕성여자대학교,대학,사립,서울,B그룹,6524,6094,430,199,308,131,691,7853,41,649068,6060,359,378,123,324,7244,91299,6498,8271,2523,3020,111611,0,0,936,195,79,112,305,315,396,74,4770,97797,6524,15.0,649068,6524,99.5
2015,134,동강대학교,전문대학,사립,광주,B그룹,3418,3418,0,97,213,90,22,3840,33,69381,708,0,35,40,5,788,5881,0,389,406,49,6725,0,0,90,30,0,1,0,58,70,11,515,5881,3418,1.7000000476837158,69381,3418,20.299999237060547
2015,135,동국대학교,대학,사립,서울,A그룹,17699,13759,3940,683,1375,343,10819,30919,53,1315890,12030,2946,344,247,1480,17047,81918,23656,3695,2390,9857,121516,0,0,29815,15325,2453,219,498,1897,688,42,378,105574,17699,6.0,1315890,17699,74.30000305175781
2015,136,동국대학교 WISE캠퍼스,대학,사립,경북,B그룹,8977,8253,724,393,541,148,717,10776,40,795304,5150,331,256,98,386,6221,65409,5903,7472,1566,8500,88850,0,0,1050,1300,108,274,63,858,170,23,3312,71312,8977,7.900000095367432,795304,8977,88.5999984741211
2015,137,동남보건대학교,전문대학,사립,경기,A그룹,4973,4973,0,126,375,54,0,5528,31,105178,783,0,34,17,0,834,2734,0,230,191,0,3155,0,0,66,26,6,2,0,5,0,0,0,2734,4973,0.5,105178,4973,21.100000381469727
2015,138,동덕여자대학교,대학,사립,서울,B그룹,8324,7918,406,241,582,119,831,10097,39,275314,4641,178,153,214,173,5359,46495,2765,2858,3083,1451,56652,0,0,1187,550,65,160,102,315,118,8,1306,49260,8324,5.900000095367432,275314,8324,33.099998474121094
2015,139,동명대학교,대학,사립,부산,B그룹,9374,9094,280,296,319,156,252,10397,46,290415,3965,81,179,237,182,4644,24030,1097,4207,4615,2391,36340,0,0,0,0,6,38,2,222,4,31,1383,25127,9374,2.700000047683716,290415,9374,31.0
2015,140,동방문화대학원대학교,대학원대학,사립,서울,-,212,0,212,17,19,17,9,274,4,2900,0,235,27,4,9,275,0,524,74,27,101,726,0,0,876,22,48,18,0,33,20,1,18,524,212,2.5,2900,212,13.699999809265137
2015,141,동부산대학교,전문대학,사립,부산,C그룹,2635,2635,0,77,263,42,300,3317,42,53620,1547,0,52,56,0,1655,13009,0,483,845,0,14337,0,0,210,82,0,0,0,12,12,25,1120,13009,2635,4.900000095367432,53620,2635,20.299999237060547
2015,142,동서대학교,대학,사립,부산,B그룹,11659,11354,305,362,447,171,250,12889,62,2209964,5770,71,111,116,250,6318,36459,619,1649,1288,1979,41994,0,0,954,340,387,7,24,39,20,16,2559,37078,11659,3.200000047683716,2209964,11659,189.60000610351562
2015,143,동서울대학교,전문대학,사립,경기,A그룹,6009,6009,0,154,291,62,0,6516,84,62406,1751,0,89,59,0,1899,8868,0,1347,689,0,10904,0,0,242,726,6,3,0,0,0,2,551,8868,6009,1.5,62406,6009,10.399999618530273
2015,144,동신대학교,대학,사립,전남,B그룹,7783,7233,550,280,251,145,1506,9965,42,170483,2588,92,143,103,82,3008,16648,830,1604,1751,650,21483,0,0,425,837,26,1,5,105,5,56,2549,17478,7783,2.200000047683716,170483,7783,21.899999618530273
2015,145,동아대학교,대학,사립,부산,A그룹,22716,20536,2180,859,1031,415,3886,28907,68,1965456,11817,990,478,487,351,14123,94965,14529,9474,6949,5475,131392,0,0,23795,3514,284,354,317,1032,869,61,1958,109494,22716,4.800000190734863,1965456,22716,86.5
2015,146,동아방송예술대학교,전문대학,사립,경기,B그룹,3107,3107,0,84,319,72,0,3582,45,47460,1859,0,61,90,0,2010,14419,0,696,1171,0,16286,0,0,12,25,88,0,0,14,1,12,637,14419,3107,4.599999904632568,47460,3107,15.300000190734863
2015,147,동아보건대학교,전문대학,사립,전남,C그룹,2013,2013,0,67,108,22,54,2264,54,2732,671,0,22,8,0,701,1342,0,262,76,0,1680,0,0,0,0,0,0,0,0,0,0,0,1342,2013,0.699999988079071,2732,2013,1.399999976158142
2015,148,동양대학교,대학,사립,경북,C그룹,4748,4585,163,161,124,150,0,5183,30,63195,1914,31,112,110,0,2167,18077,177,3855,3760,0,25869,0,0,0,0,2,18,19,348,5,0,0,18254,4748,3.799999952316284,63195,4748,13.300000190734863
2015,149,동양미래대학교,전문대학,사립,서울,A그룹,6348,6348,0,163,304,77,7,6899,42,958699,2668,0,241,0,1,2910,27445,0,5970,0,9,33424,0,0,650,407,24,0,0,53,0,5,3235,27445,6348,4.300000190734863,958699,6348,151.0
2015,150,동우대학,전문대학,사립,강원,B그룹,0,0,0,0,0,0,0,0,0,0,0,0,0,0,0,0,0,0,0,0,0,0,0,0,0,0,0,0,0,0,0,0,0,0,0,0.0,0,0,0.0
2015,151,동원과학기술대학교,전문대학,사립,경남,B그룹,2158,2158,0,67,192,46,35,2498,43,37155,1043,0,29,24,24,1120,3327,0,208,156,213,3904,0,0,454,326,0,1,1,1,1,10,428,3327,2158,1.5,37155,2158,17.200000762939453
2015,152,동원대학교,전문대학,사립,경기,B그룹,3838,3838,0,101,286,67,129,4421,64,139811,1418,0,67,88,2,1575,19980,0,2057,2103,64,24204,0,0,0,0,0,0,0,26,0,33,1721,19980,3838,5.199999809265137,139811,3838,36.400001525878906
2015,153,동의과학대학교,전문대학,사립,부산,B그룹,5790,5790,0,152,360,111,390,6803,41,0,2041,0,61,85,12,2199,18555,0,876,1134,126,20691,0,0,0,0,10,1,0,29,0,26,1933,18555,5790,3.200000047683716,0,5790,0.0
2015,154,동의대학교,대학,사립,부산,A그룹,16781,15848,933,616,637,257,643,18934,84,1693337,9253,301,391,334,298,10577,65988,4223,11521,7192,5040,93964,0,0,10065,982,122,39,99,347,277,37,1321,70211,16781,4.199999809265137,1693337,16781,100.9000015258789
2015,155,두원공과대학교,전문대학,사립,경기,B그룹,6133,6133,0,167,249,81,180,6810,61,14360,512,0,68,48,13,641,2428,0,320,341,212,3301,0,0,185,61,0,0,0,0,0,0,0,2428,6133,0.4000000059604645,14360,6133,2.299999952316284
2015,156,디지털서울문화예술대학교,대학,사립,서울,C그룹,3705,3705,0,30,133,60,0,3928,20,0,450,0,30,20,0,500,250,0,30,15,0,295,0,0,0,0,0,0,0,0,0,0,0,250,3705,0.10000000149011612,0,3705,0.0
2015,157,루터대학교,대학,사립,경기,C그룹,466,423,43,17,26,12,29,550,7,35121,252,23,14,11,5,305,1718,185,96,39,33,2071,0,0,823,512,20,0,0,3,8,1,120,1903,466,4.099999904632568,35121,466,75.4000015258789
2015,158,마산대학교,전문대학,사립,경남,A그룹,6170,6170,0,161,426,69,0,6826,59,123000,1982,0,21,17,0,2020,10422,0,314,244,0,10980,0,0,1000,100,1,0,0,2,1,10,160,10422,6170,1.7000000476837158,123000,6170,19.899999618530273
2015,159,명신대학교,대학,사립,전남,C그룹,0,0,0,0,0,0,0,0,0,0,0,0,0,0,0,0,0,0,0,0,0,0,0,0,0,0,0,0,0,0,0,0,0,0,0,0.0,0,0,0.0
2015,160,명지대학교,대학,사립,서울,A그룹,16826,14415,2411,581,942,348,13832,32529,59,2078622,11362,1214,372,303,1697,14948,111341,18515,7803,4844,13086,155589,0,0,20286,11100,802,14,41,580,348,44,4023,129856,16826,7.699999809265137,2078622,16826,123.5
2015,161,명지전문대학,전문대학,사립,서울,A그룹,7027,7027,0,178,588,113,0,7906,50,242606,2926,0,90,134,0,3150,17047,0,1230,1862,0,20139,0,0,195,72,4,4,0,38,2,8,1884,17047,7027,2.4000000953674316,242606,7027,34.5
2015,162,목원대학교,대학,사립,대전,B그룹,9575,8966,609,314,570,111,225,10795,55,271073,6007,398,255,209,64,6933,38392,6322,4416,3122,584,52836,0,0,1790,201,54,287,143,614,103,44,1303,44714,9575,4.699999809265137,271073,9575,28.299999237060547
2015,163,목포가톨릭대학교,대학,사립,전남,C그룹,547,547,0,18,27,20,0,612,3,38939,339,0,13,12,0,364,1030,0,83,84,0,1197,0,0,25,5,19,0,0,7,0,2,141,1030,547,1.899999976158142,38939,547,71.19999694824219
2015,164,목포과학대학교,전문대학,사립,전남,B그룹,2859,2859,0,81,150,46,0,3136,42,34675,208,0,34,30,0,272,486,0,174,150,0,810,0,0,515,511,15,0,0,23,23,1,140,486,2859,0.20000000298023224,34675,2859,12.100000381469727
2015,165,문경대학교,전문대학,사립,경북,C그룹,878,878,0,29,66,44,0,1017,17,0,484,0,27,24,0,535,4324,0,227,216,0,4767,0,0,0,0,0,0,0,1,0,1,396,4324,878,4.900000095367432,0,878,0.0
2015,166,배재대학교,대학,사립,대전,B그룹,10260,9681,579,327,492,155,312,11546,57,354071,5672,252,224,236,202,6586,58369,4356,5353,4790,1964,74832,0,0,6792,3798,40,171,66,550,63,75,2938,62725,10260,6.099999904632568,354071,10260,34.5
2015,167,배화여자대학교,전문대학,사립,서울,B그룹,3059,3059,0,80,192,50,393,3774,26,173235,1616,0,52,43,17,1728,9330,0,984,846,274,11434,0,0,900,55,164,0,0,1,1,15,2528,9330,3059,3.0999999046325684,173235,3059,56.599998474121094
2015,168,백석대학교,대학,사립,충남,A그룹,15310,12989,2321,501,723,251,992,17777,30,382733,7264,1548,566,271,185,9834,51050,24901,8911,3413,2598,90873,0,0,127445,9144,4454,127,13,469,168,99,3347,75951,15310,5.0,382733,15310,25.0
2015,169,백석문화대학교,전문대학,사립,충남,A그룹,6218,6218,0,171,404,95,334,7222,42,83583,1562,0,150,90,46,1848,6487,0,1961,971,649,10068,0,0,3021,2844,1089,16,0,59,2,37,2315,6487,6218,1.0,83583,6218,13.399999618530273
2015,170,백석예술대학,전문대학,사립,서울,A그룹,0,0,0,0,0,0,0,0,0,0,0,0,0,0,0,0,0,0,0,0,0,0,0,0,0,0,0,0,0,0,0,0,0,0,0,0.0,0,0,0.0
2015,171,백제예술대학교,전문대학,사립,전북,C그룹,1842,1842,0,48,149,30,0,2069,22,14700,272,0,8,26,0,306,990,0,45,163,0,1198,0,0,8,23,0,0,0,0,0,5,168,990,1842,0.5,14700,1842,8.0
2015,172,베뢰아국제대학원대학교,대학원대학,사립,서울,-,88,0,88,9,9,13,4,123,2,5000,0,87,9,6,4,106,0,2188,418,242,88,2936,0,0,1500,30,0,0,0,0,0,1,26,2188,88,24.899999618530273,5000,88,56.79999923706055
2015,173,벽성대학,전문대학,사립,전북,C그룹,0,0,0,0,0,0,0,0,0,0,0,0,0,0,0,0,0,0,0,0,0,0,0,0,0,0,0,0,0,0,0,0,0,0,0,0.0,0,0,0.0
2015,174,부산가톨릭대학교,대학,사립,부산,C그룹,4272,4093,179,141,153,125,19,4710,19,345677,2403,94,80,114,19,2710,17785,1555,1391,2329,247,23307,0,0,1553,619,211,35,2,122,27,27,889,19340,4272,4.5,345677,4272,80.9000015258789
2015,175,부산경상대학교,전문대학,사립,부산,B그룹,3216,3216,0,85,257,92,25,3675,68,49886,364,0,41,19,2,426,1893,0,591,155,18,2657,0,0,315,89,0,0,0,2,2,28,1021,1893,3216,0.6000000238418579,49886,3216,15.5
2015,176,부산과학기술대학교,전문대학,사립,부산,B그룹,4506,4506,0,123,250,70,134,5083,60,137307,1487,0,20,20,12,1539,21105,0,147,228,72,21552,0,0,0,0,0,0,0,0,0,0,0,21105,4506,4.699999809265137,137307,4506,30.5
2015,177,부산교육대학교,대학,국립,부산,C그룹,2592,1573,1019,82,144,86,227,3131,13,170442,1533,426,87,90,11,2147,26358,3614,1788,1918,149,33827,0,0,60,140,0,49,32,36,71,7,50,29972,2592,11.600000381469727,170442,2592,65.80000305175781
2015,178,부산대학교,대학,국립,부산,A그룹,30456,22168,8288,1326,1850,714,1806,36152,106,5557184,16900,4616,1001,968,1292,24777,192843,82295,27225,14342,22005,338710,0,0,59350,13460,902,497,890,3457,2390,241,5866,275138,30456,9.0,5557184,30456,182.5
2015,179,부산디지털대학교,대학,사립,부산,C그룹,2539,2465,74,19,61,34,3,2656,8,0,15,0,2,4,3,24,0,0,0,0,0,0,0,0,0,0,0,0,0,0,0,0,0,0,2539,0.0,0,2539,0.0
2015,180,부산보건대학교,전문대학,사립,부산,B그룹,3563,3563,0,104,267,56,100,4090,50,149222,563,0,29,51,24,667,2886,0,277,683,527,4373,0,0,4940,741,247,50,0,30,5,11,399,2886,3563,0.800000011920929,149222,3563,41.900001525878906
2015,181,부산여자대학교,전문대학,사립,부산,C그룹,2948,2948,0,75,266,110,500,3899,51,125000,1053,0,29,86,132,1300,7406,0,324,1614,9188,18532,0,0,500,250,15,0,0,0,0,30,1050,7406,2948,2.5,125000,2948,42.400001525878906
2015,182,부산예술대학교,전문대학,사립,부산,C그룹,852,852,0,24,122,28,0,1026,12,0,5,0,0,1,0,6,6,0,0,3,0,9,0,0,0,0,0,0,0,0,0,0,0,6,852,0.0,0,852,0.0
2015,183,부산외국어대학교,대학,사립,부산,B그룹,9653,9271,382,293,300,156,420,10822,38,520750,5056,227,217,158,101,5759,38611,2565,4022,2328,4441,51967,0,0,0,0,13,66,58,113,66,13,169,41176,9653,4.300000190734863,520750,9653,53.900001525878906
2015,184,부산장신대학교,대학,사립,경남,C그룹,509,273,236,24,27,14,185,759,3,28490,248,202,26,17,24,517,3085,3099,736,268,268,7456,0,0,1722,492,0,40,0,68,3,6,390,6184,509,12.100000381469727,28490,509,56.0
2015,185,부천대학교,전문대학,사립,경기,A그룹,7736,7736,0,209,460,92,17,8514,82,78502,2722,0,124,46,17,2909,20160,0,4044,2541,369,27114,0,0,12,21,7,1,1,2,2,0,120,20160,7736,2.5999999046325684,78502,7736,10.100000381469727
2015,186,삼육대학교,대학,사립,서울,B그룹,6099,5751,348,193,438,234,3708,10672,32,195075,3467,177,100,98,254,4096,20705,1928,1459,1622,2161,27875,0,0,1227,1220,237,48,2,169,15,13,434,22633,6099,3.700000047683716,195075,6099,32.0
2015,187,삼육보건대학교,전문대학,사립,서울,C그룹,1289,1289,0,39,100,72,42,1542,14,53714,814,0,28,50,13,905,4365,0,485,886,136,5872,0,0,0,0,0,0,1,0,0,5,2650,4365,1289,3.4000000953674316,53714,1289,41.70000076293945
2015,188,상명대학교,대학,사립,서울,A그룹,14994,13533,1461,481,915,292,529,17212,97,718607,9089,783,439,456,347,11114,80820,7794,8482,7971,2438,107505,0,0,4696,3583,872,277,187,1066,187,170,4697,88614,14994,5.900000095367432,718607,14994,47.900001525878906
2015,189,상지대학교,대학,사립,강원,B그룹,8239,7852,387,262,335,188,4415,13439,57,485333,3347,135,212,124,190,4008,29499,1502,2719,2127,1851,37698,0,0,26,12,97,6,0,237,18,22,2514,31001,8239,3.799999952316284,485333,8239,58.900001525878906
2015,190,상지영서대학교,전문대학,사립,강원,B그룹,3002,3002,0,79,160,41,0,3282,47,207547,721,0,54,44,0,819,6860,0,3274,3039,0,13173,0,0,415,17,0,0,0,2,0,14,430,6860,3002,2.299999952316284,207547,3002,69.0999984741211
2015,191,서강대학교,대학,사립,서울,A그룹,11414,8001,3413,439,739,265,4160,17017,34,2106357,6925,2773,447,207,511,10863,98664,64957,14501,4876,9618,192616,0,0,3414,2704,743,2309,2361,1080,1630,116,6335,163621,11414,14.300000190734863,2106357,11414,184.5
2015,192,서경대학교,대학,사립,서울,B그룹,7202,6745,457,211,429,184,44,8070,35,749543,4443,146,136,112,42,4879,44645,1056,2236,1845,522,50304,0,0,0,0,0,7,43,18,15,22,1109,45701,7202,6.300000190734863,749543,7202,104.0999984741211
2015,193,서남대학교,대학,사립,전북,C그룹,1767,1679,88,252,44,46,0,2109,37,0,345,16,10,5,0,376,1165,46,19,10,0,1240,0,0,5,15,0,0,0,0,1,0,0,1211,1767,0.699999988079071,0,1767,0.0
2015,194,서라벌대학교,전문대학,사립,경북,C그룹,984,984,0,33,142,58,0,1217,34,28792,283,0,18,15,0,316,1723,0,0,0,0,1723,0,0,106,0,0,0,1,0,0,1,326,1723,984,1.7999999523162842,28792,984,29.299999237060547
2015,195,서영대학교,전문대학,사립,광주,A그룹,5053,5053,0,130,356,61,0,5600,56,65216,422,0,18,4,0,444,1503,0,363,9,0,1875,0,0,393,18,13,0,0,0,0,0,0,1503,5053,0.30000001192092896,65216,5053,12.899999618530273
2015,196,서울과학기술대학교,대학,국립,서울,A그룹,12471,10867,1604,359,713,261,1106,14910,38,1648036,7847,588,284,213,278,9210,69217,7506,4620,2891,2346,86580,0,0,2640,2880,30,0,0,255,87,3,1385,76723,12471,6.199999809265137,1648036,12471,132.10000610351562
2015,197,서울과학종합대학원대학교,대학원대학,사립,서울,-,341,0,341,12,49,51,0,453,1,15,0,15,0,0,0,15,0,53,0,0,0,53,0,0,0,0,0,0,0,0,0,0,0,53,341,0.20000000298023224,15,341,0.0
2015,198,서울교육대학교,대학,국립,서울,C그룹,2980,1532,1448,95,308,81,580,4044,13,509859,1519,600,86,96,242,2543,38047,7757,1669,2121,3070,52664,0,0,75,36,52,0,0,282,32,32,461,45804,2980,15.399999618530273,509859,2980,171.10000610351562
2015,199,서울기독대학교,대학,사립,서울,C그룹,881,673,208,33,121,28,469,1532,8,15175,236,93,21,17,20,387,1378,996,229,94,157,2854,0,0,23,2,0,8,0,19,2,4,216,2374,881,2.700000047683716,15175,881,17.200000762939453
2015,200,서울대학교,대학,국립,서울,A그룹,28490,16511,11979,2231,2460,1116,1496,35793,103,2984277,14818,11264,1538,2850,1121,31591,214785,214808,37318,37748,20456,525115,0,0,3139,804,2254,3434,1335,3733,20219,335,94118,429593,28490,15.100000381469727,2984277,28490,104.69999694824219
2015,201,서울디지털대학교,대학,사립,서울,A그룹,10475,10475,0,55,270,83,1,10884,28,358360,2600,0,30,20,0,2650,0,0,0,0,0,0,0,0,4,15,4,0,0,0,0,0,0,0,10475,0.0,358360,10475,34.20000076293945
2015,202,서울미디어대학원대학교,대학원대학,사립,서울,-,88,0,88,16,3,10,0,117,3,63,0,45,8,10,0,63,0,166,349,66,0,581,0,0,0,0,0,0,0,0,0,1,5,166,88,1.899999976158142,63,88,0.699999988079071
2015,203,서울벤처대학원대학교,대학원대학,사립,서울,-,243,0,243,17,22,11,242,535,3,50,0,0,0,0,0,0,0,0,0,0,0,0,0,0,0,0,0,0,0,0,0,0,0,0,243,0.0,50,243,0.20000000298023224
2015,204,서울불교대학원대학교,대학원대학,사립,서울,-,164,0,164,14,23,11,0,212,3,250,0,112,8,3,0,123,0,855,118,28,0,1001,0,0,51,32,0,0,0,20,0,0,0,855,164,5.199999809265137,250,164,1.5
2015,205,서울사이버대학교,대학,사립,서울,A그룹,11380,11017,363,55,150,69,12,11666,7,11927,1097,37,3,10,11,1158,0,0,0,0,0,0,0,0,0,0,0,0,0,0,0,0,0,0,11380,0.0,11927,11380,1.0
2015,206,서울사회복지대학원대학교,대학원대학,사립,서울,-,83,0,83,16,4,13,0,116,1,690,0,30,13,0,0,43,0,78,27,0,19,124,0,0,0,0,0,0,0,0,0,0,0,78,83,0.8999999761581421,690,83,8.300000190734863
2015,207,서울상담심리대학원대학교,대학원대학,사립,서울,-,109,0,109,9,2,9,14,143,1,39240,0,106,12,8,14,140,0,3844,366,101,336,4647,0,0,2352,570,68,0,0,0,0,24,188,3844,109,35.29999923706055,39240,109,360.0
2015,208,서울성경신학대학원대학교,대학원대학,사립,서울,-,64,0,64,12,3,7,9,95,3,0,0,66,11,2,5,84,0,1436,20,7,43,1506,0,0,243,243,24,14,1,0,0,2,100,1436,64,22.399999618530273,0,64,0.0
2015,209,서울시립대학교,대학,공립,서울,A그룹,12195,9516,2679,403,667,383,1011,14659,38,1042920,7498,1508,281,251,0,9538,100602,37132,7291,6486,0,151511,0,0,13722,10864,5891,0,0,640,646,4,80,137734,12195,11.300000190734863,1042920,12195,85.5
2015,210,서울신학대학교,대학,사립,경기,C그룹,3230,2389,841,98,200,63,862,4453,12,149664,1696,718,38,13,166,2631,18055,23272,4258,900,862,47347,0,0,786,128,14,14,67,8,65,116,1401,41327,3230,12.800000190734863,149664,3230,46.29999923706055
2015,211,서울여자간호대학교,전문대학,사립,서울,C그룹,976,976,0,30,47,19,0,1072,4,15224,729,0,17,22,0,768,6123,0,82,141,0,6346,0,0,144,31,12,0,0,1,0,1,245,6123,976,6.300000190734863,15224,976,15.600000381469727
2015,212,서울여자대학교,대학,사립,서울,B그룹,8236,7770,466,246,358,246,2123,11209,46,545054,7100,408,285,375,721,8889,88721,8449,6022,5432,6749,115373,0,0,2719,890,402,753,303,481,275,55,693,97170,8236,11.800000190734863,545054,8236,66.19999694824219
2015,213,서울예술대학교,전문대학,사립,경기,B그룹,3063,3063,0,83,327,54,22,3549,32,185207,1839,0,97,55,1,1992,18823,0,1629,846,56,21354,0,0,0,1,0,0,0,17,0,1,1015,18823,3063,6.099999904632568,185207,3063,60.5
2015,214,서울외국어대학원대학교,대학원대학,사립,서울,-,147,0,147,8,35,4,0,194,3,140,0,0,0,0,0,0,0,0,0,0,0,0,0,0,0,0,0,0,0,0,0,0,0,0,147,0.0,140,147,1.0
2015,215,서울장신대학교,대학,사립,경기,C그룹,874,522,352,37,54,29,10,1004,3,15147,243,240,22,10,1,516,1738,4042,908,170,314,7172,0,0,815,360,0,22,15,0,0,5,1116,5780,874,6.599999904632568,15147,874,17.299999237060547
2015,216,서울한영대학교,대학,사립,서울,C그룹,1101,791,310,43,67,46,159,1416,11,31560,518,114,42,31,6,711,4051,1898,925,797,0,7671,0,0,986,394,26,3,15,291,6,3,282,5949,1101,5.400000095367432,31560,1101,28.700000762939453
2015,217,서원대학교,대학,사립,충북,B그룹,7474,7312,162,248,259,126,198,8305,49,314646,3129,27,138,130,130,3554,26867,249,2493,2823,968,33400,0,0,0,0,10,28,27,119,45,21,1793,27116,7474,3.5999999046325684,314646,7474,42.099998474121094
2015,218,서일대학교,전문대학,사립,서울,A그룹,6422,6422,0,174,433,55,62,7146,62,22505,1723,0,53,54,14,1844,8352,0,866,355,40,9613,0,0,500,400,100,5,17,54,7,64,2276,8352,6422,1.2999999523162842,22505,6422,3.5
2015,219,서정대학교,전문대학,사립,경기,A그룹,4809,4809,0,124,268,64,1,5266,28,2887,1246,0,26,18,1,1291,1502,0,105,199,59,1865,0,0,49,38,19,0,0,0,0,4,4487,1502,4809,0.30000001192092896,2887,4809,0.6000000238418579
2015,220,서해대학,전문대학,사립,전북,C그룹,1428,1428,0,50,178,38,0,1694,36,10890,106,0,12,13,0,131,477,0,64,60,0,601,0,0,30,10,1,0,0,0,0,0,0,477,1428,0.30000001192092896,10890,1428,7.599999904632568
2015,221,선교청대학교,대학,사립,충남,C그룹,0,0,0,0,0,0,0,0,0,0,0,0,0,0,0,0,0,0,0,0,0,0,0,0,0,0,0,0,0,0,0,0,0,0,0,0.0,0,0,0.0
2015,222,선린대학교,전문대학,사립,경북,C그룹,2757,2757,0,79,210,63,0,3109,48,80150,960,0,37,27,0,1024,5989,0,400,200,0,6589,0,0,850,220,0,0,0,7,3,0,0,5989,2757,2.200000047683716,80150,2757,29.100000381469727
2015,223,선문대학교,대학,사립,충남,B그룹,10574,10058,516,351,468,243,4007,15643,43,824754,6130,196,287,311,496,7420,52966,3488,5732,6907,3736,72829,0,0,10590,3554,660,33,58,472,76,41,1175,56454,10574,5.300000190734863,824754,10574,78.0
2015,224,선학유피대학원대학교,대학원대학,사립,경기,-,70,0,70,6,7,21,25,129,2,89,0,52,6,6,25,89,0,3220,169,135,109,3633,0,0,95,15,30,0,0,0,0,15,45,3220,70,46.0,89,70,1.2999999523162842
2015,225,성결대학교,대학,사립,경기,B그룹,6307,5720,587,201,322,80,1316,8226,21,147306,3406,355,110,103,149,4123,34629,9860,2712,2284,3079,52564,0,0,20000,4000,128,16,29,105,50,24,1577,44489,6307,7.099999904632568,147306,6307,23.399999618530273
2015,226,성공회대학교,대학,사립,서울,C그룹,2656,2335,321,83,216,73,277,3305,14,182042,1658,243,140,55,136,2232,18082,4922,3387,1202,2600,30193,0,0,49,99,35,122,118,61,50,9,268,23004,2656,8.699999809265137,182042,2656,68.5
2015,227,성균관대학교,대학,사립,서울,A그룹,27034,19357,7677,1423,925,458,15502,45342,77,4158176,15230,4262,813,244,5111,25660,218958,73716,14921,8128,60670,376393,0,0,67234,12792,17395,2413,1632,6055,1911,276,7531,292674,27034,10.800000190734863,4158176,27034,153.8000030517578
2015,228,성산효대학원대학교,대학원대학,사립,인천,-,237,0,237,14,24,13,328,616,8,612,0,68,10,5,8,91,0,348,230,32,13,623,0,0,10,4,6,1,1,5,5,0,0,348,237,1.5,612,237,2.5999999046325684
2015,229,성서침례대학원대학교,대학원대학,사립,경기,-,50,0,50,8,5,5,234,302,1,0,0,35,5,2,0,42,0,1234,21,10,0,1265,0,0,0,0,0,0,0,0,0,0,0,1234,50,24.700000762939453,0,50,0.0
2015,230,성신여자대학교,대학,사립,서울,A그룹,10846,9962,884,345,922,244,1699,14056,51,538204,7089,425,236,326,232,8308,60196,5855,5170,6014,2822,80057,0,0,2144,2344,472,29,49,246,60,13,2359,66051,10846,6.099999904632568,538204,10846,49.599998474121094
2015,231,성운대학교,전문대학,사립,경북,C그룹,1356,1356,0,44,53,28,0,1481,22,4245,202,0,17,15,0,234,1521,0,247,276,0,2044,0,0,3,0,0,0,0,0,0,0,0,1521,1356,1.100000023841858,4245,1356,3.0999999046325684
2015,232,성화대학,전문대학,사립,전남,B그룹,0,0,0,0,0,0,0,0,0,0,0,0,0,0,0,0,0,0,0,0,0,0,0,0,0,0,0,0,0,0,0,0,0,0,0,0.0,0,0,0.0
2015,233,세경대학교,전문대학,사립,강원,C그룹,983,983,0,26,65,27,100,1201,24,4500,516,0,101,52,77,746,1707,0,256,127,156,2246,0,0,40,15,0,0,0,0,0,26,314,1707,983,1.7000000476837158,4500,983,4.599999904632568
2015,234,세계사이버대학,기타,기타,경기,-,0,0,0,0,0,0,0,0,0,0,20,0,3,1,0,24,0,0,0,0,0,0,0,0,0,0,0,0,0,0,0,0,0,0,0,0.0,0,0,0.0
2015,235,세명대학교,대학,사립,충북,B그룹,8740,8464,276,286,268,144,153,9591,47,568538,5573,106,183,193,26,6081,202910,1763,3530,3740,363,212306,0,0,0,0,0,43,11,381,14,88,2715,204673,8740,23.399999618530273,568538,8740,65.0999984741211
2015,236,세종대학교,대학,사립,서울,A그룹,13713,11293,2420,442,691,154,11946,26946,57,1997443,7633,1010,288,137,557,9625,70548,11255,4230,1851,5832,93716,0,0,1572,1140,114,31,180,168,99,6,10812,81803,13713,6.0,1997443,13713,145.6999969482422
2015,237,세한대학교,대학,사립,충남,C그룹,4377,4285,92,146,194,92,0,4809,47,118027,758,20,76,42,0,896,4973,103,2454,1736,0,9266,0,0,0,5,0,0,1,3,0,0,0,5076,4377,1.2000000476837158,118027,4377,27.0
2015,238,송곡대학교,전문대학,사립,강원,C그룹,820,820,0,22,64,21,0,927,10,1189,115,0,1,8,0,124,128,0,2,62,0,192,0,0,0,0,0,0,0,0,0,0,0,128,820,0.20000000298023224,1189,820,1.5
2015,239,송원대학교,대학,사립,광주,C그룹,2369,2369,0,117,115,53,9,2663,21,39499,469,0,17,20,9,515,1789,0,98,334,65,2286,0,0,17,28,0,0,0,7,0,17,314,1789,2369,0.800000011920929,39499,2369,16.700000762939453
2015,240,송호대학교,전문대학,사립,강원,C그룹,1034,1034,0,31,71,41,16,1193,20,4572,262,0,10,29,8,309,1309,0,108,389,85,1891,0,0,282,14,0,0,0,0,0,4,8,1309,1034,1.2999999523162842,4572,1034,4.400000095367432
2015,241,수도국제대학원대학교,대학원대학,사립,서울,-,307,0,307,22,61,13,0,403,8,194,0,128,21,2,0,151,0,1395,179,49,0,1623,0,0,5,3,0,1,0,0,0,0,0,1395,307,4.5,194,307,0.6000000238418579
2015,242,수성대학교,전문대학,사립,대구,B그룹,3756,3756,0,99,307,84,22,4268,31,169131,1321,0,68,51,4,1444,10878,0,1196,1114,201,13389,0,0,260,31,13,1,0,31,27,35,1000,10878,3756,2.9000000953674316,169131,3756,45.0
2015,243,수원가톨릭대학교,대학,사립,경기,C그룹,204,143,61,12,23,34,6,279,1,4620,144,81,26,8,6,265,6352,4126,1124,119,124,11845,0,0,135,9,40,36,34,56,13,5,156,10478,204,51.400001525878906,4620,204,22.600000381469727
2015,244,수원과학대학교,전문대학,사립,경기,B그룹,6390,6390,0,166,371,100,15,7042,45,32760,556,0,79,44,5,684,3642,0,1159,407,8,5216,0,0,16,35,0,0,0,0,0,9,380,3642,6390,0.6000000238418579,32760,6390,5.099999904632568
2015,245,수원대학교,대학,사립,경기,B그룹,11573,10705,868,380,550,150,232,12885,54,316250,3341,115,75,94,0,3625,14663,840,696,1161,0,17360,0,0,6144,768,65,9,29,94,16,32,3067,15503,11573,1.2999999523162842,316250,11573,27.299999237060547
2015,246,수원여자대학교,전문대학,사립,경기,B그룹,4563,4563,0,122,373,50,126,5234,58,103634,1641,0,76,90,1,1808,12747,0,893,1495,181,15316,0,0,0,0,0,0,0,53,53,11,766,12747,4563,2.799999952316284,103634,4563,22.700000762939453
2015,247,숙명여자대학교,대학,사립,서울,A그룹,13020,10674,2346,453,1134,270,5723,20600,54,1321336,10588,2267,523,353,1699,15430,143387,43203,11374,7106,28824,233894,0,0,3205,2755,582,548,435,951,450,114,4100,186590,13020,14.300000190734863,1321336,13020,101.5
2015,248,순복음대학원대학교,대학원대학,사립,서울,-,153,0,153,10,10,5,20,198,5,4160,2,65,5,0,19,91,4,310,18,0,50,382,0,0,0,0,0,0,0,0,0,0,0,314,153,2.0999999046325684,4160,153,27.200000762939453
2015,249,순복음총회신학교,대학,사립,충북,C그룹,300,300,0,16,13,5,10,344,5,3987,72,0,3,2,0,77,301,0,13,5,0,319,0,0,0,0,0,0,0,0,0,0,0,301,300,1.0,3987,300,13.300000190734863
2015,250,순천제일대학교,전문대학,사립,전남,B그룹,2545,2545,0,69,144,63,101,2922,40,0,691,0,61,2,1,755,24567,0,824,26,0,25417,0,0,160,60,0,0,0,0,0,33,1116,24567,2545,9.699999809265137,0,2545,0.0
2015,251,순천향대학교,대학,사립,충남,A그룹,12123,11017,1106,842,578,269,63,13875,55,1190595,5441,192,272,124,1,6030,41194,1994,7289,5284,75,55836,0,0,5607,2405,1918,59,85,6192,380,13,938,43188,12123,3.5999999046325684,1190595,12123,98.19999694824219
2015,252,숭실대학교,대학,사립,서울,A그룹,15546,12935,2611,488,890,248,15631,32803,53,3038021,11534,1769,502,372,1279,15456,145290,33383,14922,7564,13864,215023,0,0,685,830,712,309,193,871,370,42,3446,178673,15546,11.5,3038021,15546,195.39999389648438
2015,253,숭실사이버대학교,대학,사립,서울,B그룹,4709,4709,0,33,168,44,0,4954,25,0,289,0,0,0,0,289,0,0,0,0,0,0,0,0,0,0,0,0,0,0,0,0,0,0,4709,0.0,0,4709,0.0
2015,254,숭의여자대학교,전문대학,사립,서울,B그룹,3616,3616,0,90,234,49,0,3989,29,46166,1700,0,111,55,0,1866,11974,0,1794,766,0,14534,0,0,0,0,0,0,0,1,1,38,1456,11974,3616,3.299999952316284,46166,3616,12.800000190734863
2015,255,신경주대학교,대학,사립,경북,C그룹,2694,2610,84,153,84,59,0,2990,33,8176,462,8,51,43,0,564,2333,99,1100,1004,0,4536,0,0,2370,790,0,0,14,15,13,4,508,2432,2694,0.8999999761581421,8176,2694,3.0
2015,256,신구대학교,전문대학,사립,경기,A그룹,6839,6839,0,172,407,63,0,7481,87,156996,1770,0,70,63,0,1903,9739,0,1210,595,0,11544,0,0,12,20,2,0,0,2,1,75,2400,9739,6839,1.399999976158142,156996,6839,23.0
2015,257,신라대학교,대학,사립,부산,B그룹,11035,10277,758,353,402,167,5535,17492,53,598059,4580,258,303,141,107,5389,30137,2406,4951,2212,937,40643,0,0,264,297,237,47,72,313,185,99,4050,32543,11035,2.9000000953674316,598059,11035,54.20000076293945
2015,258,신성대학교,전문대학,사립,충남,B그룹,4140,4140,0,117,207,57,17,4538,42,165241,1683,0,63,59,7,1812,13649,0,1099,1211,31,15990,0,0,24,58,7,0,0,32,0,6,115,13649,4140,3.299999952316284,165241,4140,39.900001525878906
2015,259,신안산대학교,전문대학,사립,경기,B그룹,4449,4449,0,133,190,84,0,4856,32,28221,798,0,29,56,0,883,3473,0,752,1260,0,5485,0,0,0,0,0,0,2,0,0,16,1029,3473,4449,0.800000011920929,28221,4449,6.300000190734863
2015,260,신한대학교,대학,사립,경기,B그룹,5826,5716,110,212,333,153,0,6524,33,369859,1802,6,89,74,0,1971,8179,23,1185,1054,0,10441,0,0,135,69,46,3,0,6,1,3,2949,8202,5826,1.399999976158142,369859,5826,63.5
2015,261,신흥대학교,전문대학,사립,경기,A그룹,0,0,0,0,0,0,0,0,0,0,0,0,0,0,0,0,0,0,0,0,0,0,0,0,0,0,0,0,0,0,0,0,0,0,0,0.0,0,0,0.0
2015,262,실천신학대학원대학교,대학원대학,사립,경기,-,82,0,82,5,7,3,2,99,1,1937,0,51,4,1,0,56,0,362,48,1,0,411,0,0,10,5,3,6,0,3,0,2,32,362,82,4.400000095367432,1937,82,23.600000381469727
2015,263,아신대학교,대학,사립,경기,C그룹,1478,807,671,63,51,39,250,1881,6,5200,577,512,35,28,6,1158,5205,9930,464,129,262,15990,0,0,1192,596,149,4,1,4,11,4,450,15135,1478,10.199999809265137,5200,1478,3.5
2015,264,아주대학교,대학,사립,경기,A그룹,14313,9954,4359,672,736,235,6270,22226,42,1573362,8114,1916,399,462,1469,12360,73727,17883,7894,4502,11745,115751,0,0,2765,2370,729,313,304,2597,1544,37,3618,91610,14313,6.400000095367432,1573362,14313,109.9000015258789
2015,265,아주자동차대학교,전문대학,사립,충남,C그룹,981,981,0,28,33,19,1,1062,3,12435,442,0,20,20,1,483,1763,0,263,278,0,2304,0,0,15,11,0,0,0,0,0,9,614,1763,981,1.7999999523162842,12435,981,12.699999809265137
2015,266,안동과학대학교,전문대학,사립,경북,B그룹,2859,2859,0,95,182,95,0,3231,38,95000,1065,0,57,52,0,1174,9026,0,1171,1079,0,11276,0,0,362,192,54,0,0,29,1,51,1480,9026,2859,3.200000047683716,95000,2859,33.20000076293945
2015,267,안산대학교,전문대학,사립,경기,A그룹,4631,4631,0,122,309,64,0,5126,45,109021,1220,0,66,72,0,1358,5376,0,1044,1030,0,7450,0,0,678,226,20,4,0,31,3,67,2108,5376,4631,1.2000000476837158,109021,4631,23.5
2015,268,안양대학교,대학,사립,경기,B그룹,5918,5367,551,205,381,69,0,6573,32,154771,1744,115,82,113,0,2054,9937,1917,1122,1244,0,14220,0,0,8,23,28,58,13,0,1,18,1976,11854,5918,2.0,154771,5918,26.200000762939453
2015,269,에스라성경대학원대학교,대학원대학,사립,경기,-,76,0,76,6,2,7,0,91,1,100,0,48,8,2,0,58,0,380,120,10,0,510,0,0,0,0,0,5,5,0,0,1,44,380,76,5.0,100,76,1.2999999523162842
2015,270,여주대학교,전문대학,사립,경기,B그룹,5797,5797,0,148,345,145,797,7232,75,150435,1665,0,86,82,0,1833,7504,0,1198,1975,0,10677,0,0,0,0,0,0,0,0,0,8,48,7504,5797,1.2999999523162842,150435,5797,26.0
2015,271,연성대학교,전문대학,사립,경기,A그룹,6047,6047,0,161,303,50,223,6784,66,63579,1000,0,73,40,0,1113,3544,0,952,296,0,4792,0,0,0,0,0,0,0,0,0,54,3368,3544,6047,0.6000000238418579,63579,6047,10.5
2015,272,연세대학교,대학,사립,서울,A그룹,31191,19546,11645,1637,2558,873,5772,42031,70,3527570,19991,8460,1670,1979,3184,35284,239215,153689,28621,29714,68116,519355,0,0,68206,24097,5819,4144,6021,2876,31307,251,22727,392904,31191,12.600000381469727,3527570,31191,113.0999984741211
2015,273,연세대학교(미래),대학,사립,강원,B그룹,8201,7898,303,369,418,222,472,9682,34,598727,6093,413,211,398,232,7347,64704,5669,2895,4596,2814,80678,0,0,2543,2789,1211,756,449,339,2621,59,1671,70373,8201,8.600000381469727,598727,8201,73.0
2015,274,연암공과대학교,전문대학,사립,경남,C그룹,1400,1400,0,38,79,47,0,1564,10,191477,498,0,30,41,0,569,2722,0,974,461,0,4157,0,0,2862,62,3,0,0,2,2,0,0,2722,1400,1.899999976158142,191477,1400,136.8000030517578
2015,275,연암대학교,전문대학,사립,충남,C그룹,1135,1135,0,29,68,82,3,1317,12,1336,261,0,18,37,3,319,1535,0,576,531,0,2642,0,0,100,40,0,0,0,4,4,10,200,1535,1135,1.399999976158142,1336,1135,1.2000000476837158
2015,276,영남대학교,대학,사립,경북,A그룹,25902,22642,3260,964,1121,661,3637,32285,79,1870406,17652,1806,596,863,1661,22578,169974,32854,14667,13415,27566,258476,0,0,2480,2232,1240,450,732,2357,1691,94,5708,202828,25902,7.800000190734863,1870406,25902,72.19999694824219
2015,277,영남사이버대학교,대학,사립,경북,C그룹,0,0,0,0,0,0,0,0,0,0,0,0,0,0,0,0,0,0,0,0,0,0,0,0,0,0,0,0,0,0,0,0,0,0,0,0.0,0,0,0.0
2015,278,영남신학대학교,대학,사립,경북,C그룹,735,433,302,28,42,19,34,858,4,3764,387,354,25,16,34,816,3622,6947,1152,318,1230,13269,0,0,0,0,0,18,15,34,25,1,43,10569,735,14.399999618530273,3764,735,5.099999904632568
2015,279,영남외국어대학,전문대학,사립,경북,C그룹,873,873,0,29,77,26,212,1217,21,955,101,0,4,8,0,113,329,0,28,20,0,377,0,0,0,0,0,2,1,0,0,0,0,329,873,0.4000000059604645,955,873,1.100000023841858
2015,280,영남이공대학교,전문대학,사립,대구,A그룹,6138,6138,0,160,462,137,0,6897,47,113290,1904,0,47,93,0,2044,11098,0,803,1291,0,13192,0,0,48,55,59,0,0,11,5,17,869,11098,6138,1.7999999523162842,113290,6138,18.5
2015,281,영산대학교,대학,사립,경남,B그룹,7617,7312,305,239,316,138,0,8310,51,488000,2714,30,164,167,0,3075,14459,174,2768,2135,0,19536,0,0,192,144,48,33,16,41,6,17,598,14633,7617,1.899999976158142,488000,7617,64.0999984741211
2015,282,영산선학대학교,대학,사립,전남,C그룹,42,42,0,14,4,5,15,80,1,779,43,0,17,11,15,86,521,0,78,12,30,641,0,0,128,25,26,0,2,0,15,1,15,521,42,12.399999618530273,779,42,18.5
2015,283,영진전문대학교,전문대학,사립,대구,A그룹,8084,8084,0,198,540,101,1485,10408,26,409769,2814,0,124,133,37,3108,17617,0,1739,1796,344,21496,0,0,365,220,63,0,0,0,1,16,4806,17617,8084,2.200000047683716,409769,8084,50.70000076293945
2015,284,예명대학원대학교,대학원대학,사립,서울,-,60,0,60,5,8,8,20,101,2,150,0,50,7,5,5,67,0,300,70,30,10,410,0,0,50,10,0,0,0,0,0,0,0,300,60,5.0,150,60,2.5
2015,285,예수대학교,대학,사립,전북,C그룹,583,575,8,24,21,23,65,716,2,21445,412,7,20,21,65,525,4066,88,252,244,534,5184,0,0,18,63,3,6,7,6,7,4,170,4154,583,7.099999904632568,21445,583,36.79999923706055
2015,286,예원예술대학교,대학,사립,전북,C그룹,1146,1022,124,72,126,30,0,1374,13,1524,220,0,6,22,0,248,544,0,6,130,0,680,0,0,0,0,0,0,0,0,0,0,0,544,1146,0.5,1524,1146,1.2999999523162842
2015,287,오산대학교,전문대학,사립,경기,A그룹,4850,4850,0,135,292,85,0,5362,61,188225,1160,0,63,62,0,1285,6392,0,1251,714,0,8357,0,0,4840,48,24,5,0,27,0,34,2059,6392,4850,1.2999999523162842,188225,4850,38.79999923706055
2015,288,온석대학원대학교,대학원대학,사립,경기,-,308,0,308,11,23,13,0,355,5,185,0,58,0,3,0,61,0,61,0,0,0,61,0,0,52,20,0,0,0,150,100,0,0,61,308,0.20000000298023224,185,308,0.6000000238418579
2015,289,용인대학교,대학,사립,경기,B그룹,7125,6328,797,230,405,137,0,7897,37,300206,2737,120,64,104,0,3025,19821,801,663,1282,0,22567,0,0,1001,36,21,38,16,28,35,3,32,20622,7125,2.9000000953674316,300206,7125,42.099998474121094
2015,290,용인예술과학대학교,전문대학,사립,경기,B그룹,4185,4185,0,117,264,98,0,4664,86,372905,877,0,65,48,0,990,6268,0,1056,500,0,7824,0,0,0,0,0,0,0,0,0,36,2096,6268,4185,1.5,372905,4185,89.0999984741211
2015,291,우석대학교,대학,사립,전북,B그룹,8653,8081,572,282,375,191,1581,11082,81,318949,3141,218,132,179,31,3701,23950,1781,2520,3332,373,31956,0,0,12280,7481,70,16,45,70,75,57,2043,25731,8653,3.0,318949,8653,36.900001525878906
2015,292,우송공업대학,전문대학,사립,대전,B그룹,0,0,0,0,0,0,0,0,0,0,0,0,0,0,0,0,0,0,0,0,0,0,0,0,0,0,0,0,0,0,0,0,0,0,0,0.0,0,0,0.0
2015,293,우송대학교,대학,사립,대전,A그룹,9953,9426,527,281,585,189,36,11044,40,316900,4039,56,124,101,36,4356,19081,269,966,555,118,20989,0,0,2960,1480,9,9,0,26,2,7,154,19350,9953,1.899999976158142,316900,9953,31.799999237060547
2015,294,우송정보대학,전문대학,사립,대전,B그룹,4866,4866,0,129,341,96,9,5441,38,158454,833,0,39,29,9,910,2575,0,265,167,15,3022,0,0,2960,1480,9,9,0,26,2,9,245,2575,4866,0.5,158454,4866,32.599998474121094
2015,295,울산과학기술원,대학,국립,울산,C그룹,4123,3160,963,246,93,248,108,4818,11,585482,2476,622,110,402,93,3703,33719,7756,1343,5818,846,49482,0,0,33120,8900,2560,241,20,2117,43,51,491,41475,4123,10.100000381469727,585482,4123,142.0
2015,296,울산과학대학교,전문대학,사립,울산,A그룹,4910,4910,0,140,311,86,17232,22679,34,142645,939,0,68,100,268,1375,4020,0,1048,1679,2892,9639,0,0,1570,3140,15,0,0,21,0,29,859,4020,4910,0.800000011920929,142645,4910,29.100000381469727
2015,297,울산대학교,대학,사립,울산,A그룹,14994,12944,2050,1098,1008,337,4057,21494,32,1536538,10078,839,446,527,1862,13752,78349,9097,6688,6966,12712,113812,0,0,788,3556,346,67,227,3038,3017,170,2646,87446,14994,5.800000190734863,1536538,14994,102.5
2015,298,웅지세무대학교,전문대학,사립,경기,C그룹,1829,1829,0,55,32,52,0,1968,13,0,0,0,0,0,0,0,0,0,0,0,0,0,0,0,0,0,0,0,0,0,0,0,0,0,1829,0.0,0,1829,0.0
2015,299,원광대학교,대학,사립,전북,A그룹,17966,16256,1710,749,1052,278,6307,26352,91,1920441,9924,1092,384,462,298,12160,74434,13719,5762,7011,4335,105261,0,0,18363,8894,419,123,159,1491,1170,24,1024,88153,17966,4.900000095367432,1920441,17966,106.9000015258789
2015,300,원광보건대학교,전문대학,사립,전북,B그룹,4669,4669,0,135,276,86,52,5218,44,59218,889,0,72,28,24,1013,22492,0,1676,745,185,25098,0,0,108,152,21,1,9,621,589,18,1022,22492,4669,4.800000190734863,59218,4669,12.699999809265137
2015,301,원불교대학원대학교,대학원대학,사립,전북,-,48,0,48,9,1,1,0,59,1,55,0,37,3,0,0,40,0,340,16,0,0,356,0,0,0,0,0,0,0,0,0,2,110,340,48,7.099999904632568,55,48,1.100000023841858
2015,302,웨스트민스터신학대학원대학교,대학원대학,사립,경기,-,301,0,301,20,27,11,5,364,9,691,0,225,12,6,0,243,0,2131,323,71,0,2525,0,0,35,8,0,1,1,1,1,0,0,2131,301,7.099999904632568,691,301,2.299999952316284
2015,303,위덕대학교,대학,사립,경북,C그룹,3504,3222,282,129,97,79,149,3958,25,346200,1140,36,56,38,26,1296,9433,510,898,549,264,11654,0,0,680,520,98,1,7,63,15,14,1186,9943,3504,2.799999952316284,346200,3504,98.80000305175781
2015,304,유원대학교,대학,사립,충북,C그룹,3888,3784,104,133,157,53,0,4231,36,122000,1078,6,77,41,0,1202,6290,35,979,296,0,7600,0,0,80,120,0,27,24,43,43,1,600,6325,3888,1.600000023841858,122000,3888,31.399999618530273
2015,305,유한대학교,전문대학,사립,경기,A그룹,4897,4897,0,143,331,60,135,5566,60,94338,1921,0,106,90,29,2146,11496,0,1889,1453,372,15210,0,0,0,0,4,0,0,0,0,0,0,11496,4897,2.299999952316284,94338,4897,19.299999237060547
2015,306,육군사관학교,기타,기타,서울,-,0,0,0,0,0,0,514,514,0,110128,1162,0,173,223,514,2072,16791,0,6199,3898,15628,42516,0,0,0,0,0,136,8,118,18,14,480,16791,0,0.0,110128,0,0.0
2015,307,을지대학교,대학,사립,대전,B그룹,5564,5306,258,408,314,145,0,6431,27,326820,2669,38,75,96,0,2878,16304,276,914,979,5,18478,0,0,0,0,0,0,0,369,77,3,1520,16580,5564,3.0,326820,5564,58.70000076293945
2015,308,이화여자대학교,대학,사립,서울,A그룹,21194,15183,6011,1004,1852,523,10502,35075,90,1603162,13907,6231,1058,355,4116,25667,203087,133568,25277,8810,48529,419271,0,0,5204,2762,1721,2497,2108,5113,2850,256,10385,336655,21194,15.899999618530273,1603162,21194,75.5999984741211
2015,309,인덕대학교,전문대학,사립,서울,A그룹,6419,6419,0,163,362,58,343,7345,48,143565,1529,0,53,61,3,1646,6869,0,439,682,86,8076,0,0,30,14,5,1,0,0,3,15,1507,6869,6419,1.100000023841858,143565,6419,22.399999618530273
2015,310,인제대학교,대학,사립,경남,B그룹,11701,10398,1303,994,532,270,569,14066,58,428292,5731,435,231,279,206,6882,42592,4249,3541,2716,1767,54865,0,0,1294,2001,181,0,0,1861,157,70,2727,46841,11701,4.0,428292,11701,36.599998474121094
2015,311,인제대학원대학교,대학원대학,사립,서울,-,58,0,58,5,3,2,0,68,1,102,0,11,0,0,0,11,0,16,0,0,0,16,0,0,0,0,0,0,0,0,0,0,0,16,58,0.30000001192092896,102,58,1.7999999523162842
2015,312,인천가톨릭대학교,대학,사립,인천,C그룹,835,760,75,43,80,67,101,1126,7,13950,390,83,42,30,10,555,5144,4514,1019,315,59,11051,0,0,1293,361,90,17,3,115,2,10,235,9658,835,11.600000381469727,13950,835,16.700000762939453
2015,313,인천대학교,대학,국립,인천,A그룹,14238,12879,1359,440,728,244,513,16163,70,797934,9286,655,340,100,380,10761,72894,7597,4693,1525,3649,90358,0,0,10000,20000,10000,92,13,733,54,30,1758,80491,14238,5.699999809265137,797934,14238,56.0
2015,314,인천전문대학,전문대학,공립,인천,A그룹,0,0,0,0,0,0,0,0,0,0,0,0,0,0,0,0,0,0,0,0,0,0,0,0,0,0,0,0,0,0,0,0,0,0,0,0.0,0,0,0.0
2015,315,인하공업전문대학,전문대학,사립,인천,A그룹,6843,6843,0,172,365,99,0,7479,25,295302,2390,0,78,79,0,2547,12285,0,1217,1261,0,14763,0,0,6,13,25,8,0,8,0,0,0,12285,6843,1.7999999523162842,295302,6843,43.20000076293945
2015,316,인하대학교,대학,사립,인천,A그룹,21353,18177,3176,844,1049,363,3821,27430,64,1450855,12761,2124,432,544,1623,17484,135438,32687,9045,9467,16642,203279,0,0,0,0,260,450,464,2201,1347,69,8565,168125,21353,7.900000095367432,1450855,21353,67.9000015258789
2015,317,장로회신학대학교,대학,사립,서울,C그룹,2230,683,1547,79,203,48,713,3273,3,261207,552,1839,127,39,168,2725,6541,40615,4096,622,2472,54346,0,0,595,73,38,1,0,52,102,0,1002,47156,2230,21.100000381469727,261207,2230,117.0999984741211
2015,318,장안대학교,전문대학,사립,경기,B그룹,6259,6259,0,192,356,53,5,6865,60,145323,2664,0,100,103,4,2871,14202,0,1070,1256,49,16577,0,0,547,792,105041,0,0,1,0,0,6207,14202,6259,2.299999952316284,145323,6259,23.200000762939453
2015,319,재능대학교,전문대학,사립,인천,B그룹,3651,3651,0,106,281,70,0,4108,40,80928,1035,0,27,29,0,1091,4664,0,224,191,0,5079,0,0,0,0,0,0,0,2,0,0,0,4664,3651,1.2999999523162842,80928,3651,22.200000762939453
2015,320,전남과학대학교,전문대학,사립,전남,B그룹,3876,3876,0,108,251,75,6,4316,35,16758,429,0,34,27,4,494,3007,0,288,486,10,3791,0,0,0,0,0,2,2,1,1,15,711,3007,3876,0.800000011920929,16758,3876,4.300000190734863
2015,321,전남대학교,대학,국립,광주,A그룹,25913,20798,5115,1270,1177,604,3197,32161,94,1991825,15802,3615,894,715,2049,23075,143836,54871,17600,13593,34810,264710,0,0,14735,2111,6283,1020,357,2516,894,138,2796,198707,25913,7.699999809265137,1991825,25913,76.9000015258789
2015,322,전남도립대학교,전문대학,공립,전남,C그룹,1463,1463,0,49,166,32,34,1744,37,36761,426,0,35,37,15,513,5337,0,650,474,124,6585,0,0,240,120,6,1,0,12,12,40,2500,5337,1463,3.5999999046325684,36761,1463,25.100000381469727
2015,323,전북과학대학교,전문대학,사립,전북,C그룹,1630,1630,0,47,124,32,4,1837,26,17446,447,0,18,10,3,478,1356,0,170,152,3,1681,0,0,3555,100,0,0,0,0,0,0,0,1356,1630,0.800000011920929,17446,1630,10.699999809265137
2015,324,전북대학교,대학,국립,전북,A그룹,23841,19576,4265,1022,1559,489,489,27400,138,2641460,14229,2622,701,489,483,18524,129577,40294,12290,6336,158,188655,0,0,38231,21321,3205,458,348,3358,3346,136,5119,169871,23841,7.099999904632568,2641460,23841,110.80000305175781
2015,325,전주교육대학교,대학,국립,전북,C그룹,1500,1210,290,59,150,42,118,1869,14,212911,1111,94,46,28,21,1300,30683,516,1097,281,135,32712,0,0,6150,3690,1230,44,2,46,30,0,245,31199,1500,20.799999237060547,212911,1500,141.89999389648438
2015,326,전주기전대학,전문대학,사립,전북,C그룹,1869,1869,0,57,163,32,0,2121,22,15000,303,0,10,2,0,315,910,0,96,24,13,1043,0,0,0,0,0,0,0,0,0,2,400,910,1869,0.5,15000,1869,8.0
2015,327,전주대학교,대학,사립,전북,A그룹,12575,11613,962,371,743,274,110632,124595,74,1244766,6963,369,294,387,952,8965,65644,4940,5992,6154,15612,98342,0,0,15600,1753,195,120,26,1244,104,80,7010,70584,12575,5.599999904632568,1244766,12575,99.0
2015,328,전주비전대학교,전문대학,사립,전북,B그룹,3443,3443,0,86,229,90,2,3850,45,55660,741,0,30,50,2,823,5858,0,278,407,11,6554,0,0,750,300,0,0,0,8,0,14,664,5858,3443,1.7000000476837158,55660,3443,16.200000762939453
2015,329,제네바신학대학원대학교,대학원대학,사립,경기,-,0,0,0,0,0,0,0,0,0,0,0,0,0,0,0,0,0,0,0,0,0,0,0,0,0,0,0,0,0,0,0,0,0,0,0,0.0,0,0,0.0
2015,330,제주관광대학교,전문대학,사립,제주,C그룹,2306,2306,0,75,187,60,260,2888,25,92101,497,0,40,38,23,598,2431,0,657,481,68,3637,0,0,95,40,2,0,0,0,0,26,941,2431,2306,1.100000023841858,92101,2306,39.900001525878906
2015,331,제주국제대학교,대학,사립,제주,C그룹,1379,1208,171,91,99,60,0,1629,25,3144,31,0,5,0,0,36,122,0,34,0,0,156,0,0,17,3,0,0,0,16,0,0,0,122,1379,0.10000000149011612,3144,1379,2.299999952316284
2015,332,제주대학교,대학,국립,제주,A그룹,12487,10553,1934,623,789,423,326,14648,62,694027,5938,940,274,105,204,7461,61840,14827,4772,1499,3864,86802,0,0,26127,21997,4201,145,36,722,124,41,1203,76667,12487,6.099999904632568,694027,12487,55.599998474121094
2015,333,제주한라대학교,전문대학,사립,제주,A그룹,5270,5270,0,144,294,111,0,5819,66,229337,1285,0,61,30,0,1376,7190,0,486,285,0,7961,0,0,20,12,15,0,0,18,0,32,1765,7190,5270,1.399999976158142,229337,5270,43.5
2015,334,조선간호대학교,전문대학,사립,광주,C그룹,835,835,0,22,18,12,0,887,3,421,185,0,9,5,0,199,429,0,50,27,0,506,0,0,0,0,0,0,0,0,0,0,0,429,835,0.5,421,835,0.5
2015,335,조선대학교,대학,사립,광주,A그룹,22697,19812,2885,839,956,473,82107,107072,89,624629,11027,1198,469,291,98,13083,82423,11310,7520,7436,2208,110897,0,0,38336,8867,1119,285,440,1778,3722,59,3729,93733,22697,4.099999904632568,624629,22697,27.5
2015,336,조선이공대학교,전문대학,사립,광주,B그룹,3611,3611,0,105,294,54,0,4064,45,3500,790,0,41,43,0,874,6312,0,469,478,0,7259,0,0,1200,2710,0,0,0,0,0,14,568,6312,3611,1.7000000476837158,3500,3611,1.0
2015,337,주안대학원대학교,대학원대학,사립,인천,-,30,0,30,7,0,5,0,42,1,30,0,21,7,2,0,30,0,560,151,5,0,716,0,0,0,0,0,0,0,0,0,1,1,560,30,18.700000762939453,30,30,1.0
2015,338,중부대학교,대학,사립,충남,B그룹,9877,8410,1467,320,357,100,3,10657,61,238781,2938,20,172,68,2,3200,17424,149,1487,709,578,20347,0,0,1210,1485,30,19,5,39,13,18,459,17573,9877,1.7999999523162842,238781,9877,24.200000762939453
2015,339,중앙대학교,대학,사립,서울,A그룹,29150,23456,5694,1033,1787,645,23985,56600,93,2612350,19578,4663,745,426,2546,27958,201530,86082,14233,25864,22779,350488,0,0,38680,28550,4967,67,53,1560,942,123,2370,287612,29150,9.899999618530273,2612350,29150,89.5999984741211
2015,340,중앙승가대학교,대학,사립,경기,C그룹,291,222,69,16,40,40,61,448,7,12302,169,36,13,18,0,236,2523,564,87,170,0,3344,0,0,501,147,0,1,5,0,0,2,96,3087,291,10.600000381469727,12302,291,42.29999923706055
2015,341,중원대학교,대학,사립,충북,C그룹,3578,3475,103,159,144,151,76,4108,41,0,1264,12,68,94,6,1444,10291,352,1190,1485,95,13413,0,0,50,8,11,0,0,90,0,0,0,10643,3578,3.0,0,3578,0.0
2015,342,진주교육대학교,대학,국립,경남,C그룹,1790,1361,429,71,135,80,110,2186,12,48533,2967,159,115,91,6,3338,8762,714,860,423,9,10768,0,0,436,250,54,0,0,122,1,1,400,9476,1790,5.300000190734863,48533,1790,27.100000381469727
2015,343,진주보건대학교,전문대학,사립,경남,B그룹,2846,2846,0,75,162,27,0,3110,11,228085,2400,0,55,48,0,2503,11640,0,1252,862,0,13754,0,0,338,0,0,0,0,29,0,31,1085,11640,2846,4.099999904632568,228085,2846,80.0999984741211
2015,344,차의과학대학교,대학,사립,경기,C그룹,2431,1792,639,379,108,64,0,2982,12,88028,528,66,44,56,0,694,2046,238,318,302,0,2904,0,0,0,0,0,0,0,241,0,3,143,2284,2431,0.8999999761581421,88028,2431,36.20000076293945
2015,345,창신대학교,대학,사립,경남,C그룹,1340,1340,0,51,103,28,222,1744,18,54750,516,0,31,40,12,599,2229,0,268,405,30,2932,0,0,1095,2190,104,0,0,0,0,18,475,2229,1340,1.7000000476837158,54750,1340,40.900001525878906
2015,346,창원문성대학교,전문대학,사립,경남,C그룹,4007,4007,0,116,320,50,41,4534,99,44118,1091,0,55,35,21,1202,7395,0,784,609,236,9024,0,0,1570,1206,0,0,0,0,0,55,1705,7395,4007,1.7999999523162842,44118,4007,11.0
2015,347,청강문화산업대학교,전문대학,사립,경기,B그룹,3699,3699,0,97,264,73,7,4140,46,199579,2062,0,129,92,2,2285,29438,0,4471,2085,12,36006,0,0,120,30,20,0,0,4,2,25,734,29438,3699,8.0,199579,3699,54.0
2015,348,청암대학교,전문대학,사립,전남,B그룹,2964,2964,0,80,189,71,120,3424,45,7500,735,0,27,35,3,800,3859,0,188,748,13,4808,0,0,10,3,1,5,5,5,5,2,50,3859,2964,1.2999999523162842,7500,2964,2.5
2015,349,청운대학교,대학,사립,충남,B그룹,6803,6694,109,177,342,121,41,7484,41,231199,2647,13,96,98,0,2854,16671,76,878,1108,0,18733,0,0,1683,701,170,0,0,4,17,26,1857,16747,6803,2.5,231199,6803,34.0
2015,350,청주교육대학교,대학,국립,충북,C그룹,1693,1255,438,70,93,61,40,1957,12,72189,1192,139,65,41,8,1445,20163,605,1286,956,80,23090,0,0,69,25,197,12,4,37,8,1,521,20768,1693,12.300000190734863,72189,1693,42.599998474121094
2015,351,청주대학교,대학,사립,충북,A그룹,12805,12404,401,419,368,208,180,13980,70,842544,6174,154,194,200,75,6797,48642,1870,4120,2550,928,58110,0,0,0,0,0,0,0,79,71,12,956,50512,12805,3.9000000953674316,842544,12805,65.80000305175781
2015,352,초당대학교,대학,사립,전남,C그룹,3637,3435,202,116,171,59,200,4183,23,71000,1035,12,82,55,6,1190,5000,36,746,1323,176,7281,0,0,600,200,60,17,3,13,7,10,3870,5036,3637,1.399999976158142,71000,3637,19.5
2015,353,총신대학교,대학,사립,서울,C그룹,3978,2026,1952,123,236,72,679,5088,11,575650,1446,2064,151,103,328,4092,29203,78646,5285,2184,9851,125169,0,0,390,75,21,24,3,25,13,6,1726,107849,3978,27.100000381469727,575650,3978,144.6999969482422
2015,354,추계예술대학교,대학,사립,서울,C그룹,1377,1196,181,49,257,40,53,1776,13,79886,940,73,49,33,12,1107,10394,807,652,583,97,12533,0,0,0,0,0,10,1,39,10,2,18,11201,1377,8.100000381469727,79886,1377,58.0
2015,355,춘천교육대학교,대학,국립,강원,C그룹,1899,1395,504,77,83,55,641,2755,12,101627,1418,365,70,50,161,2064,70965,3933,3239,4047,1918,84102,0,0,367,155,41,21,10,48,1,13,641,74898,1899,39.400001525878906,101627,1899,53.5
2015,356,춘해보건대학교,전문대학,사립,울산,B그룹,2655,2655,0,70,169,33,7,2934,18,51398,1256,0,56,73,1,1386,5671,0,910,638,4,7223,0,0,14,8,5,0,0,3,0,18,908,5671,2655,2.0999999046325684,51398,2655,19.399999618530273
2015,357,충남대학교,대학,국립,대전,A그룹,24263,18833,5430,922,1462,485,1608,28740,121,3128198,12675,2869,540,542,1105,17731,122144,34179,9380,8202,13553,187458,0,0,20433,9701,2032,321,456,6574,7708,94,3125,156323,24263,6.400000095367432,3128198,24263,128.89999389648438
2015,358,충남도립대학교,전문대학,공립,충남,C그룹,1121,1121,0,32,104,52,315,1624,19,32253,125,0,7,14,2,148,524,0,52,97,9,682,0,0,1120,1020,0,0,0,0,0,30,900,524,1121,0.5,32253,1121,28.799999237060547
2015,359,충북대학교,대학,국립,충북,A그룹,18552,15143,3409,755,1006,431,406,21150,98,3014749,10288,1915,444,225,406,13278,99834,24224,6456,2733,2834,136081,0,0,24440,5920,139,270,256,1365,437,44,7328,124058,18552,6.699999809265137,3014749,18552,162.5
2015,360,충북도립대학교,전문대학,공립,충북,C그룹,1028,1028,0,29,73,37,0,1167,20,3000,520,0,29,24,0,573,5666,0,1836,742,0,8244,0,0,300,20,50,0,0,0,0,20,73,5666,1028,5.5,3000,1028,2.9000000953674316
2015,361,충북보건과학대학교,전문대학,사립,충북,B그룹,2898,2898,0,99,186,62,53,3298,51,14610,360,0,83,0,3,446,2977,0,1233,0,67,4277,0,0,80,20,10,0,0,0,0,1,1000,2977,2898,1.0,14610,2898,5.0
2015,362,충청대학교,전문대학,사립,충북,B그룹,4965,4965,0,135,362,80,35,5577,83,80092,1456,0,70,86,2,1614,6604,0,660,1343,15,8622,0,0,6,6,0,0,0,8,2,1,11,6604,4965,1.2999999523162842,80092,4965,16.100000381469727
2015,363,치유상담대학원대학교,대학원대학,사립,서울,-,145,0,145,16,4,7,0,172,3,0,0,0,0,0,0,0,0,0,0,0,0,0,0,0,45,20,5,0,0,0,0,2,65,0,145,0.0,0,145,0.0
2015,364,칼빈대학교,대학,사립,경기,C그룹,639,422,217,18,93,19,58,827,6,33350,233,165,25,10,7,440,3119,3400,387,89,90,7085,0,0,170,85,9,2,2,10,10,2,164,6519,639,10.199999809265137,33350,639,52.20000076293945
2015,365,탐라대학교,대학,사립,제주,C그룹,0,0,0,0,0,0,0,0,0,0,0,0,0,0,0,0,0,0,0,0,0,0,0,0,0,0,0,0,0,0,0,0,0,0,0,0.0,0,0,0.0
2015,366,평택대학교,대학,사립,경기,C그룹,4733,4159,574,142,260,78,15,5228,30,318711,2230,306,91,90,7,2724,17689,5410,1139,820,104,25162,0,0,204,1747,250,118,4,436,12,11,1051,23099,4733,4.900000095367432,318711,4733,67.30000305175781
2015,367,포항공과대학교,대학,사립,경북,C그룹,3151,1413,1738,267,145,402,782,4747,13,537589,1375,2104,298,319,742,4838,8947,9368,2083,2655,5245,28298,0,0,19,247,92,42,15,638,1343,19,537,18315,3151,5.800000190734863,537589,3151,170.60000610351562
2015,368,포항대학교,전문대학,사립,경북,C그룹,2382,2382,0,79,139,53,0,2653,42,16325,446,0,21,83,0,550,2302,0,188,912,0,3402,0,0,50,37,0,0,0,0,0,0,0,2302,2382,1.0,16325,2382,6.900000095367432
2015,369,한경국립대학교,대학,국립,경기,B그룹,7042,6640,402,230,443,163,709,8587,44,422980,3648,148,188,211,709,4904,47303,1863,3078,3253,446,55943,0,0,1023,703,39,16,5,174,6,96,1798,49166,7042,7.0,422980,7042,60.099998474121094
2015,370,한국개발연구원국제정책대학원대학교,대학원대학,사립,세종,-,678,0,678,34,51,89,82,934,5,529449,0,509,45,95,48,697,0,6792,402,2093,222,9509,0,0,0,0,0,0,0,75,52,6,150,6792,678,10.0,529449,678,780.9000244140625
2015,371,한국골프과학기술대학교,전문대학,사립,강원,C그룹,407,407,0,15,15,28,0,465,6,4970,95,0,13,7,0,115,443,0,124,79,0,646,0,0,50,15,3,0,0,0,0,3,150,443,407,1.100000023841858,4970,407,12.199999809265137
2015,372,한국공학대학교,대학,사립,경기,B그룹,7894,7521,373,231,307,129,61,8622,29,436234,3223,66,86,71,26,3472,23422,576,1480,785,271,26534,0,0,0,0,42,10,1,58,5,0,0,23998,7894,3.0,436234,7894,55.29999923706055
2015,373,한국과학기술원,대학,국립,대전,A그룹,10616,3968,6648,615,497,1736,242,13706,17,1885223,2936,4114,303,653,66,8072,63488,94173,8178,16386,1409,183634,0,0,3081,3186,2489,323,105,829,1495,58,2842,157661,10616,14.899999618530273,1885223,10616,177.60000610351562
2015,374,한국관광대학교,전문대학,사립,경기,C그룹,2134,2134,0,52,77,64,66,2393,18,36555,1127,0,23,39,7,1196,7445,0,317,337,51,8150,0,0,1050,20,0,0,3,0,3,18,1084,7445,2134,3.5,36555,2134,17.100000381469727
2015,375,한국교원대학교,대학,국립,충북,B그룹,5630,2393,3237,205,305,247,3329,9716,24,410920,2426,2249,146,163,644,5628,53779,45121,2487,3074,10299,114760,0,0,2640,1995,405,622,163,1018,158,51,1616,98900,5630,17.600000381469727,410920,5630,73.0
2015,376,한국국제대학교,대학,사립,경남,C그룹,3839,3836,3,139,156,67,0,4201,34,0,412,0,33,21,0,466,1702,0,244,493,0,2439,0,0,45,10,0,1,0,7,0,2,27,1702,3839,0.4000000059604645,0,3839,0.0
2015,377,한국기술교육대학교,대학,사립,충남,C그룹,5050,4560,490,180,190,175,216,5811,12,347045,3578,292,138,194,89,4291,40067,3004,2044,1992,484,47591,0,0,7,51,118,0,0,137,19,1,760,43071,5050,8.5,347045,5050,68.69999694824219
2015,378,한국농수산대학교,전문대학,국립,전북,C그룹,1183,1183,0,33,77,91,100,1484,13,22410,539,0,66,45,21,671,2500,0,1074,419,51,4044,0,0,2467,725,45,0,0,0,0,0,0,2500,1183,2.0999999046325684,22410,1183,18.899999618530273
2015,379,한국방송통신대학교,대학,국립,서울,A그룹,136642,134469,2173,156,693,548,285,138324,28,948425,3689,177,121,423,108,4518,20263,1896,2415,5260,682,30516,0,0,110119,65716,1776,92,76,119,16,212,5668,22159,136642,0.20000000298023224,948425,136642,6.900000095367432
2015,380,한국복지사이버대학교,전문대학,사립,경북,B그룹,0,0,0,0,0,0,0,0,0,0,0,0,0,0,0,0,0,0,0,0,0,0,0,0,0,0,0,0,0,0,0,0,0,0,0,0.0,0,0,0.0
2015,381,한국상담대학원대학교,대학원대학,사립,서울,-,177,0,177,16,0,12,15,220,1,6768,0,177,16,12,15,220,0,2598,119,20,0,2737,0,0,30,30,20,8,8,27,27,7,79,2598,177,14.699999809265137,6768,177,38.20000076293945
2015,382,한국성서대학교,대학,사립,서울,C그룹,1307,1126,181,48,51,58,7053,8517,5,116197,720,77,37,35,363,1232,6249,1541,623,441,3851,12705,0,0,3820,1719,7,3,16,11,2,13,175,7790,1307,6.0,116197,1307,88.9000015258789
2015,383,한국승강기대학교,전문대학,사립,경남,C그룹,518,518,0,21,27,14,0,580,12,681,19,0,0,10,0,29,74,0,6,32,0,112,0,0,5,20,0,0,0,0,0,4,250,74,518,0.10000000149011612,681,518,1.2999999523162842
2015,384,한국에너지공과대학교,대학,국립,전남,C그룹,0,0,0,0,0,0,0,0,0,0,0,0,0,0,0,0,0,0,0,0,0,0,0,0,0,0,0,0,0,0,0,0,0,0,0,0.0,0,0,0.0
2015,385,한국열린사이버대학교,대학,사립,서울,B그룹,2820,2820,0,16,164,56,0,3056,16,200,183,0,6,11,0,200,0,0,0,0,0,0,0,0,0,0,0,1,1,0,0,0,0,0,2820,0.0,200,2820,0.10000000149011612
2015,386,한국영상대학교,전문대학,사립,세종,B그룹,3458,3458,0,109,223,58,42,3890,62,139493,2101,0,85,98,18,2302,13885,0,1136,1860,207,17088,0,0,2660,250,3,0,0,0,0,0,0,13885,3458,4.0,139493,3458,40.29999923706055
2015,387,한국예술종합학교,대학,국립,서울,C그룹,2652,2652,0,127,1148,221,108,4256,29,235565,1763,599,345,214,100,3021,28865,11918,6932,6501,1719,55935,0,0,69,251,90,0,0,42,14,13,101,40783,2652,15.399999618530273,235565,2652,88.80000305175781
2015,388,한국외국어대학교,대학,사립,서울,A그룹,19092,16629,2463,692,1653,340,22473,44250,80,1286448,14493,1897,905,221,6810,24326,185736,38420,21744,4760,30365,281025,0,0,7737,9189,936,8941,8997,1157,494,12,6661,224156,19092,11.699999809265137,1286448,19092,67.4000015258789
2015,389,한국전력국제원자력대학원대학교,대학원대학,사립,울산,-,106,0,106,16,7,33,220,382,1,160,0,109,20,36,50,215,0,1421,324,450,111,2306,0,0,109,80,10,0,0,120,120,0,0,1421,106,13.399999618530273,160,106,1.5
2015,390,한국전통문화대학교,대학,국립,충남,C그룹,673,569,104,31,121,111,95,1031,7,37452,592,84,21,91,20,808,13208,2389,462,1441,235,17735,0,0,269,447,23,14,77,106,24,0,429,15597,673,23.200000762939453,37452,673,55.599998474121094
2015,391,한국정보통신대학교,대학,사립,대전,C그룹,0,0,0,0,0,0,0,0,0,0,0,0,0,0,0,0,0,0,0,0,0,0,0,0,0,0,0,0,0,0,0,0,0,0,0,0.0,0,0,0.0
2015,392,한국철도대학,전문대학,국립,경기,C그룹,0,0,0,0,0,0,0,0,0,0,0,0,0,0,0,0,0,0,0,0,0,0,0,0,0,0,0,0,0,0,0,0,0,0,0,0.0,0,0,0.0
2015,393,한국체육대학교,대학,국립,서울,C그룹,3057,2460,597,111,205,111,29,3513,9,58942,821,150,40,69,13,1093,5031,1628,416,1235,207,8517,0,0,70,25,0,0,0,109,14,9,25,6659,3057,2.200000047683716,58942,3057,19.299999237060547
2015,394,한국침례신학대학교,대학,사립,대전,C그룹,2417,1626,791,53,120,50,769,3409,8,71468,1327,713,72,52,273,2437,15319,19001,2948,1808,7938,47014,0,0,0,0,0,33,16,58,4,20,947,34320,2417,14.199999809265137,71468,2417,29.600000381469727
2015,395,한국폴리텍Ⅰ대학서울강서캠퍼스,전문대학,사립,서울,C그룹,662,662,0,31,42,20,0,755,11,518,518,0,0,0,0,518,423,0,0,0,0,423,0,0,0,0,0,0,0,0,0,0,0,423,662,0.6000000238418579,518,662,0.800000011920929
2015,396,한국폴리텍Ⅰ대학서울정수캠퍼스,전문대학,사립,서울,C그룹,1516,1516,0,68,93,15,0,1692,14,160,139,0,11,9,0,159,766,0,253,607,0,1626,0,0,0,0,0,0,0,0,0,0,0,766,1516,0.5,160,1516,0.10000000149011612
2015,397,한국폴리텍Ⅰ대학성남캠퍼스,전문대학,사립,경기,C그룹,1053,1053,0,47,45,14,4,1163,13,500,100,0,14,0,0,114,342,0,132,0,0,474,0,0,0,0,0,0,0,0,0,0,0,342,1053,0.30000001192092896,500,1053,0.5
2015,398,한국폴리텍Ⅰ대학제주캠퍼스,전문대학,사립,제주,C그룹,0,0,0,0,0,0,0,0,0,0,0,0,0,0,0,0,0,0,0,0,0,0,0,0,0,0,0,0,0,0,0,0,0,0,0,0.0,0,0,0.0
2015,399,한국폴리텍Ⅱ대학남인천캠퍼스,전문대학,사립,인천,C그룹,0,0,0,0,0,0,0,0,0,0,0,0,0,0,0,0,0,0,0,0,0,0,0,0,0,0,0,0,0,0,0,0,0,0,0,0.0,0,0,0.0
2015,400,한국폴리텍Ⅱ대학인천캠퍼스,전문대학,사립,인천,C그룹,2328,2328,0,93,124,16,0,2561,24,2000,330,0,10,5,0,345,1624,0,18,9,0,1651,0,0,4,8,0,0,0,0,0,0,0,1624,2328,0.699999988079071,2000,2328,0.8999999761581421
2015,401,한국폴리텍Ⅱ대학화성캠퍼스,전문대학,사립,경기,C그룹,0,0,0,0,0,0,0,0,0,0,0,0,0,0,0,0,0,0,0,0,0,0,0,0,0,0,0,0,0,0,0,0,0,0,0,0.0,0,0,0.0
2015,402,한국폴리텍Ⅲ대학강릉캠퍼스,전문대학,사립,강원,C그룹,72,72,0,3,13,9,0,97,2,688,23,0,13,27,0,63,93,0,58,210,0,361,0,0,0,0,0,0,0,0,0,0,0,93,72,1.2999999523162842,688,72,9.600000381469727
2015,403,한국폴리텍Ⅲ대학원주캠퍼스,전문대학,사립,강원,C그룹,0,0,0,0,0,0,0,0,0,0,0,0,0,0,0,0,0,0,0,0,0,0,0,0,0,0,0,0,0,0,0,0,0,0,0,0.0,0,0,0.0
2015,404,한국폴리텍Ⅲ대학춘천캠퍼스,전문대학,사립,강원,C그룹,404,404,0,23,24,13,4,468,8,872,205,0,0,40,0,245,674,0,0,355,0,1029,0,0,0,0,0,0,0,0,0,0,0,674,404,1.7000000476837158,872,404,2.200000047683716
2015,405,한국폴리텍Ⅳ대학대전캠퍼스,전문대학,사립,대전,C그룹,0,0,0,0,0,0,0,0,0,0,0,0,0,0,0,0,0,0,0,0,0,0,0,0,0,0,0,0,0,0,0,0,0,0,0,0.0,0,0,0.0
2015,406,한국폴리텍Ⅳ대학아산캠퍼스,전문대학,사립,충남,C그룹,554,554,0,30,40,9,20,653,13,138,75,0,2,36,0,113,62,0,59,25,0,146,0,0,0,0,0,0,0,0,0,0,0,62,554,0.10000000149011612,138,554,0.20000000298023224
2015,407,한국폴리텍Ⅳ대학청주캠퍼스,전문대학,사립,충북,C그룹,766,766,0,36,32,12,0,846,9,800,47,0,6,1,0,54,151,0,60,3,0,214,0,0,0,0,0,0,0,0,0,0,0,151,766,0.20000000298023224,800,766,1.0
2015,408,한국폴리텍Ⅳ대학충남캠퍼스,전문대학,사립,충남,C그룹,265,265,0,17,12,12,2,308,6,661,147,0,4,4,0,155,356,0,46,17,0,419,0,0,0,0,0,0,0,0,0,0,0,356,265,1.2999999523162842,661,265,2.5
2015,409,한국폴리텍Ⅴ대학광주캠퍼스,전문대학,사립,광주,C그룹,871,871,0,42,41,13,0,967,15,2568,66,0,6,5,0,77,202,0,103,45,0,350,0,0,0,0,0,0,0,0,0,0,0,202,871,0.20000000298023224,2568,871,2.9000000953674316
2015,410,한국폴리텍Ⅴ대학순천캠퍼스,전문대학,사립,전남,C그룹,0,0,0,0,0,0,0,0,0,0,0,0,0,0,0,0,0,0,0,0,0,0,0,0,0,0,0,0,0,0,0,0,0,0,0,0.0,0,0,0.0
2015,411,한국폴리텍Ⅴ대학익산캠퍼스,전문대학,사립,전북,C그룹,57,57,0,3,5,14,2,81,2,400,22,0,2,8,0,32,121,0,14,123,0,258,0,0,0,0,0,0,0,0,0,0,0,121,57,2.0999999046325684,400,57,7.0
2015,412,한국폴리텍Ⅴ대학전남캠퍼스,전문대학,사립,전남,C그룹,283,283,0,19,17,7,1,327,11,305,152,0,15,7,0,174,275,0,26,4,0,305,0,0,0,0,0,0,0,0,0,2,306,275,283,1.0,305,283,1.100000023841858
2015,413,한국폴리텍Ⅴ대학전북캠퍼스,전문대학,사립,전북,C그룹,597,597,0,29,21,8,0,655,11,0,202,0,26,30,0,258,387,0,43,65,0,495,0,0,0,0,0,0,0,0,0,0,0,387,597,0.6000000238418579,0,597,0.0
2015,414,한국폴리텍Ⅵ대학구미캠퍼스,전문대학,사립,경북,C그룹,606,606,0,37,37,9,0,689,11,0,0,0,0,0,0,0,0,0,0,0,0,0,0,0,0,0,0,0,0,0,0,3,120,0,606,0.0,0,606,0.0
2015,415,한국폴리텍Ⅵ대학대구캠퍼스,전문대학,사립,대구,C그룹,1096,1096,0,54,58,14,5,1227,12,6160,940,0,20,23,0,983,2575,0,160,103,0,2838,0,0,45,230,30,0,0,0,0,12,360,2575,1096,2.299999952316284,6160,1096,5.599999904632568
2015,416,한국폴리텍Ⅵ대학영남융합기술캠퍼스,전문대학,사립,대구,C그룹,408,408,0,25,29,12,0,474,7,567,101,0,7,10,0,118,478,0,28,58,0,564,0,0,0,0,0,0,0,0,0,0,0,478,408,1.2000000476837158,567,408,1.399999976158142
2015,417,한국폴리텍Ⅵ대학영주캠퍼스,전문대학,사립,경북,C그룹,49,49,0,5,6,7,1,68,2,50,81,0,0,0,0,81,81,0,0,0,0,81,0,0,0,0,0,0,0,0,0,0,0,81,49,1.7000000476837158,50,49,1.0
2015,418,한국폴리텍Ⅶ대학동부산캠퍼스,전문대학,사립,부산,C그룹,0,0,0,0,0,0,0,0,0,0,0,0,0,0,0,0,0,0,0,0,0,0,0,0,0,0,0,0,0,0,0,0,0,0,0,0.0,0,0,0.0
2015,419,한국폴리텍Ⅶ대학부산캠퍼스,전문대학,사립,부산,C그룹,1022,1022,0,43,48,12,0,1125,11,5175,922,0,43,9,0,974,1383,0,107,22,85,1597,0,0,0,0,0,0,0,0,0,0,0,1383,1022,1.399999976158142,5175,1022,5.099999904632568
2015,420,한국폴리텍Ⅶ대학울산캠퍼스,전문대학,사립,울산,C그룹,907,907,0,36,50,9,0,1002,9,1053,91,0,3,7,0,101,295,0,13,44,0,352,0,0,0,0,0,0,0,0,0,0,0,295,907,0.30000001192092896,1053,907,1.2000000476837158
2015,421,한국폴리텍Ⅶ대학진주캠퍼스,전문대학,사립,경남,C그룹,0,0,0,0,0,0,0,0,0,0,0,0,0,0,0,0,0,0,0,0,0,0,0,0,0,0,0,0,0,0,0,0,0,0,0,0.0,0,0,0.0
2015,422,한국폴리텍Ⅶ대학창원캠퍼스,전문대학,사립,경남,C그룹,1541,1541,0,62,56,21,0,1680,18,1680,620,0,0,0,0,620,1213,0,0,0,0,1213,0,0,0,0,0,0,0,0,0,0,0,1213,1541,0.800000011920929,1680,1541,1.100000023841858
2015,423,한국폴리텍특성화 로봇캠퍼스,전문대학,사립,경북,C그룹,0,0,0,0,0,0,0,0,0,0,0,0,0,0,0,0,0,0,0,0,0,0,0,0,0,0,0,0,0,0,0,0,0,0,0,0.0,0,0,0.0
2015,424,한국폴리텍특성화 바이오캠퍼스,전문대학,사립,충남,C그룹,386,386,0,24,20,13,1264,1707,7,841,100,0,8,8,0,116,395,0,89,73,0,557,0,0,0,0,0,0,0,0,0,0,0,395,386,1.0,841,386,2.200000047683716
2015,425,한국폴리텍특성화 반도체융합캠퍼스,전문대학,사립,경기,C그룹,647,647,0,32,41,12,0,732,9,1686,660,0,31,9,0,700,9900,0,722,217,0,10839,0,0,0,0,0,0,0,0,0,0,0,9900,647,15.300000190734863,1686,647,2.5999999046325684
2015,426,한국폴리텍특성화 항공캠퍼스,전문대학,사립,경남,C그룹,506,506,0,27,22,11,0,566,6,305,480,0,28,7,0,515,300,0,38,11,1,350,0,0,0,0,0,0,0,0,0,2,2,300,506,0.6000000238418579,305,506,0.6000000238418579
2015,427,한국학대학원,대학원대학,국립,경기,-,0,0,0,0,0,0,0,0,0,0,0,0,0,0,0,0,0,0,0,0,0,0,0,0,0,0,0,0,0,0,0,0,0,0,0,0.0,0,0,0.0
2015,428,한국항공대학교,대학,사립,경기,C그룹,4729,4228,501,154,142,223,282,5530,12,556902,2968,262,99,114,48,3491,28098,3259,1284,1856,372,34869,0,0,670,393,80,28,18,316,61,4,91,31357,4729,6.599999904632568,556902,4729,117.80000305175781
2015,429,한남대학교,대학,사립,대전,A그룹,13857,12811,1046,431,700,226,1637,16851,71,893756,4816,294,216,200,299,5825,76369,8239,8753,4710,12179,110250,0,0,1139,4,379,219,215,1597,210,28,4953,84608,13857,6.099999904632568,893756,13857,64.5
2015,430,한동대학교,대학,사립,경북,C그룹,4447,4075,372,143,164,129,36,4919,16,267369,3963,352,108,158,36,4617,64071,3899,2110,3168,211,73459,0,0,6044,1192,780,0,0,121,15,7,1042,67970,4447,15.300000190734863,267369,4447,60.099998474121094
2015,431,한라대학교,대학,사립,강원,C그룹,4181,4148,33,136,149,90,0,4556,20,183434,1016,0,57,62,0,1135,4360,0,472,600,0,5432,0,0,310,105,15,4,1,44,1,26,1175,4360,4181,1.0,183434,4181,43.900001525878906
2015,432,한려대학교,대학,사립,전남,C그룹,729,680,49,62,1,17,0,809,16,1157,251,7,9,2,0,269,879,82,64,14,0,1039,0,0,14,11,0,0,0,0,0,0,0,961,729,1.2999999523162842,1157,729,1.600000023841858
2015,433,한림국제대학원대학교,대학원대학,사립,서울,-,218,0,218,18,50,7,0,293,5,1510,0,42,5,3,0,50,0,135,26,18,0,179,0,0,10,30,0,2,2,3,3,0,0,135,218,0.6000000238418579,1510,218,6.900000095367432
2015,434,한림대학교,대학,사립,강원,B그룹,9480,8723,757,818,478,213,1824,12813,37,750938,6681,416,437,390,171,8095,90570,6697,13867,8672,2052,121858,0,0,3247,773,56,46,143,368,620,44,2882,97267,9480,10.300000190734863,750938,9480,79.19999694824219
2015,435,한림성심대학교,전문대학,사립,강원,B그룹,3339,3339,0,89,287,61,76,3852,62,181770,1368,0,69,51,54,1542,10668,0,918,764,651,13001,0,0,30,42,82,5,1,9,4,28,1357,10668,3339,3.200000047683716,181770,3339,54.400001525878906
2015,436,한민학교,대학,사립,충남,C그룹,0,0,0,0,0,0,0,0,0,0,0,0,0,0,0,0,0,0,0,0,0,0,0,0,0,0,0,0,0,0,0,0,0,0,0,0.0,0,0,0.0
2015,437,한반도국제대학원대학교,대학원대학,사립,서울,-,64,0,64,7,4,3,76,154,2,528,0,64,10,3,10,87,0,547,54,9,18,628,0,0,10,20,13,0,0,0,0,0,0,547,64,8.5,528,64,8.300000190734863
2015,438,한북대학교,대학,사립,경기,C그룹,0,0,0,0,0,0,0,0,0,0,0,0,0,0,0,0,0,0,0,0,0,0,0,0,0,0,0,0,0,0,0,0,0,0,0,0.0,0,0,0.0
2015,439,한서대학교,대학,사립,충남,B그룹,8011,7532,479,294,302,156,9,8772,54,290855,2313,87,113,63,5,2581,13113,759,1829,1530,32,17263,0,0,10,24,39,17,25,147,149,45,2039,13872,8011,1.7000000476837158,290855,8011,36.29999923706055
2015,440,한성대학교,대학,사립,서울,B그룹,7837,7031,806,265,450,111,477,9140,28,458975,5953,342,283,100,357,7035,50698,3326,3850,1678,4867,64419,0,0,46,50,508,86,226,262,102,15,3128,54024,7837,6.900000095367432,458975,7837,58.599998474121094
2015,441,한세대학교,대학,사립,경기,C그룹,3640,2743,897,132,343,89,0,4204,21,432223,1645,592,62,93,0,2392,14596,9172,839,1392,418,26417,0,0,85,80,48,33,13,30,7,8,190,23768,3640,6.5,432223,3640,118.69999694824219
2015,442,한신대학교,대학,사립,경기,B그룹,5934,5463,471,176,300,142,516,7068,35,274009,4002,402,236,137,118,4895,35549,12417,4862,2621,1251,56700,0,0,999,127,6,35,139,40,59,6,1914,47966,5934,8.100000381469727,274009,5934,46.20000076293945
2015,443,한양대학교,대학,사립,서울,A그룹,22325,15269,7056,1009,2363,669,433,26799,66,2390786,12985,6187,700,602,321,20795,144828,79579,12448,8555,3604,249014,0,0,16848,19292,1869,379,218,401,2483,127,5435,224407,22325,10.100000381469727,2390786,22325,107.0999984741211
2015,444,한양대학교(ERICA),대학,사립,경기,A그룹,10570,9232,1338,390,723,259,356,12298,50,108424,7057,99,291,251,199,7897,81721,1081,4738,4658,3290,95488,0,0,5510,3644,293,3141,4443,242,617,70,838,82802,10570,7.800000190734863,108424,10570,10.300000190734863
2015,445,한양여자대학교,전문대학,사립,서울,A그룹,6789,6789,0,182,522,123,0,7616,52,220214,2744,0,80,130,0,2954,12478,0,921,1624,0,15023,0,0,141,16,25,0,0,7,0,67,2638,12478,6789,1.7999999523162842,220214,6789,32.400001525878906
2015,446,한영대학교,전문대학,사립,전남,C그룹,1355,1355,0,44,100,21,240,1760,16,0,1052,0,38,10,34,1134,11592,0,674,96,147,12509,0,0,25,36,0,0,0,0,0,2,25,11592,1355,8.600000381469727,0,1355,0.0
2015,447,한일장신대학교,대학,사립,전북,C그룹,1219,879,340,46,121,31,59,1476,9,89578,587,267,41,24,16,935,5760,6479,736,574,351,13900,0,0,128,179,0,21,22,11,7,7,622,12239,1219,10.0,89578,1219,73.5
2015,448,한중대학교,대학,사립,강원,C그룹,1415,1319,96,76,93,52,0,1636,29,6142,94,3,22,19,0,138,780,32,58,55,0,925,0,0,14,27,0,0,0,1,0,15,34,812,1415,0.6000000238418579,6142,1415,4.300000190734863
2015,449,합동신학대학원대학교,대학원대학,사립,경기,-,326,0,326,21,15,15,2329,2706,5,1756,0,299,30,13,292,634,0,8915,932,358,8180,18385,0,0,490,245,200,67,23,309,16,3,127,8915,326,27.299999237060547,1756,326,5.400000095367432
2015,450,해군사관학교,기타,기타,경남,-,0,0,0,0,0,0,596,596,0,13203,769,0,86,146,550,1551,10668,0,1851,2331,15515,30365,0,0,0,0,0,57,13,80,0,0,0,10668,0,0.0,13203,0,0.0
2015,451,협성대학교,대학,사립,경기,C그룹,5104,4618,486,163,319,78,113,5777,29,304484,2211,207,102,49,44,2613,15916,3109,1574,816,526,21941,0,0,3246,1059,10,34,8,65,25,0,1536,19025,5104,3.700000047683716,304484,5104,59.70000076293945
2015,452,혜전대학교,전문대학,사립,충남,B그룹,3235,3235,0,82,210,50,391,3968,31,5466,1619,0,76,35,112,1842,12448,0,1395,756,816,15415,0,0,0,150,10,9,0,96,96,0,931,12448,3235,3.799999952316284,5466,3235,1.7000000476837158
2015,453,호남대학교,대학,사립,광주,B그룹,8349,7703,646,290,158,139,0,8936,49,528290,1885,80,132,101,0,2198,8661,507,1971,1189,0,12328,0,0,0,0,0,0,0,58,81,25,1665,9168,8349,1.100000023841858,528290,8349,63.29999923706055
2015,454,호남신학대학교,대학,사립,광주,C그룹,1008,570,438,40,84,26,363,1521,3,83657,361,383,33,13,91,881,3673,9986,602,113,1104,15478,0,0,0,0,0,0,0,20,20,20,265,13659,1008,13.600000381469727,83657,1008,83.0
2015,455,호산대학교,전문대학,사립,경북,C그룹,2201,2201,0,73,151,38,11,2474,60,9900,452,0,74,32,7,565,2443,0,1465,561,530,4999,0,0,8,6,0,3,0,1,0,0,0,2443,2201,1.100000023841858,9900,2201,4.5
2015,456,호서대학교,대학,사립,충남,A그룹,14244,12994,1250,451,524,219,4001,19439,72,527103,6030,316,231,218,44,6839,42111,4259,4245,4659,542,55816,0,0,2,8,12,100,29,277,66,5,31,46370,14244,3.299999952316284,527103,14244,37.0
2015,457,호원대학교,대학,사립,전북,B그룹,5855,5855,0,178,436,85,229,6783,42,60545,907,0,41,51,15,1014,5431,0,435,738,552,7156,0,0,0,0,0,32,9,28,1,18,595,5431,5855,0.8999999761581421,60545,5855,10.300000190734863
2015,458,홍익대학교,대학,사립,서울,A그룹,22119,18403,3716,735,1012,440,9599,33905,72,2113430,12765,2003,470,342,508,16088,111614,21802,5742,5056,24664,168878,0,0,20103,10747,3398,1664,1202,490,781,26,980,133416,22119,6.0,2113430,22119,95.5
2015,459,화성의과학대학교,대학,사립,경기,C그룹,905,905,0,49,10,14,0,978,10,5200,398,0,33,10,0,441,689,0,23,8,0,720,0,0,0,0,0,0,0,0,0,1,280,689,905,0.800000011920929,5200,905,5.699999809265137
2015,460,화신사이버대학교,대학,사립,부산,C그룹,1121,1121,0,11,27,9,0,1168,8,283,608,0,0,0,0,608,0,0,0,0,0,0,0,0,0,0,0,0,0,0,0,0,0,0,1121,0.0,283,1121,0.30000001192092896
2015,461,횃불트리니티신학대학원대학교,대학원대학,사립,서울,-,435,0,435,25,30,22,217,729,6,738,0,413,35,13,112,573,0,12906,800,188,3504,17398,0,0,550,200,21,41,23,184,20,10,150,12906,435,29.700000762939453,738,435,1.7000000476837158
