ID,SNM,STYP,FND,RGN,USC,SCR_EST_2020,SCR_EST_2021,SCR_EST_2022,SCR_EST_2023,SCR_EST_2024,SCR_EST_2025,SCR_EST_2026
1,ICT폴리텍대학,전문대학,사립,경기,C그룹,60.56050090476191,60.59051090476191,61.10908642857143,60.31584258730159,60.68534720634921,60.697506,60.68887
2,가야대학교,대학,사립,경남,C그룹,66.95371251268375,66.95360338569962,66.82377783254907,66.90117003751801,66.99427554304953,66.98372,66.98067
3,가천대학교,대학,사립,경기,A그룹,69.25922187157283,69.90604203755699,70.11641809379506,70.44962872871574,69.2067407950938,69.25917,69.121704
4,가톨릭관동대학교,대학,사립,강원,B그룹,66.67659351292427,66.62890759661838,66.80700627857523,66.75784302564104,66.6856665416178,66.691574,66.687836
5,가톨릭꽃동네대학교,대학,사립,충북,C그룹,67.34115240163538,66.90389075510802,66.71563533766233,66.9053101029341,66.76920268872992,66.774315,66.76764
6,가톨릭대학교,대학,사립,경기,A그룹,72.17558594760797,72.6405805219226,72.7104762145633,72.29385487617948,68.44889089249646,68.59666,68.580505
7,가톨릭상지대학교,전문대학,사립,경북,C그룹,64.97512120971619,65.08264106685907,65.05970892400192,64.90501225733523,63.852939838143314,63.855995,63.84943
8,감리교신학대학교,대학,사립,서울,C그룹,62.98068668720165,63.18969990331885,64.840673050838,63.880900209568175,62.92084976295925,62.911705,62.92025
9,강남대학교,대학,사립,경기,B그룹,66.75531737429232,66.98613019680317,67.09611164341212,66.29726648396047,66.70979617227212,66.70542,66.70654
10,강동대학교,전문대학,사립,충북,B그룹,62.98183797691202,63.11215473015879,62.66188574603178,61.37097552380956,63.36223941269845,63.35107,63.347763
11,강릉영동대학교,전문대학,사립,강원,B그룹,63.69773506349205,62.72708807936508,62.525795603174586,62.403189619047644,62.99493414285714,62.992893,62.990604
12,강서대학교,대학,사립,서울,C그룹,63.99223493987497,65.44213540019244,64.04247433670038,65.02738204545452,65.75805230495435,65.75445,65.752266
13,강원관광대학교,전문대학,사립,강원,C그룹,60.026567730158746,64.80531825829729,64.90216821067823,62.94898102645506,63.34357707936507,63.354877,63.345364
14,강원대학교,대학,국립,강원,A그룹,70.00752460173155,71.186570580808,70.81052155772012,71.250616016255,70.16235691524489,70.0083,69.98174
15,강원도립대학교,전문대학,공립,강원,C그룹,67.21680936556037,66.78721367574289,66.71460853150548,66.9161145487588,66.86976426015848,66.86879,66.87178
16,개신대학원대학교,대학원대학,사립,서울,-,66.3637266873497,66.21259422558923,66.58517109571909,66.37260968734965,66.19036142568544,66.2086,66.20389
17,거제대학교,전문대학,사립,경남,C그룹,63.76688771404519,64.64288794492539,64.6341026204906,64.70633444925446,65.02392324651274,65.01925,65.01326
18,건국대학교,대학,사립,서울,A그룹,70.3890187719209,70.8601026644173,70.00794952344712,70.11205878438228,69.47429451587308,69.58934,69.51288
19,건국대학교(글로컬),대학,사립,충북,B그룹,67.27129149188153,67.16121382501622,67.23807046905932,66.96170957503611,66.56935885799304,66.572754,66.57034
20,건동대학교,대학,사립,경북,C그룹,60.026567730158746,60.026567730158746,60.026567730158746,60.02656773015876,60.026567730158746,60.026615,60.026615
21,건신대학원대학교,대학원대학,사립,대전,-,66.15612597594995,66.17915061087061,66.2729602312985,66.27062725108222,65.52004949639247,65.52815,65.5438
22,건양대학교,대학,사립,충남,B그룹,65.53121121209782,65.02131792458864,65.753454872423,65.69545625912252,63.30368017297032,63.338074,63.329365
23,경기과학기술대학교,전문대학,사립,경기,A그룹,63.80282795238095,64.14860428571431,64.33768052380957,64.00021747619051,63.07987531313129,63.09886,63.097065
24,경기대학교,대학,사립,경기,A그룹,66.83331067850177,66.84573204940695,67.05187287648685,66.79724390823287,66.15694286827981,66.13325,66.136154
25,경남대학교,대학,사립,경남,A그룹,67.55428632547012,67.41209655762685,67.20848257999336,67.57406830527114,66.4376978529366,66.44525,66.448425
26,경남도립거창대학,전문대학,공립,경남,C그룹,63.32123598412698,64.98651613035119,64.71400716209719,64.21548728908131,64.84700097162099,64.8446,64.84392
27,경남도립남해대학,전문대학,공립,경남,C그룹,64.20070235257337,64.14377551851854,64.44577774867723,62.91303618518523,64.50604571765273,64.500656,64.50398
28,경남정보대학교,전문대학,사립,부산,A그룹,64.09212780519486,64.02046518614725,63.839033202020296,63.6821826305917,63.98483278932184,63.979767,63.98158
29,경동대학교,대학,사립,강원,B그룹,65.30931457107415,64.8048172279728,64.84125914726211,60.57060902597404,59.34445021861472,59.37013,59.244526
30,경민대학교,전문대학,사립,경기,B그룹,63.49838907936509,63.97861320634919,63.97537400000004,63.86884753968259,62.92842696825395,62.91402,62.916973
31,경복대학교,전문대학,사립,경기,A그룹,62.34680008297264,63.1759442734488,62.20178003535361,62.35371346392501,63.21307738888895,63.2346,63.227615
32,경북과학대학교,전문대학,사립,경북,C그룹,62.813651183261165,62.47694618326116,62.00560280230879,62.92443799278496,64.11912057142855,64.11662,64.120476
33,경북대학교,대학,국립,대구,A그룹,74.36970938961046,74.8147540346321,74.81909899855705,74.5920811038961,73.317021962482,73.076385,72.73875
34,경북보건대학교,전문대학,사립,경북,C그룹,62.69691533333336,62.59147128571434,61.822647444444485,61.423868000000056,61.75319090476194,61.76686,61.767235
35,경북외국어대학교,대학,사립,대구,C그룹,60.026567730158746,60.026567730158746,60.026567730158746,60.02656773015876,60.026567730158746,60.026615,60.026615
36,경북전문대학교,전문대학,사립,경북,B그룹,65.08100555627705,64.84292328643579,64.69088815151515,63.86363038095242,64.08709509523813,64.08818,64.087616
37,경상국립대학교,대학,국립,경남,A그룹,72.11952710101005,72.36906923520924,71.65142212121214,71.68449511798657,71.34742546179295,71.31178,71.21762
38,경성대학교,대학,사립,부산,A그룹,67.81396165456191,66.92887099438096,67.2602955490876,67.11283448236674,65.14595363178269,65.13849,65.141655
39,경안대학원대학교,대학원대학,사립,경북,-,65.91354028908128,65.5817039124579,65.71218200769601,65.41075880952383,66.38863752717654,66.40097,66.400505
40,경운대학교,대학,사립,경북,C그룹,66.53528687590189,66.8238123260556,66.70658184986513,66.95254286435787,66.25982212481966,66.25763,66.2562
41,경인교육대학교,대학,국립,인천,C그룹,63.36407665656565,64.83576295848593,66.64344722946696,64.4468135429015,62.87699099167498,62.887188,62.879353
42,경인여자대학교,전문대학,사립,인천,B그룹,64.36902079831282,64.97033530735933,65.29504911976915,63.61104042568538,63.704732219336194,63.700397,63.696754
43,경일대학교,대학,사립,경북,B그룹,66.07696955693577,65.68781148589768,65.79175879853476,65.90655587422961,65.68615496417668,65.6603,65.66982
44,경찰대학,기타,기타,충남,-,61.44976215873019,62.162398492063545,62.22984392063498,62.23691892063499,62.200984396825454,62.204018,62.204685
45,경희대학교,대학,사립,서울,A그룹,75.55942600288597,75.60500266666664,74.98138974025971,75.06716942279951,72.74405631746035,73.130486,73.06674
46,계명대학교,대학,사립,대구,A그룹,69.15989747443244,69.06745980628382,64.41659391197697,67.3276499105894,67.17385145027197,67.18381,67.224434
47,계명문화대학교,전문대학,사립,대구,A그룹,63.5635012539682,62.63039142857145,61.72542682251087,62.46715780663784,63.55647939682537,63.56111,63.5499
48,계약신학대학원대학교,대학원대학,사립,경기,-,60.026567730158746,60.026567730158746,64.49784581457433,64.80378169841264,64.82038432467532,64.832794,64.826675
49,계원예술대학교,전문대학,사립,경기,B그룹,65.07553290476189,65.16796650793648,65.51288453968253,65.06918712698412,64.58744673015872,64.59125,64.58757
50,고려대학교,대학,사립,서울,A그룹,79.04144933405473,79.02437792568531,79.15588916305904,78.3355431118325,76.57968489321782,77.742195,77.310844
51,고려대학교(세종),대학,사립,세종,B그룹,67.11042098468191,66.7537344926185,66.52297882554481,66.42699197818848,65.58362428436374,65.61032,65.60761
52,고려사이버대학교,대학,사립,서울,A그룹,62.42472785714287,62.8406610952381,62.1502860793651,62.18985893650795,62.21016560317462,62.20722,62.20667
53,고신대학교,대학,사립,부산,C그룹,67.67495451325284,67.70919197751718,67.4549402447427,67.27528833998079,66.81405764245613,66.808014,66.80753
54,공군사관학교,기타,기타,충북,-,60.026567730158746,62.63700735978837,61.45169353968257,61.334097801587326,61.93963393650797,61.955368,61.95381
55,공주교육대학교,대학,국립,충남,C그룹,65.84613806671103,64.90782713741807,66.71483459021731,66.98213944125517,64.68513054290152,64.67936,64.66982
56,과학기술연합대학원대학교,대학원대학,국립,대전,-,69.89475422441164,69.2250891926656,68.82302198631643,68.24533973234813,68.8191840498085,68.62338,68.66272
57,광신대학교,대학,사립,광주,C그룹,66.85745569940002,66.38754776623378,66.62863555459354,66.58686338864837,66.60791747556142,66.61159,66.610794
58,광양보건대학교,전문대학,사립,전남,C그룹,65.44641326166426,65.43246659499759,64.82721311544013,62.66158025396824,62.39121323809525,62.39297,62.38887
59,광운대학교,대학,사립,서울,B그룹,67.00519567879081,66.5458729249841,67.08943738738918,68.41225498504858,62.78434476623375,62.80742,62.813904
60,광주가톨릭대학교,대학,사립,전남,C그룹,64.15806066810964,64.24907489033188,64.33815369985571,64.37457613564213,64.3335042236652,64.33552,64.33633
61,광주과학기술원,대학,국립,광주,C그룹,70.92697557997555,71.40698124231322,70.33234885703185,69.93624586901983,70.51473108330558,70.45902,70.38245
62,광주교육대학교,대학,국립,광주,C그룹,67.19594161691285,67.15179356929383,66.81687360103984,66.94712516498313,66.46789990262712,66.46945,66.46198
63,광주대학교,대학,사립,광주,B그룹,66.44145808378657,66.84002667165443,66.23057310760734,65.81031197972398,65.34739394388946,65.34168,65.33148
64,광주보건대학교,전문대학,사립,광주,B그룹,63.93730607936505,63.765984841269805,64.39620922222221,64.09377955555551,65.75983509595953,65.75735,65.75258
65,광주여자대학교,대학,사립,광주,C그룹,66.32266430546503,66.44379307819237,66.41333185597014,66.30899617343044,66.53932550570927,66.53598,66.53009
66,구미대학교,전문대학,사립,경북,A그룹,63.609073079365125,63.420843095238176,63.76613766666672,62.318762587301634,63.56047511111116,63.55636,63.55106
67,구세군사관대학원대학교,대학원대학,사립,경기,-,65.65842422150071,65.20312705483406,64.7255715238095,65.11525537229434,64.31415295238094,64.31716,64.31424
68,국군간호사관학교,기타,기타,대전,-,61.01990196825401,60.86191325396828,61.746630015873066,61.822462730158776,61.75280815873023,61.77026,61.76359
69,국립강릉원주대학교,대학,국립,강원,B그룹,66.95415194889499,66.7409922577997,66.83176396492331,67.12746243876195,66.649731402694,66.64343,66.64795
70,국립경국대학교,대학,국립,경북,B그룹,67.35490364621401,66.87993140176943,67.01322086617341,66.97292057724012,66.84677418298817,66.84324,66.848366
71,국립공주대학교,대학,국립,충남,A그룹,67.47731108276798,67.16355948238726,67.02723692240862,67.07806701265339,67.44713538431071,67.44752,67.44917
72,국립군산대학교,대학,국립,전북,B그룹,66.83713522862712,66.72017200433092,66.73883278141211,66.64476593483766,65.19686309940252,65.169426,65.17321
73,국립금오공과대학교,대학,국립,경북,B그룹,67.51039782549805,67.55749504015044,67.78629796503836,67.7222544922889,67.27390682263697,67.27418,67.27704
74,국립목포대학교,대학,국립,전남,B그룹,67.01211132668308,66.92120293416184,66.6624985053782,65.95888449245396,66.43622945415166,66.42968,66.43134
75,국립목포해양대학교,대학,국립,전남,C그룹,67.17593174645,67.66036176094276,66.81393606685904,67.10816297162094,67.43599305820103,67.4044,67.4004
76,국립부경대학교,대학,국립,부산,A그룹,69.2280283947391,66.00523264303295,67.52768841645097,68.09204022474236,67.31926237205212,67.32824,67.3225
77,국립순천대학교,대학,국립,전남,B그룹,68.4833551950583,67.47999601529848,67.2407016824366,66.83671303382279,66.5845204622531,66.58377,66.585106
78,국립암센터국제암대학원대학교,대학원대학,국립,경기,-,64.79959540871447,63.05509091197691,62.94700391197691,62.98935524531025,63.29046457864359,63.277054,63.27684
79,국립창원대학교,대학,국립,경남,B그룹,67.51461554138731,67.45035502590932,67.46492799608532,66.87440428466964,64.17991665850288,64.17703,64.18191
80,국립한국교통대학교,대학,국립,충북,B그룹,67.60879688302781,67.11394883772577,67.41240768923527,67.07541172297934,66.91547979317707,66.88826,66.889336
81,국립한국해양대학교,대학,국립,부산,B그룹,67.80138906480859,67.42624920795491,67.33926672978978,67.05941385821693,66.74004377180333,66.736336,66.7326
82,국립한밭대학교,대학,국립,대전,B그룹,67.61738353536379,66.82405550328428,66.63969154924818,66.71256148825165,66.0667154233166,66.07443,66.06932
83,국민대학교,대학,사립,서울,A그룹,68.00257700444942,67.29279681608696,67.32059747924731,68.04795135679355,65.67103663213577,65.64586,65.60905
84,국방대학교,기타,기타,충남,-,62.1932705873016,62.21262892063493,60.026567730158746,62.15250982539683,62.37253847619049,62.408886,62.40324
85,국제뇌교육종합대학원대학교,대학원대학,사립,충남,-,62.10763005555558,62.65007504761908,62.58637719047623,61.22933557142861,61.75990747619051,61.78237,61.771988
86,국제대학교,전문대학,사립,경기,B그룹,64.57969792929295,63.997489834054896,64.49359995238102,64.07310504761912,63.60147819047626,63.60966,63.606224
87,국제문화대학원대학교,대학원대학,사립,충남,-,60.026567730158746,60.026567730158746,60.026567730158746,60.02656773015876,60.026567730158746,60.026615,60.026615
88,국제법률경영대학원대학교,대학원대학,사립,경기,-,60.026567730158746,60.56534566666667,60.35285423809524,64.6215411998557,61.880705015873,61.880756,61.889217
89,국제사이버대학교,대학,사립,경기,C그룹,61.64218893650797,61.1498280634921,61.108973063492094,60.91520512698416,60.98178346031749,61.012707,60.99244
90,국제언어대학원대학교,대학원대학,사립,서울,-,65.25476844444445,65.53542728571428,65.52568486147186,65.76980390909091,64.42036019047616,64.4077,64.416275
91,국제예술대학교,기타,기타,서울,-,60.026567730158746,60.026567730158746,60.026567730158746,60.02656773015876,60.026567730158746,60.026615,60.026615
92,군산간호대학교,전문대학,사립,전북,C그룹,59.74726226984128,59.60765807936509,59.83623850793652,62.89956712698416,59.93680814285716,59.860687,59.91894
93,군장대학교,전문대학,사립,전북,C그룹,64.18307751659452,63.22941656421354,63.27736094516593,61.67641384126986,62.336823158730176,62.353397,62.35845
94,극동대학교,대학,사립,충북,C그룹,66.20143841847037,67.28432776767676,66.64301892400191,65.30921974939878,65.91154678354975,65.92648,65.922104
95,글로벌사이버대학교,대학,사립,충남,C그룹,60.026567730158746,60.64009692063497,60.60351865079367,60.34901722222224,60.026567730158746,60.024483,60.00788
96,금강대학교,대학,사립,충남,C그룹,65.9057402871826,65.33707125970282,66.61519746178574,66.17259341698998,63.76269033477632,63.775074,63.780373
97,기독간호대학교,전문대학,사립,광주,C그룹,64.41958886050985,64.52216976527177,64.65495167003365,64.52435524146223,64.49564008273208,64.49917,64.500534
98,김천대학교,대학,사립,경북,C그룹,66.6983282269695,67.01278411976912,66.64349388167389,66.46832811688309,67.05338050865801,67.06635,67.0587
99,김포대학교,전문대학,사립,경기,C그룹,64.76774726767673,63.05887465945165,62.57351006349208,62.6419686190477,64.10570976190479,64.105225,64.10346
100,김해대학교,전문대학,사립,경남,C그룹,62.76616890043291,62.59711842424244,62.296017590909074,62.29807084487733,62.33463693217893,62.34073,62.352634
101,나사렛대학교,대학,사립,충남,B그룹,66.8561755651868,66.92829990214616,66.74653917935045,66.16265946258572,65.53638327275705,65.51822,65.50445
102,나주대학교,전문대학,사립,전남,C그룹,61.05169587301591,61.09387544444452,61.63447369841276,61.52642184126991,62.21492095238099,62.21,62.20826
103,남부대학교,대학,사립,광주,C그룹,64.7001646772487,64.70429682010587,64.27074752380958,64.4817774444445,63.715708746031744,63.720726,63.720345
104,남서울대학교,대학,사립,충남,B그룹,67.31340713180542,67.45464914918416,67.41182655209607,67.04562573687623,67.12769238524422,67.12788,67.13119
105,농협대학교,전문대학,사립,경기,C그룹,66.67688752855678,66.70681298749399,66.37222784463684,66.08511132082734,66.68144038431942,66.66382,66.665085
106,능인대학원대학교,대학원대학,사립,경기,-,65.90730177681579,65.56119964261666,64.86262610822513,63.86035370899472,64.46150938095238,64.477325,64.47706
107,단국대학교,대학,사립,경기,A그룹,69.5516502467533,69.86664579365082,69.73136692712846,69.62894134920639,68.85295033333338,69.00987,69.0084
108,대경대학교,전문대학,사립,경북,B그룹,60.42303689393941,63.06815198412702,61.94602569552676,64.17119666666672,64.2048443650794,64.204254,64.20201
109,대구가톨릭대학교,대학,사립,경북,A그룹,66.98452602516565,66.83115990987538,66.57024949680464,66.25864386477417,65.917134262336,65.92591,65.92385
110,대구경북과학기술원,대학,국립,대구,C그룹,69.19003223660872,68.94212128692394,68.40260804613261,67.49607619875775,65.94535304044301,65.96874,66.00867
111,대구공업대학교,전문대학,사립,대구,C그룹,65.43048892929293,64.61560378643577,62.81311470707068,63.00061821500718,64.11522632539682,64.119194,64.11735
112,대구과학대학교,전문대학,사립,대구,A그룹,64.12074236075037,64.0728468845599,63.02040196392498,63.99375958297262,62.15182028571427,62.174725,62.167336
113,대구교육대학교,대학,국립,대구,C그룹,66.40549937054809,66.44981424356399,66.79757118007191,66.98023082220756,66.88059616419886,66.8966,66.88813
114,대구대학교,대학,사립,경북,A그룹,67.18104752124445,66.95699438824336,67.02444902814266,66.65263206523625,66.58227153454716,66.5843,66.58707
115,대구미래대학교,전문대학,사립,경북,C그룹,60.026567730158746,60.026567730158746,60.026567730158746,60.02656773015876,60.026567730158746,60.026615,60.026615
116,대구보건대학교,전문대학,사립,대구,A그룹,64.17091671428574,64.25658434920638,64.10315896825405,64.0207577460318,63.98743063492068,63.986603,63.989414
117,대구사이버대학교,대학,사립,경북,C그룹,62.48719666666669,62.49216666666669,62.4921666666667,62.58667003174607,62.37197992063495,62.349,62.34361
118,대구예술대학교,대학,사립,경북,C그룹,66.37059617364119,66.85409365416065,66.42856113035114,66.43377095574796,66.60942643193845,66.60955,66.60965
119,대구외국어대학교,대학,사립,경북,C그룹,60.026567730158746,60.026567730158746,60.026567730158746,60.02656773015876,60.026567730158746,60.026615,60.026615
120,대구한의대학교,대학,사립,경북,B그룹,66.68201257169883,66.98595433454906,66.84987577492153,66.82084655732625,66.63595894375268,66.633064,66.6296
121,대덕대학교,전문대학,사립,대전,C그룹,66.76745159066861,66.82129624146226,65.69246916209721,65.02573376527181,64.1374416507937,64.14583,64.146164
122,대동대학교,전문대학,사립,부산,C그룹,62.9056215829726,63.74018451851856,63.28664396825405,63.969066899470974,63.786539926887954,63.78073,63.779266
123,대림대학교,전문대학,사립,경기,A그룹,63.01815797691199,61.52861863564222,61.07823398484858,61.06256350865811,62.46942718326125,62.45872,62.46048
124,대신대학교,대학,사립,경북,C그룹,66.09655282533403,66.24444594702716,66.38616633814331,66.61391092833088,63.334510906204855,63.33859,63.36014
125,대원대학교,전문대학,사립,충북,C그룹,64.92051565945168,64.11391715151518,63.78314077777785,63.52896746031752,59.16595389682538,59.2471,59.168255
126,대전가톨릭대학교,대학,사립,세종,C그룹,65.49104759163059,65.54544835353533,65.47428192496393,65.80427963924964,65.18363653102453,65.18536,65.18326
127,대전과학기술대학교,전문대학,사립,대전,B그룹,66.85115127200577,66.59004841486292,66.83071414790766,66.4362938311688,65.98843058417505,66.0151,66.01488
128,대전대학교,대학,사립,대전,B그룹,67.1583663583378,66.9815069900283,66.09437419951811,66.52493072211576,65.37620604377976,65.37524,65.37158
129,대전보건대학교,전문대학,사립,대전,A그룹,65.45307832756131,65.51619615151513,64.39391341269847,63.71755160317467,63.30247774603173,63.324654,63.323845
130,대전신학대학교,대학,사립,대전,C그룹,64.66196574603171,64.14051333333329,64.99382014285712,64.89929476190471,64.09928090476186,64.098305,64.09719
131,대진대학교,대학,사립,경기,B그룹,67.46952181152177,67.42479248973248,63.694842450422165,66.4922746718651,66.74094026433042,66.75058,66.76389
132,대한신학대학원대학교,대학원대학,사립,경기,-,64.4015913860029,64.44236305266958,64.84853948124099,62.09714866666665,62.165413349206325,62.15875,62.15937
133,덕성여자대학교,대학,사립,서울,B그룹,65.099108788679,66.46031131466681,66.83103080200559,66.91283598310224,63.240831563103534,63.26424,63.262856
134,동강대학교,전문대학,사립,광주,B그룹,64.004016015873,64.62058980423281,63.70020920634922,64.73260316738813,64.75232535786432,64.74062,64.74989
135,동국대학교,대학,사립,서울,A그룹,70.81174573106476,70.41808005636712,69.54844336688014,69.61769739316834,67.44493657390508,67.405525,67.39207
136,동국대학교 WISE캠퍼스,대학,사립,경북,B그룹,66.96545992084062,66.74060789282943,67.18112482792904,67.08781953143993,64.13519425927345,64.12548,64.12415
137,동남보건대학교,전문대학,사립,경기,A그룹,63.22880201587306,62.1500182857143,62.17631114285718,61.52766095238096,63.24288285714284,63.249973,63.25277
138,동덕여자대학교,대학,사립,서울,B그룹,66.73441556872865,66.77444300447699,66.33644308319654,66.75134321443372,65.78318576854626,65.754814,65.76474
139,동명대학교,대학,사립,부산,B그룹,66.69122655250301,66.64042747866948,65.88177308113573,65.97464507697326,65.74586790381309,65.76486,65.75924
140,동방문화대학원대학교,대학원대학,사립,서울,-,66.42037816209718,66.38183002062028,66.12509189225592,66.17398625733527,66.41152636982663,66.39593,66.397896
141,동부산대학교,전문대학,사립,부산,C그룹,60.026567730158746,60.026567730158746,60.026567730158746,60.02656773015876,66.26660986147188,66.26012,66.25833
142,동서대학교,대학,사립,부산,B그룹,67.28648038509155,67.056845435345,66.44262219498347,65.44270509394784,63.34329742276472,63.369286,63.399506
143,동서울대학교,전문대학,사립,경기,A그룹,64.29974461904767,64.33665223809527,63.77484906349212,63.58048125396831,64.09349317460321,64.089615,64.08856
144,동신대학교,대학,사립,전남,B그룹,66.61341550721498,66.6059661998557,66.88975776190473,66.99795025589219,66.81539029797976,66.81859,66.815315
145,동아대학교,대학,사립,부산,A그룹,68.08345839739607,68.17168699236996,68.58652160772907,69.0550593552159,67.9143843780664,67.86335,67.87555
146,동아방송예술대학교,전문대학,사립,경기,B그룹,60.29370176984128,61.79962596031751,60.46918349206352,62.871175333333376,62.93056504761907,62.964622,62.970387
147,동아보건대학교,전문대학,사립,전남,C그룹,62.2246905661376,61.91797544444449,61.4996715714286,62.18498697089946,62.88759570105817,62.886013,62.87385
148,동양대학교,대학,사립,경북,C그룹,66.9197966467349,65.9857125673698,65.14324056526807,64.10972179470531,65.50575893244918,65.48928,65.50889
149,동양미래대학교,전문대학,사립,서울,A그룹,65.3478792626263,65.09562592929296,64.98322164357869,64.59633849206355,59.31280835497832,59.349316,59.252342
150,동우대학,전문대학,사립,강원,B그룹,60.026567730158746,60.026567730158746,60.026567730158746,60.02656773015876,60.026567730158746,60.026615,60.026615
151,동원과학기술대학교,전문대학,사립,경남,B그룹,63.897166841269815,63.31768879365077,62.56041958730157,62.2814200952381,62.61894171428565,62.61613,62.619976
152,동원대학교,전문대학,사립,경기,B그룹,63.73270753968259,64.24722695238096,63.92831111111112,64.29802226984128,64.34261614285712,64.35611,64.359276
153,동의과학대학교,전문대학,사립,부산,B그룹,64.85525426262625,64.58864082539684,63.722983746031765,63.6379091746032,63.61755723809523,63.63607,63.636753
154,동의대학교,대학,사립,부산,A그룹,67.15051437742649,66.96280732003943,67.12683346394387,67.39788317806499,64.86471059947567,64.84996,64.83127
155,두원공과대학교,전문대학,사립,경기,B그룹,64.25621553968249,64.40655056421355,63.38462955555558,62.78581623809525,64.25521574603181,64.24863,64.25649
156,디지털서울문화예술대학교,대학,사립,서울,C그룹,60.05086573015875,60.053145730158754,60.053145730158754,60.04498373015877,60.026567730158746,60.02973,60.046062
157,루터대학교,대학,사립,경기,C그룹,66.5759071476044,66.5041959571282,66.6076257335257,66.7399094491917,66.88744364261663,66.88971,66.8879
158,마산대학교,전문대학,사립,경남,A그룹,64.45489531746036,64.8083776825397,64.43385052380958,64.52634198412701,64.16289246031747,64.162796,64.16394
159,명신대학교,대학,사립,전남,C그룹,60.026567730158746,60.026567730158746,60.026567730158746,60.02656773015876,60.026567730158746,60.026615,60.026615
160,명지대학교,대학,사립,서울,A그룹,67.22785066256377,66.02557770075312,65.74714258478436,65.9208096664201,66.29353605107462,66.30107,66.30287
161,명지전문대학,전문대학,사립,서울,A그룹,64.06741350793654,64.20072985714295,63.48215290476198,63.305960619047696,64.33213625396827,64.333046,64.33632
162,목원대학교,대학,사립,대전,B그룹,66.84385342978712,66.51763998550726,66.5272968026365,66.47208725229598,66.35180555205183,66.34587,66.34311
163,목포가톨릭대학교,대학,사립,전남,C그룹,66.3678612601585,66.72581441888862,66.38643426304449,66.46542183447308,66.55904379984102,66.555084,66.55402
164,목포과학대학교,전문대학,사립,전남,B그룹,62.3975913174603,61.77782176190475,61.82044177777779,61.22796788888887,61.11603833333331,61.125824,61.125706
165,문경대학교,전문대학,사립,경북,C그룹,64.76812473352578,64.52956151130351,64.47384116209719,64.17901766137567,64.09897718518523,64.09934,64.096756
166,배재대학교,대학,사립,대전,B그룹,66.57960484854293,66.51747636730195,66.47098164324765,66.43471183821735,66.11126633622129,66.09775,66.09543
167,배화여자대학교,전문대학,사립,서울,B그룹,65.54979869384317,65.65261424939875,65.5900038975469,64.01465626984123,64.88000995238092,64.86659,64.86749
168,백석대학교,대학,사립,충남,A그룹,66.98236005100452,67.04529020409979,66.70108523928684,66.93586568861531,66.7047262782479,66.707344,66.702095
169,백석문화대학교,전문대학,사립,충남,A그룹,63.98272807936509,64.02508522222223,62.72862114285712,62.780241063492085,63.78366209523809,63.777004,63.78375
170,백석예술대학,전문대학,사립,서울,A그룹,60.026567730158746,60.026567730158746,60.026567730158746,60.02656773015876,60.026567730158746,60.026615,60.026615
171,백제예술대학교,전문대학,사립,전북,C그룹,64.31632984463681,62.90043495238096,62.9820944920635,62.88056149206349,62.65617711111111,62.657322,62.651154
172,베뢰아국제대학원대학교,대학원대학,사립,서울,-,64.08704911255407,64.21508358080806,64.63647104906202,64.4689963174603,64.51403178354978,64.523895,64.522896
173,벽성대학,전문대학,사립,전북,C그룹,60.026567730158746,60.026567730158746,60.026567730158746,60.02656773015876,60.026567730158746,60.026615,60.026615
174,부산가톨릭대학교,대학,사립,부산,C그룹,67.40437051220275,67.03098171999497,67.02192568824891,66.94316806920132,66.79099973740345,66.792595,66.78991
175,부산경상대학교,전문대학,사립,부산,B그룹,62.96153965079364,63.61618861904763,63.70633043722943,63.46709377056278,64.23171861904764,64.218254,64.2291
176,부산과학기술대학교,전문대학,사립,부산,B그룹,63.786767929292935,63.74845459595961,63.48048340548343,63.46142039682543,64.14711204761907,64.14533,64.14496
177,부산교육대학교,대학,국립,부산,C그룹,67.03106097910623,66.36007510609036,66.23450022249247,66.50720539180465,63.40988128893329,63.409412,63.40143
178,부산대학교,대학,국립,부산,A그룹,73.62526062337668,74.4620167239428,74.49554052092361,74.37626726406936,66.32071984559886,66.33324,66.342354
179,부산디지털대학교,대학,사립,부산,C그룹,60.96125492063493,61.0766487777778,61.07198544444446,60.840728253968265,60.01986773015874,60.015785,60.000305
180,부산보건대학교,전문대학,사립,부산,B그룹,64.62514557575754,64.4152503217893,63.87197180952384,64.34165679365083,62.37383694805193,62.394318,62.38316
181,부산여자대학교,전문대학,사립,부산,C그룹,66.57238442039441,65.24084551130352,65.30651470177972,64.88247709860508,65.51865223352573,65.5041,65.497955
182,부산예술대학교,전문대학,사립,부산,C그룹,61.37212593650796,61.48608607936509,61.48608607936509,61.5196971746032,61.57476395238098,61.582188,61.57591
183,부산외국어대학교,대학,사립,부산,B그룹,66.93943429635434,66.64597617947122,67.26972595200866,66.80827458237184,64.75675989970487,64.73737,64.74302
184,부산장신대학교,대학,사립,경남,C그룹,63.13596154906202,63.52463793795092,65.11728144588741,63.572980825396776,62.739761291486296,62.74094,62.767525
185,부천대학교,전문대학,사립,경기,A그룹,64.79501812698416,64.08964609523814,64.19744847619056,64.96267009523812,64.69210111111111,64.70131,64.70077
186,삼육대학교,대학,사립,서울,B그룹,66.8206187055649,67.0645672414735,66.89796756332558,66.72904999039125,66.23739750296195,66.23345,66.229
187,삼육보건대학교,전문대학,사립,서울,C그룹,65.12814281289086,64.97694959066861,64.68717101924007,64.47649611447817,64.08607438720537,64.0867,64.08908
188,상명대학교,대학,사립,서울,A그룹,66.88040273933201,67.0457566444988,67.32119425472386,67.38494937787647,66.02449810832762,66.04197,66.040794
189,상지대학교,대학,사립,강원,B그룹,66.99355746729192,66.6053658164983,66.7324503049543,66.69698113186809,66.84258580441052,66.83995,66.84253
190,상지영서대학교,전문대학,사립,강원,B그룹,60.026567730158746,60.026567730158746,60.026567730158746,60.02656773015876,60.026567730158746,60.026615,60.026615
191,서강대학교,대학,사립,서울,A그룹,68.593962436547,69.20118704405061,69.83084494290736,69.75761932385976,67.17624603246747,67.19131,67.17671
192,서경대학교,대학,사립,서울,B그룹,66.70155447163413,66.01381292968341,65.52033470202022,66.22591942049328,65.81592594472106,65.809746,65.81846
193,서남대학교,대학,사립,전북,C그룹,60.026567730158746,60.026567730158746,60.026567730158746,60.02656773015876,60.026567730158746,60.026615,60.026615
194,서라벌대학교,전문대학,사립,경북,C그룹,65.369021501443,66.38723960654163,66.05106928571432,66.46529305098605,66.60237733814331,66.59881,66.59917
195,서영대학교,전문대학,사립,광주,A그룹,62.7171314603175,63.44262003174608,63.633696555555616,63.84145088888894,63.28170884126989,63.282566,63.2813
196,서울과학기술대학교,대학,국립,서울,A그룹,66.01102362808048,65.2428448951532,67.46416782577597,67.58955090115276,64.32135150653255,64.31723,64.3189
197,서울과학종합대학원대학교,대학원대학,사립,서울,-,61.85379907936511,62.00907353968259,61.50347868253972,61.63171642857149,61.60962492063499,61.568188,61.578663
198,서울교육대학교,대학,국립,서울,C그룹,65.51739865545562,65.56632571284268,66.55664863978566,66.94269478863002,62.31045412987013,62.310406,62.311684
199,서울기독대학교,대학,사립,서울,C그룹,66.32068838431938,66.63284511375663,66.01142730495431,66.20848170177972,65.65319913035115,65.66416,65.65538
200,서울대학교,대학,국립,서울,A그룹,84.75499346608947,85.10524818037518,85.26550269985567,85.12627995815295,83.51350900577192,78.99789,78.99789
201,서울디지털대학교,대학,사립,서울,A그룹,63.8672794761905,63.23869393650796,63.220354650793695,63.19648917460321,61.31190364646463,61.304558,61.297203
202,서울미디어대학원대학교,대학원대학,사립,서울,-,61.70844561904762,61.67109071428574,60.71129704761906,61.2474655714286,63.786125095238106,63.78526,63.78364
203,서울벤처대학원대학교,대학원대학,사립,서울,-,60.026567730158746,60.026567730158746,60.026567730158746,60.02656773015876,60.026567730158746,60.026615,60.026615
204,서울불교대학원대학교,대학원대학,사립,서울,-,64.07449295238096,63.95926257142855,63.88376241269841,63.16500961904759,63.88067047619047,63.867733,63.876736
205,서울사이버대학교,대학,사립,서울,A그룹,61.75029955555561,61.67972907936512,61.70128474603178,61.70491807936511,61.69892307936512,61.681004,61.689556
206,서울사회복지대학원대학교,대학원대학,사립,서울,-,61.20331346031746,62.95701900865799,61.73115479365077,61.51304936507936,61.60942598412697,61.589573,61.587585
207,서울상담심리대학원대학교,대학원대학,사립,서울,-,62.1348690952381,64.6530758777632,67.09496179839805,65.54903149543054,60.863239230158726,60.84921,60.836193
208,서울성경신학대학원대학교,대학원대학,사립,서울,-,66.61954441987598,66.3152662250708,66.11829985205493,66.59789029052426,66.08884017604616,66.08634,66.09984
209,서울시립대학교,대학,공립,서울,A그룹,68.07599117604617,68.71348234054835,70.33784964213564,70.5942784748585,68.24433825974022,68.30158,68.25216
210,서울신학대학교,대학,사립,경기,C그룹,66.54323029365078,67.0214653242868,66.55177485603284,66.38911231635029,64.64873646353645,64.64811,64.64223
211,서울여자간호대학교,전문대학,사립,서울,C그룹,63.36488130062529,64.56570275661377,63.67688920634925,62.59664023280428,63.21468884890308,63.22244,63.22168
212,서울여자대학교,대학,사립,서울,B그룹,66.07188111654233,65.94460653034221,65.9507107318649,66.05833916709632,65.0373967337662,65.04683,65.046135
213,서울예술대학교,전문대학,사립,경기,B그룹,63.34667960455488,64.4830610793651,64.33770779365086,64.4452283664597,59.744771206349206,59.675415,59.740494
214,서울외국어대학원대학교,대학원대학,사립,서울,-,62.23074921693127,62.38383521693124,62.33253369312172,61.21617190476194,61.36658247619052,61.374023,61.367764
215,서울장신대학교,대학,사립,경기,C그룹,66.86382211546542,66.76047773785474,66.59116043626744,66.5571064045214,65.7292638715101,65.710304,65.7167
216,서울한영대학교,대학,사립,서울,C그룹,67.21732428908129,66.29148506685908,66.79732733670035,66.3442239412552,66.41130846217871,66.40196,66.39429
217,서원대학교,대학,사립,충북,B그룹,66.87034786845955,66.67934364038938,67.37728032010584,67.02390804473305,66.3900071757429,66.399345,66.4047
218,서일대학교,전문대학,사립,서울,A그룹,63.89995047619056,63.88189380952387,63.678726984127046,63.21781047619055,63.73508166666674,63.71765,63.717346
219,서정대학교,전문대학,사립,경기,A그룹,62.2651117619048,61.69550601587305,61.36981080952384,61.54005014285717,61.668917523809554,61.6391,61.648563
220,서해대학,전문대학,사립,전북,C그룹,60.026567730158746,60.026567730158746,60.026567730158746,60.02656773015876,65.71516452813854,65.70874,65.714714
221,선교청대학교,대학,사립,충남,C그룹,60.026567730158746,60.026567730158746,60.026567730158746,60.02656773015876,60.026567730158746,60.026615,60.026615
222,선린대학교,전문대학,사립,경북,C그룹,63.18784604761911,63.714992984127015,63.56909922222224,62.47156615343917,63.81508365704665,63.803917,63.80762
223,선문대학교,대학,사립,충남,B그룹,66.70556549441227,66.77502274775827,66.4937169315764,66.10549539855192,63.56410345219108,63.560204,63.556957
224,선학유피대학원대학교,대학원대학,사립,경기,-,64.43329976190472,64.2961764285714,64.16940880952376,64.10994123809523,64.72798780952378,64.71906,64.7172
225,성결대학교,대학,사립,경기,B그룹,66.7197804454362,66.49981330017408,66.8724224342807,66.871009017797,66.8219121241279,66.82985,66.8226
226,성공회대학교,대학,사립,서울,C그룹,67.02290365377208,67.409763994709,67.2161043049543,67.08844909860507,66.41966673842816,66.40151,66.401436
227,성균관대학교,대학,사립,서울,A그룹,77.44206063131315,77.60093885064941,76.84785401082254,76.48293813059159,71.72810269769106,72.017166,72.23615
228,성산효대학원대학교,대학원대학,사립,인천,-,65.41546553968254,65.40946553968254,66.25695830423282,65.44921226984131,66.5546667804233,66.56053,66.559395
229,성서침례대학원대학교,대학원대학,사립,경기,-,64.8507467532468,65.11303415007218,64.02547920634922,64.02292220779225,64.83986599999999,64.8291,64.83149
230,성신여자대학교,대학,사립,서울,A그룹,66.9754061326629,67.28518009242539,67.38882373907985,67.58506860028587,67.22838517179049,67.22056,67.23607
231,성운대학교,전문대학,사립,경북,C그룹,61.77943226984132,61.75726226984132,61.652915603174655,61.52355326984132,61.62296573015878,61.644577,61.640076
232,성화대학,전문대학,사립,전남,B그룹,60.026567730158746,60.026567730158746,60.026567730158746,60.02656773015876,60.026567730158746,60.026615,60.026615
233,세경대학교,전문대학,사립,강원,C그룹,63.27692743193844,62.98015292400195,62.47298652717658,61.87053411111115,61.81257565079368,61.833107,61.820312
234,세계사이버대학,기타,기타,경기,-,60.026567730158746,60.026567730158746,60.026567730158746,60.02656773015876,60.026567730158746,60.026615,60.026615
235,세명대학교,대학,사립,충북,B그룹,66.33680023339099,66.38399674702352,66.49637239915643,67.09387035553337,62.15041422977026,62.173466,62.170532
236,세종대학교,대학,사립,서울,A그룹,70.51011498845591,70.58620935727872,69.84038155032005,70.00014308607173,61.91078362276616,61.866966,61.90253
237,세한대학교,대학,사립,충남,C그룹,66.38948264069262,66.60135463684463,66.24853860750358,66.0723027864358,66.63478704394879,66.62997,66.62721
238,송곡대학교,전문대학,사립,강원,C그룹,61.74251466666672,62.4756910873016,62.717657962963,62.75430502645504,62.72499605820108,62.74388,62.745834
239,송원대학교,대학,사립,광주,C그룹,66.70396568728694,66.67760536982665,66.58266646368448,66.54377799359898,67.1048652255892,67.09406,67.09326
240,송호대학교,전문대학,사립,강원,C그룹,64.48377513035116,64.53261265416067,64.19967522222221,64.20307446296299,64.11924512962965,64.1137,64.11358
241,수도국제대학원대학교,대학원대학,사립,서울,-,63.60901566666666,63.524617079365065,62.96351166666666,63.07999444444443,63.01733546031746,63.023373,63.01368
242,수성대학교,전문대학,사립,대구,B그룹,64.12689714285715,62.98988065079363,64.02272965079366,64.01302404761907,63.87701828571426,63.868965,63.872578
243,수원가톨릭대학교,대학,사립,경기,C그룹,65.07990132611832,64.25154865223664,65.25804361471862,65.0768992813853,65.05022261471862,65.04813,65.043175
244,수원과학대학교,전문대학,사립,경기,B그룹,65.2443352308802,65.1494919134199,64.98897080230884,63.82974301587308,64.3750005555556,64.37813,64.38286
245,수원대학교,대학,사립,경기,B그룹,67.86320973759771,67.6787185344821,67.5723093462746,67.22480395651232,67.5249910743598,67.54651,67.542046
246,수원여자대학교,전문대학,사립,경기,B그룹,63.81437479365077,63.94041971428569,64.30426173881676,64.23204433333336,64.23157615873015,64.22856,64.22046
247,숙명여자대학교,대학,사립,서울,A그룹,64.77747106943532,65.52827707909718,66.52654743179727,66.18145452735017,63.065333609168576,63.07154,63.06398
248,순복음대학원대학교,대학원대학,사립,서울,-,64.79846949206353,64.87669615873021,64.95016882539687,64.86685568253974,64.90694615873021,64.90195,64.902084
249,순복음총회신학교,대학,사립,충북,C그룹,64.76386549639253,64.76386549639254,64.71618549639254,64.70229077777782,64.78289934920639,64.76522,64.76324
250,순천제일대학교,전문대학,사립,전남,B그룹,63.14622288888891,63.65268633333328,63.33820449206348,63.376186158730135,64.45716552380951,64.46313,64.466354
251,순천향대학교,대학,사립,충남,A그룹,69.08851722566664,69.35676665462891,69.14735908714849,69.1105047105251,68.11515335070182,68.03602,67.898895
252,숭실대학교,대학,사립,서울,A그룹,67.43895784372603,67.88435041115135,68.50123717882812,67.38325797832704,64.5302620096015,64.52765,64.519936
253,숭실사이버대학교,대학,사립,서울,B그룹,60.74220738095241,60.770034047619085,60.92460780952384,60.80897904761908,60.76403904761908,60.747047,60.75855
254,숭의여자대학교,전문대학,사립,서울,B그룹,64.72755183405486,63.642242968254,64.98208161183265,65.13061540548345,65.34243836507936,65.341194,65.3338
255,신경주대학교,대학,사립,경북,C그룹,65.14675241702741,65.84509096729194,65.52248780134678,65.94275670851366,66.56787551563254,66.57161,66.5736
256,신구대학교,전문대학,사립,경기,A그룹,64.2109312655123,64.20288793217897,64.16062428138534,63.99729518614724,63.88281248773449,63.889225,63.888844
257,신라대학교,대학,사립,부산,B그룹,66.36553109101486,66.46925512675497,66.3441881159952,66.06111830406631,65.82897027649604,65.82728,65.807236
258,신성대학교,전문대학,사립,충남,B그룹,65.22562593795092,65.30165224242417,65.08163819480515,65.17982455988458,64.68070148773452,64.67394,64.667564
259,신안산대학교,전문대학,사립,경기,B그룹,63.771026929292944,63.61184629437231,62.891345190476216,62.81100633333335,64.1349257777778,64.134186,64.132126
260,신한대학교,대학,사립,경기,B그룹,66.70086804594678,66.33500682131955,66.38791801835202,66.07137084415584,66.22652554763226,66.231,66.230736
261,신흥대학교,전문대학,사립,경기,A그룹,60.026567730158746,60.026567730158746,60.026567730158746,60.02656773015876,60.026567730158746,60.026615,60.026615
262,실천신학대학원대학교,대학원대학,사립,경기,-,66.11402122558921,65.85912034126986,66.17823375468976,66.73390415055312,66.04562916305912,66.030716,66.03695
263,아신대학교,대학,사립,경기,C그룹,64.06780603968247,64.12051891269837,64.97964338600288,64.09876875396824,63.26074915873012,63.25792,63.250603
264,아주대학교,대학,사립,경기,A그룹,71.68093681476695,71.9344296389428,71.85583868006827,71.33750356174218,70.90648504609118,70.910065,70.90618
265,아주자동차대학교,전문대학,사립,충남,C그룹,63.6748030827321,63.54675998749403,64.21962924675327,63.9074872784993,61.9322804126984,61.95076,61.949574
266,안동과학대학교,전문대학,사립,경북,B그룹,65.00695515295813,65.02140287373736,65.00350321500723,64.66605451659453,64.52757099278497,64.520935,64.52111
267,안산대학교,전문대학,사립,경기,A그룹,65.21725092929292,65.19869354834054,64.23322666666668,63.60323258730163,64.39139026984127,64.37615,64.38493
268,안양대학교,대학,사립,경기,B그룹,66.59222967935041,66.62031077843652,66.48225223081747,66.52421598983622,66.76265104899926,66.76753,66.77087
269,에스라성경대학원대학교,대학원대학,사립,경기,-,62.93693577777779,63.256047253968255,63.10549939682541,63.491206984127,63.58001212698413,63.57966,63.580013
270,여주대학교,전문대학,사립,경기,B그룹,64.54722940548339,64.53502056421357,63.70676641269846,63.372315857142894,64.01292738095238,64.01537,64.0184
271,연성대학교,전문대학,사립,경기,A그룹,64.03622276190482,63.6559457936508,63.627231031746085,63.23133587301592,63.872580349206366,63.875076,63.87289
272,연세대학교,대학,사립,서울,A그룹,78.9263562521923,79.29279460933512,78.55364730774781,78.51464357758917,74.68276186402483,75.53336,75.21354
273,연세대학교(미래),대학,사립,강원,B그룹,60.59001403113553,60.205995393162425,58.20184618453765,58.32827437501389,55.72717030663778,55.218563,55.709045
274,연암공과대학교,전문대학,사립,경남,C그룹,64.35919507215003,64.59818451659449,64.26377038961037,63.68990997691196,63.15374695815289,63.15105,63.151478
275,연암대학교,전문대학,사립,충남,C그룹,64.44030046031742,64.65550893121689,64.85236076527177,64.06290550264546,64.20492012698409,64.217255,64.22195
276,영남대학교,대학,사립,경북,A그룹,71.99144401686546,71.37110432745025,71.48822959090899,71.18424079870123,71.27748847729393,71.29734,71.29734
277,영남사이버대학교,대학,사립,경북,C그룹,60.026567730158746,60.026567730158746,60.026567730158746,60.02656773015876,60.026567730158746,60.026615,60.026615
278,영남신학대학교,대학,사립,경북,C그룹,66.50632734713433,66.88668072919673,66.28917208706109,66.36499303944204,65.35374800793645,65.33988,65.33183
279,영남외국어대학,전문대학,사립,경북,C그룹,62.51923996825394,62.24746374603173,61.77339917460316,61.4369035238095,61.29401142857141,61.301666,61.299812
280,영남이공대학교,전문대학,사립,대구,A그룹,64.02465911111118,63.993734349206406,64.05348915873023,64.09015058730164,64.10741546031747,64.095276,64.095634
281,영산대학교,대학,사립,경남,B그룹,65.73446834104057,66.60859795215175,66.13076298389771,65.86050231354955,66.45638639369886,66.44638,66.4408
282,영산선학대학교,대학,사립,전남,C그룹,64.20295042857141,63.86934409523804,63.717793831168805,64.7012762034632,63.800624783549765,63.80702,63.80571
283,영진전문대학교,전문대학,사립,대구,A그룹,65.87856949062049,66.16029715800869,66.26656280014431,65.04414807142861,64.45824271789323,64.47951,64.47335
284,예명대학원대학교,대학원대학,사립,서울,-,63.13544774939879,62.846453428571415,64.88608430663783,62.28738126695525,61.33659203174599,61.365917,61.36851
285,예수대학교,대학,사립,전북,C그룹,63.28922992063488,63.38055863492063,61.94455206349205,62.831299444444426,62.56618168253964,62.562405,62.56182
286,예원예술대학교,대학,사립,전북,C그룹,60.956119968254,60.08738882539684,59.96404868253969,59.964048682539705,61.646998095238125,61.65056,61.642742
287,오산대학교,전문대학,사립,경기,A그룹,64.31479174603177,63.63686595238101,63.15879344444452,62.90246479365085,63.888491301587294,63.8902,63.89216
288,온석대학원대학교,대학원대학,사립,경기,-,64.89523646031749,65.46315592857147,65.35853876190482,65.37915963492068,65.25491725396827,65.237495,65.23933
289,용인대학교,대학,사립,경기,B그룹,65.61154748323892,65.66712883821731,65.39459110805858,64.89597272294371,64.27130715473417,64.29051,64.29208
290,용인예술과학대학교,전문대학,사립,경기,B그룹,65.38733115151517,65.51637096103896,65.02995969119773,64.43796876190483,63.74829352380954,63.74299,63.748676
291,우석대학교,대학,사립,전북,B그룹,66.79711002362703,66.78566191636396,66.95279917466125,66.84707324392532,66.69276131030335,66.69453,66.69469
292,우송공업대학,전문대학,사립,대전,B그룹,60.026567730158746,60.026567730158746,60.026567730158746,60.02656773015876,60.026567730158746,60.026615,60.026615
293,우송대학교,대학,사립,대전,A그룹,66.23877928588077,65.55358334737484,66.21383489194137,65.47471479670325,65.52180940798087,65.526,65.544914
294,우송정보대학,전문대학,사립,대전,B그룹,65.15529922222218,64.37607250072149,63.05916895238098,62.983893015873086,63.44462361904767,63.44065,63.43174
295,울산과학기술원,대학,국립,울산,C그룹,73.2542208642469,73.4368887604618,73.25190686724387,73.16249798268402,70.68883577417031,70.712006,70.81668
296,울산과학대학교,전문대학,사립,울산,A그룹,64.35604145598847,64.2199027417028,64.3237286147187,64.10956001154408,64.33520278932184,64.33667,64.33753
297,울산대학교,대학,사립,울산,A그룹,70.71083576767681,73.13533055916308,72.99249181962477,73.35162773448774,73.61386144300134,74.10591,74.26303
298,웅지세무대학교,전문대학,사립,경기,C그룹,60.026567730158746,60.68252428571431,60.61112771428573,60.60741104761907,60.368687190476194,60.376724,60.380627
299,원광대학교,대학,사립,전북,A그룹,67.45930997031441,67.32971360766554,67.20612923412077,67.42030473088288,67.45342021333124,67.46207,67.45969
300,원광보건대학교,전문대학,사립,전북,B그룹,58.66453022727275,59.10423069552669,59.38788407647908,62.355415841269824,62.43739850793649,62.445213,62.469887
301,원불교대학원대학교,대학원대학,사립,전북,-,64.76677383116882,65.18505832178936,64.78570657575757,64.52165915223662,64.82901619985566,64.82708,64.82752
302,웨스트민스터신학대학원대학교,대학원대학,사립,경기,-,67.2365931755905,66.83293578787875,66.80423316883115,65.87644114718617,66.0543603953824,66.04458,66.03424
303,위덕대학교,대학,사립,경북,C그룹,67.04464683164979,67.29647388071186,66.94510011874438,67.08514526118327,66.65554032292906,66.66669,66.66762
304,유원대학교,대학,사립,충북,C그룹,66.42382987301589,66.52264207142865,66.98888323088023,67.48650983405483,67.03392338888888,67.0317,67.02762
305,유한대학교,전문대학,사립,경기,A그룹,65.35511608802312,64.81042207936513,64.66388805627712,64.48420096825403,64.36176069841272,64.35703,64.356125
306,육군사관학교,기타,기타,서울,-,62.6944422857143,62.33692298412702,61.70856014285719,62.668410777777815,61.95875926984132,61.944,61.951084
307,을지대학교,대학,사립,대전,B그룹,66.46592067348791,66.77284241591214,66.69853411793231,65.56805235386308,66.08650435819209,66.09411,66.08859
308,이화여자대학교,대학,사립,서울,A그룹,72.39624042579638,72.45136400288597,73.02097263059166,72.44935119047622,67.47194794888443,67.43969,67.42515
309,인덕대학교,전문대학,사립,서울,A그룹,64.33224509523812,64.20702766666672,63.021898428571504,63.25627166666674,64.38322812698414,64.376175,64.386
310,인제대학교,대학,사립,경남,B그룹,70.07741639443634,70.34545379779338,70.42539750096881,69.91102821863025,69.20540501443006,69.23673,69.23064
311,인제대학원대학교,대학원대학,사립,서울,-,60.026567730158746,60.026567730158746,60.026567730158746,60.02656773015876,60.026567730158746,60.026615,60.026615
312,인천가톨릭대학교,대학,사립,인천,C그룹,67.30365302092355,66.83712107575761,65.94637953174603,65.94283233333331,65.78755552380952,65.82055,65.813126
313,인천대학교,대학,국립,인천,A그룹,69.14359648609074,68.42586180641189,68.04441427415586,68.37840214158797,68.49102155795342,68.71145,68.52782
314,인천전문대학,전문대학,공립,인천,A그룹,60.026567730158746,60.026567730158746,60.026567730158746,60.02656773015876,60.026567730158746,60.026615,60.026615
315,인하공업전문대학,전문대학,사립,인천,A그룹,63.9019006349207,63.90345849206355,63.83492317460326,63.259530111111175,62.75528429725833,62.743145,62.740574
316,인하대학교,대학,사립,인천,A그룹,71.62956508601857,71.85789691024993,70.57017638455984,71.29416800748594,71.2072333986504,71.265335,71.29915
317,장로회신학대학교,대학,사립,서울,C그룹,63.9729486176046,63.488295557331526,63.34036165401262,63.45263103352201,62.692492183594176,62.653164,62.657722
318,장안대학교,전문대학,사립,경기,B그룹,67.27560153150554,65.87494552284745,64.9862627344877,63.91470620202024,64.00598442424243,64.023926,64.03745
319,재능대학교,전문대학,사립,인천,B그룹,63.75121961904761,63.28455949206352,63.2639311587302,62.61084252380951,64.0792742063492,64.06813,64.07004
320,전남과학대학교,전문대학,사립,전남,B그룹,64.38639258730163,64.0245034444445,63.41359396825406,63.17509487301595,63.63004253968256,63.63739,63.63841
321,전남대학교,대학,국립,광주,A그룹,73.11856758874454,74.23248116883121,73.88319032289287,72.58617032722188,71.12563728210678,71.18794,71.21509
322,전남도립대학교,전문대학,공립,전남,C그룹,67.18791005531504,67.06692115193343,66.59663870748898,64.48587167532467,62.92963000793645,62.92423,62.91552
323,전북과학대학교,전문대학,사립,전북,C그룹,64.71535543915346,64.5531926931217,65.02106431216934,64.9518774867725,61.2302104444444,61.227135,61.21118
324,전북대학교,대학,국립,전북,A그룹,72.63850000721504,72.74954050398945,71.63335795671,71.02286774963932,68.80946679980482,68.58849,68.5501
325,전주교육대학교,대학,국립,전북,C그룹,64.74222335386837,63.68226218903319,64.02331315728716,64.54787983005883,63.669505240981245,63.668205,63.673668
326,전주기전대학,전문대학,사립,전북,C그룹,65.06672086580087,64.06766411111109,63.084890777777765,62.91185544444444,63.44738528571426,63.441284,63.431828
327,전주대학교,대학,사립,전북,A그룹,64.77591573357638,65.26107858639217,65.33446442155703,65.2248183354978,62.34278831649832,62.34571,62.34053
328,전주비전대학교,전문대학,사립,전북,B그룹,65.49027918326118,64.65786100000001,64.26129593650796,63.9792900634921,64.15059934920633,64.14424,64.1465
329,제네바신학대학원대학교,대학원대학,사립,경기,-,65.450428007215,65.45012800721501,64.54797212337664,65.4572811659452,65.15586592784996,65.17666,65.17486
330,제주관광대학교,전문대학,사립,제주,C그룹,64.41125132611833,63.935978142857145,63.43570744444449,62.70019987301593,62.79272214285715,62.794853,62.803123
331,제주국제대학교,대학,사립,제주,C그룹,65.51376971861471,65.52192678210676,65.06307913131315,63.06697938095236,62.993288222222176,62.98299,62.98638
332,제주대학교,대학,국립,제주,A그룹,67.85889260747405,68.13188423795161,68.35586723352115,68.04206513365517,68.21390832357234,68.344124,68.35724
333,제주한라대학교,전문대학,사립,제주,A그룹,62.51364238095243,62.10798642857148,62.016738809523865,62.11695328571435,63.34513601587304,63.347523,63.34251
334,조선간호대학교,전문대학,사립,광주,C그룹,64.2196561144781,64.15202278114477,64.03592228908127,64.06710634391537,64.4022370634921,64.410095,64.409225
335,조선대학교,대학,사립,광주,A그룹,68.09457571395636,67.83789137599024,67.62791208091772,68.09884808031211,66.82962389464807,66.82005,66.80719
336,조선이공대학교,전문대학,사립,광주,B그룹,64.49707196825403,64.26327196825402,63.77324592063494,63.60435584126988,63.951443571428605,63.95689,63.961594
337,주안대학원대학교,대학원대학,사립,인천,-,65.2711004040404,65.88697722943722,65.03140678499274,65.33207545165942,65.11061467388164,65.11846,65.11927
338,중부대학교,대학,사립,충남,B그룹,66.610152540073,66.56258827666255,64.62868932138228,65.59429165440113,65.64982595310245,65.644424,65.600784
339,중앙대학교,대학,사립,서울,A그룹,73.2018336616162,73.63166479076483,72.87350542279945,72.85343023088029,71.02498368253973,71.13058,71.239685
340,중앙승가대학교,대학,사립,경기,C그룹,66.4575395916559,66.07213392833094,65.35259908369407,66.30676815055313,65.51697527417025,65.51836,65.5286
341,중원대학교,대학,사립,충북,C그룹,65.12399336507936,67.2494154783799,64.7923596746032,63.98163594516596,65.47936316738813,65.46307,65.456245
342,진주교육대학교,대학,국립,경남,C그룹,65.04719479581526,65.04705637373732,65.6955241479076,66.57337772696947,63.4823758225108,63.483894,63.47558
343,진주보건대학교,전문대학,사립,경남,B그룹,64.36587937133237,64.38396537133237,64.76054402212603,63.760302984127,63.01024579196726,63.016006,63.010487
344,차의과학대학교,대학,사립,경기,C그룹,66.78784081552425,66.7963477314119,66.4099382546898,65.07369949278508,66.08334341480018,66.07506,66.07226
345,창신대학교,대학,사립,경남,C그룹,66.34369887012983,66.70811207647908,66.14582761032685,66.1861167089947,66.09600827458853,66.09027,66.09702
346,창원문성대학교,전문대학,사립,경남,C그룹,66.49090353150552,66.57525554737853,66.53429018518518,63.994780053391054,65.48875418326118,65.49907,65.488594
347,청강문화산업대학교,전문대학,사립,경기,B그룹,65.42277807215005,64.72691709412805,64.64938937984236,65.22277154834052,64.26669592929288,64.29263,64.28367
348,청암대학교,전문대학,사립,전남,B그룹,63.80796696825398,62.373159492063465,59.46685953968256,61.38073834920634,59.54668969047616,59.846085,59.972954
349,청운대학교,대학,사립,충남,B그룹,66.68704501734575,66.73740973956798,66.93669971758997,66.87275698920728,64.75142478808445,64.749054,64.743195
350,청주교육대학교,대학,국립,충북,C그룹,65.31568308258407,65.32726757464758,66.3637598252741,66.80433394736016,64.2293521370851,64.21814,64.2273
351,청주대학교,대학,사립,충북,A그룹,66.0225579622991,65.23181426769956,66.9744265759633,67.49736407703412,66.22913772964175,66.23251,66.22764
352,초당대학교,대학,사립,전남,C그룹,66.81222104539175,66.6002230058018,66.6347017370705,66.89252320051442,66.91616078468952,66.924095,66.92265
353,총신대학교,대학,사립,서울,C그룹,62.90856253679653,63.49332093362195,63.61732279220782,63.78729784632038,62.76084202197801,62.748596,62.74781
354,추계예술대학교,대학,사립,서울,C그룹,66.89352167460319,67.01715032082735,66.77040173490603,66.95144460654161,66.64620465560367,66.64378,66.64343
355,춘천교육대학교,대학,국립,강원,C그룹,64.5013064000444,65.08773746353641,65.96476336823561,66.8214140296113,64.1832063351093,64.19527,64.198364
356,춘해보건대학교,전문대학,사립,울산,B그룹,63.790415333333335,63.75582112698414,64.08682580952384,64.31301871428579,63.76135512265511,63.767242,63.767624
357,충남대학교,대학,국립,대전,A그룹,72.31224230158735,72.34295611111122,72.0590307611833,71.2555140923521,71.37879595382394,71.687004,71.58484
358,충남도립대학교,전문대학,공립,충남,C그룹,65.15553714471842,65.19743565698396,64.95326359204886,64.84713354442981,64.66506023857623,64.67061,64.66739
359,충북대학교,대학,국립,충북,A그룹,70.94648517275068,70.65882878284636,70.03562699139748,69.24165508707965,67.7019209884905,67.65669,67.63062
360,충북도립대학교,전문대학,공립,충북,C그룹,66.44376896296298,66.4367274954305,66.26459147955751,66.10033030495431,66.42754506926408,66.428604,66.42735
361,충북보건과학대학교,전문대학,사립,충북,B그룹,59.81035847619049,63.59910847619051,63.19665752380956,63.00113282539685,63.58345031746034,63.583225,63.584724
362,충청대학교,전문대학,사립,충북,B그룹,56.80672469119777,57.05488846897552,56.82105359595965,64.1550586666667,64.11436838095238,64.11882,64.12129
363,치유상담대학원대학교,대학원대학,사립,서울,-,65.64668269841263,65.69613460317453,66.20213779365079,65.8175601111111,66.35053476527176,66.34533,66.35085
364,칼빈대학교,대학,사립,경기,C그룹,66.84366752855684,66.59979703511307,66.75064711447816,66.83236052717658,66.53247116209717,66.53279,66.53692
365,탐라대학교,대학,사립,제주,C그룹,60.026567730158746,60.026567730158746,60.026567730158746,60.02656773015876,60.026567730158746,60.026615,60.026615
366,평택대학교,대학,사립,경기,C그룹,67.2283464413179,67.21347388816737,66.57850048412702,66.91847803511301,66.97070316299637,66.96657,66.9622
367,포항공과대학교,대학,사립,경북,C그룹,73.11671269480523,74.27374900432906,72.92899846969705,73.16466126194379,73.2514442265513,73.13629,73.13629
368,포항대학교,전문대학,사립,경북,C그룹,64.4504656118326,64.75245107215002,64.30916002453102,63.58746423088023,63.06629548484846,63.061943,63.057987
369,한경국립대학교,대학,국립,경기,B그룹,67.21897715287736,66.69176790635632,66.77718729542156,66.61432614462784,66.64308836685007,66.64295,66.64325
370,한국개발연구원국제정책대학원대학교,대학원대학,사립,세종,-,65.61402748388646,64.91657843434339,66.36159008706105,65.130292043771,63.85048577489175,63.859028,63.84871
371,한국골프과학기술대학교,전문대학,사립,강원,C그룹,63.60691451851852,63.55152245502645,63.41490347089948,63.56561149470898,63.575435328042325,63.58331,63.583916
372,한국공학대학교,대학,사립,경기,B그룹,65.91697864688295,65.74022759565636,66.02072564327545,65.83091549038001,65.45121865440113,65.475006,65.467
373,한국과학기술원,대학,국립,대전,A그룹,77.30981844172501,77.82214449223005,77.82546690132097,77.42771309179717,74.36016302902652,74.546135,74.77039
374,한국관광대학교,전문대학,사립,경기,C그룹,66.56149720971625,64.87534356421357,64.97706605765731,63.84054899278498,64.63530469119769,64.6408,64.645485
375,한국교원대학교,대학,국립,충북,B그룹,63.77307728715724,64.58315199443363,65.96595690962695,66.55919504799058,59.66871046342542,59.682835,59.74826
376,한국국제대학교,대학,사립,경남,C그룹,60.026567730158746,60.026567730158746,65.08284487734487,64.81496416305917,65.9628698614719,65.95489,65.9503
377,한국기술교육대학교,대학,사립,충남,C그룹,67.19848153341738,67.97870104718865,68.29542284306545,68.3614454961901,66.38405114681085,66.40266,66.39856
378,한국농수산대학교,전문대학,국립,전북,C그룹,65.25699242857146,65.0942473650794,64.24029780952385,64.64109980423284,64.93173539947092,64.953125,64.95575
379,한국방송통신대학교,대학,국립,서울,A그룹,61.0679863924964,61.256695400432925,63.27110662102231,57.42750511183267,57.0601722546898,56.90069,56.768723
380,한국복지사이버대학교,전문대학,사립,경북,B그룹,60.73258358730163,60.053145730158754,60.11509287301588,60.1150928730159,60.66991065079367,60.661953,60.651558
381,한국상담대학원대학교,대학원대학,사립,서울,-,65.77253666666664,65.57514703174598,66.07982288888888,67.35526482975118,65.049916024531,65.05215,65.03494
382,한국성서대학교,대학,사립,서울,C그룹,67.01373516924937,66.64841996762493,66.50820290268989,66.58507433408457,65.91295902374671,65.91853,65.923836
383,한국승강기대학교,전문대학,사립,경남,C그룹,62.10823212698413,62.40604376190476,61.74178750793652,62.27919822222221,62.63260603174604,62.615425,62.624493
384,한국에너지공과대학교,대학,국립,전남,C그룹,68.73014090205449,60.30675611904756,62.27804785714287,60.02656773015876,60.026567730158746,60.062286,60.037
385,한국열린사이버대학교,대학,사립,서울,B그룹,61.61301833333336,60.89111404761908,60.89111404761907,61.11962690476192,60.89111404761907,60.89758,60.89225
386,한국영상대학교,전문대학,사립,세종,B그룹,64.18231303174606,63.75313469841273,63.42047974603178,63.95833371428576,63.05650523809526,63.06848,63.064575
387,한국예술종합학교,대학,국립,서울,C그룹,64.88429022943723,66.36552427561328,68.28418433910542,67.5305321977905,65.44611974819621,65.440994,65.44007
388,한국외국어대학교,대학,사립,서울,A그룹,65.23440484054832,65.8860789923755,67.00622961615316,66.99641845659582,65.58314251546358,65.56336,65.57845
389,한국전력국제원자력대학원대학교,대학원대학,사립,울산,-,67.84940565079368,67.86862925396827,67.45960822558925,68.07292243915346,64.41743169047618,64.41806,64.42152
390,한국전통문화대학교,대학,국립,충남,C그룹,66.03428468686869,66.26952778210678,66.29309444877346,66.93093133766232,65.8656602106782,65.84973,65.859055
391,한국정보통신대학교,대학,사립,대전,C그룹,60.026567730158746,60.026567730158746,60.026567730158746,60.02656773015876,60.026567730158746,60.026615,60.026615
392,한국철도대학,전문대학,국립,경기,C그룹,60.026567730158746,60.026567730158746,60.026567730158746,60.02656773015876,60.026567730158746,60.026615,60.026615
393,한국체육대학교,대학,국립,서울,C그룹,67.16655859860502,66.39474598484844,66.70325219384317,66.0057173684464,66.60681306685903,66.61067,66.60866
394,한국침례신학대학교,대학,사립,대전,C그룹,63.21608165978464,64.1288789555999,64.84544676512375,67.25281599470897,63.331231743145686,63.335827,63.33332
395,한국폴리텍Ⅰ대학서울강서캠퍼스,전문대학,사립,서울,C그룹,60.19569206349209,60.341279111111135,60.000704396825405,60.00070439682542,60.53818206349207,60.486423,60.486664
396,한국폴리텍Ⅰ대학서울정수캠퍼스,전문대학,사립,서울,C그룹,60.91029673015877,60.73797673015878,60.68792573015877,61.76291076190479,61.746172666666695,61.77468,61.786713
397,한국폴리텍Ⅰ대학성남캠퍼스,전문대학,사립,경기,C그룹,60.28967006349208,61.05202461904766,60.9723406666667,60.01912039682543,60.06534373015875,60.046417,60.051437
398,한국폴리텍Ⅰ대학제주캠퍼스,전문대학,사립,제주,C그룹,64.82426995743145,64.72261795743147,65.1351771002886,65.5198982113997,65.20472463997113,65.20525,65.21364
399,한국폴리텍Ⅱ대학남인천캠퍼스,전문대학,사립,인천,C그룹,62.26024012698409,64.60547165584414,66.29203273809529,66.31727929365078,60.026567730158746,60.02649,60.029106
400,한국폴리텍Ⅱ대학인천캠퍼스,전문대학,사립,인천,C그룹,61.46738287301592,60.43422812698415,60.54316479365082,60.06742273015876,60.96498092063493,60.960606,60.958344
401,한국폴리텍Ⅱ대학화성캠퍼스,전문대학,사립,경기,C그룹,64.77040734920637,64.70723592063496,64.77052549639254,60.02656773015876,60.026567730158746,60.02616,60.023926
402,한국폴리텍Ⅲ대학강릉캠퍼스,전문대학,사립,강원,C그룹,62.76895234920628,62.03164682539678,62.70822011111108,62.608071984126966,61.98863236075032,62.018078,62.021946
403,한국폴리텍Ⅲ대학원주캠퍼스,전문대학,사립,강원,C그룹,60.912629619047614,61.67991817027414,61.55339134487736,61.143760011544,61.69069620202014,61.689007,61.69227
404,한국폴리텍Ⅲ대학춘천캠퍼스,전문대학,사립,강원,C그룹,62.35192777777776,61.04665692063493,60.67574111111113,60.44212549206352,60.25405915873017,60.265938,60.29419
405,한국폴리텍Ⅳ대학대전캠퍼스,전문대학,사립,대전,C그룹,60.60709479365081,60.57013479365082,60.570134793650816,60.570134793650816,60.92187768253971,60.950996,60.95428
406,한국폴리텍Ⅳ대학아산캠퍼스,전문대학,사립,충남,C그룹,60.51151534920634,60.30505034920636,60.30505034920636,60.30505034920636,60.64562506349207,60.658756,60.657814
407,한국폴리텍Ⅳ대학청주캠퍼스,전문대학,사립,충북,C그룹,60.38916625396827,60.36238625396828,60.57094093650796,60.57094093650796,60.97799998412701,61.011414,61.008106
408,한국폴리텍Ⅳ대학충남캠퍼스,전문대학,사립,충남,C그룹,60.58359423809524,60.35285423809525,60.35285423809524,60.35285423809525,61.47170900000002,61.45471,61.45145
409,한국폴리텍Ⅴ대학광주캠퍼스,전문대학,사립,광주,C그룹,60.69968593650791,60.699685936507926,60.67613593650792,60.457645222222204,60.47703022222221,60.499985,60.500736
410,한국폴리텍Ⅴ대학순천캠퍼스,전문대학,사립,전남,C그룹,66.97432564285717,64.50950443001439,65.83540764646462,66.12026959884555,65.78604890620488,65.76848,65.76505
411,한국폴리텍Ⅴ대학익산캠퍼스,전문대학,사립,전북,C그룹,60.69020896825401,60.57238263492068,60.62822811111115,60.58737311111115,61.177710444444486,61.211243,61.217896
412,한국폴리텍Ⅴ대학전남캠퍼스,전문대학,사립,전남,C그룹,61.16902755555552,60.88939755555554,60.84510311111109,60.62719842857142,60.97042871428573,60.94762,60.952656
413,한국폴리텍Ⅴ대학전북캠퍼스,전문대학,사립,전북,C그룹,60.65242306349207,60.026567730158746,61.452379571428594,60.30505034920636,60.087060349206354,60.099785,60.11588
414,한국폴리텍Ⅵ대학구미캠퍼스,전문대학,사립,경북,C그룹,60.305050349206354,60.30505034920636,59.99400439682541,59.99400439682542,60.32542663492067,60.309113,60.311733
415,한국폴리텍Ⅵ대학대구캠퍼스,전문대학,사립,대구,C그룹,60.3830007777778,60.38213411111114,60.34127911111113,60.71237196825399,60.323165873015895,60.325222,60.316257
416,한국폴리텍Ⅵ대학영남융합기술캠퍼스,전문대학,사립,대구,C그룹,61.734677238095216,61.21964157142859,61.21964157142859,60.97531914285717,60.86621271428574,60.842278,60.83246
417,한국폴리텍Ⅵ대학영주캠퍼스,전문대학,사립,경북,C그룹,64.61199039682543,62.24608536507933,64.17453155988456,61.78436434920633,60.65278992063495,60.66417,60.639286
418,한국폴리텍Ⅶ대학동부산캠퍼스,전문대학,사립,부산,C그룹,63.60062320634921,63.67328520634922,60.6934794761905,60.02656773015876,60.026567730158746,60.02233,60.025215
419,한국폴리텍Ⅶ대학부산캠퍼스,전문대학,사립,부산,C그룹,59.970748682539686,60.00070439682541,60.000704396825405,60.00070439682542,60.09120706349209,60.145023,60.162205
420,한국폴리텍Ⅶ대학울산캠퍼스,전문대학,사립,울산,C그룹,61.28587407936509,61.07842907936509,61.02156407936511,61.13969074603176,60.86181119047621,60.838627,60.846676
421,한국폴리텍Ⅶ대학진주캠퍼스,전문대학,사립,경남,C그룹,64.6894632741703,64.70241327417031,60.67099614285716,60.02656773015876,60.026567730158746,60.021725,60.02486
422,한국폴리텍Ⅶ대학창원캠퍼스,전문대학,사립,경남,C그룹,60.026567730158746,61.80008050793647,61.80278050793648,61.80008050793647,61.91923901587298,61.875996,61.879036
423,한국폴리텍특성화 로봇캠퍼스,전문대학,사립,경북,C그룹,61.266781587301566,60.77659325396825,60.68821434487736,60.02656773015876,60.026567730158746,60.019382,60.01425
424,한국폴리텍특성화 바이오캠퍼스,전문대학,사립,충남,C그룹,60.65002842857144,60.62070276190478,60.0767898095238,60.06396758730159,60.0767898095238,60.101395,60.129883
425,한국폴리텍특성화 반도체융합캠퍼스,전문대학,사립,경기,C그룹,60.59625336507936,60.026567730158746,60.90368974603175,60.59097547619049,60.571770761904766,60.55922,60.56179
426,한국폴리텍특성화 항공캠퍼스,전문대학,사립,경남,C그룹,60.48280204761906,60.62741925396826,60.68076506349208,60.64259173015875,60.42763506349208,60.36822,60.37844
427,한국학대학원,대학원대학,국립,경기,-,65.87668430591634,65.82841497258299,66.01349482972586,65.88906721067825,65.81496621067824,65.817245,65.81467
428,한국항공대학교,대학,사립,경기,C그룹,66.59090148189973,66.71002755982178,66.67954836996336,66.03306529612976,65.3338699095091,65.328186,65.30353
429,한남대학교,대학,사립,대전,A그룹,67.71806995231083,67.23662005119792,67.18511489896126,66.89513690492318,62.04516587881842,62.01205,62.010643
430,한동대학교,대학,사립,경북,C그룹,60.979633080808064,59.48898345382392,59.50877280769232,63.3056850324675,57.55407076984127,58.37499,57.9395
431,한라대학교,대학,사립,강원,C그룹,66.75961074939873,66.4804220364933,66.22480530495429,65.44629034920632,66.25744857936506,66.25543,66.2549
432,한려대학교,대학,사립,전남,C그룹,60.026567730158746,60.026567730158746,60.026567730158746,65.48854476623379,65.48854476623377,65.454285,65.46248
433,한림국제대학원대학교,대학원대학,사립,서울,-,61.12275785714289,61.42267370105824,61.32096627777781,60.33865492063495,60.53220049206352,60.503887,60.490772
434,한림대학교,대학,사립,강원,B그룹,68.23141959232177,69.72277288297738,69.69912243997598,69.63119390437328,69.06913451326842,68.98943,69.0084
435,한림성심대학교,전문대학,사립,강원,B그룹,64.36896936396934,63.36482634809633,63.79783069841261,63.67098061904753,59.798174116161576,59.61034,59.659637
436,한민학교,대학,사립,충남,C그룹,60.026567730158746,60.026567730158746,60.026567730158746,60.02656773015876,60.026567730158746,60.026615,60.026615
437,한반도국제대학원대학교,대학원대학,사립,서울,-,65.1546602871573,65.00258694083698,65.00608694083698,65.05201332683981,64.99493694083698,64.97706,64.97717
438,한북대학교,대학,사립,경기,C그룹,60.026567730158746,60.026567730158746,60.026567730158746,60.02656773015876,60.026567730158746,60.026615,60.026615
439,한서대학교,대학,사립,충남,B그룹,66.77226981073952,66.7948594184077,66.80111748973245,66.53661840243086,66.44909079702903,66.45011,66.44231
440,한성대학교,대학,사립,서울,B그룹,66.47245689061015,65.91246751519263,66.33425345904291,66.75561293169648,66.19828246124463,66.203926,66.20407
441,한세대학교,대학,사립,경기,C그룹,66.30577071428569,66.94669931138505,67.28237930735925,67.09719170177965,66.55696386150156,66.55907,66.55739
442,한신대학교,대학,사립,경기,B그룹,66.6391799414957,66.58438342995169,66.79793487493987,66.5974382265512,65.29736426839823,65.30518,65.30536
443,한양대학교,대학,사립,서울,A그룹,75.76313037445881,75.70762475036072,75.30082822510823,74.63228668542563,72.02872272582968,72.154526,72.23615
444,한양대학교(ERICA),대학,사립,경기,A그룹,68.65370127686647,68.83953534855915,69.63648184835576,69.52206885064777,67.07672828824637,67.07057,67.03555
445,한양여자대학교,전문대학,사립,서울,A그룹,63.92206682539685,64.6166014444445,64.81761326984133,64.42384220634925,63.82254223809527,63.80322,63.806877
446,한영대학교,전문대학,사립,전남,C그룹,62.63139966666672,62.4638290952381,63.26685329629633,63.03951020105824,63.688743042328106,63.690327,63.695793
447,한일장신대학교,대학,사립,전북,C그룹,66.73064689980382,66.78310072047594,66.77036615337636,66.56840402735425,66.16070424708617,66.16796,66.171234
448,한중대학교,대학,사립,강원,C그룹,60.026567730158746,60.026567730158746,60.026567730158746,60.02656773015876,60.026567730158746,60.026615,60.026615
449,합동신학대학원대학교,대학원대학,사립,경기,-,65.7094557070707,65.27928180230879,65.31297682972583,65.25762259163058,65.11716107215005,65.12022,65.116356
450,해군사관학교,기타,기타,경남,-,61.59763353968256,62.496310000000015,62.2162220634921,61.48010730158732,61.895668984127,61.885902,61.89754
451,협성대학교,대학,사립,경기,C그룹,66.9860410285568,67.14820860792189,67.03493787638288,66.7959228142711,66.58131101556977,66.58346,66.589066
452,혜전대학교,전문대학,사립,충남,B그룹,66.84616193915342,66.84255567532469,64.87097750793653,65.317780008658,65.62810990812892,65.59683,65.600624
453,호남대학교,대학,사립,광주,B그룹,66.73010853246755,66.6770714055594,67.12774921417184,66.66992724098125,66.78468047898596,66.78834,66.79043
454,호남신학대학교,대학,사립,광주,C그룹,66.50453591994318,66.69904671359397,66.43711939613362,66.71204230089553,65.07296270307465,65.07413,65.06912
455,호산대학교,전문대학,사립,경북,C그룹,62.97804828571431,63.158769056277066,63.72973418518522,63.6819770740741,62.56297132010584,62.551098,62.56172
456,호서대학교,대학,사립,충남,A그룹,59.11667614396711,64.79043170321837,63.45290024470633,63.24313382499526,61.24387349059434,61.222355,61.21409
457,호원대학교,대학,사립,전북,B그룹,66.7265982784365,66.8201761514524,66.74824013028838,66.38816012163038,66.6994398597256,66.704216,66.701866
458,홍익대학교,대학,사립,서울,A그룹,63.17427574025975,67.1688498709069,70.45101005960059,69.17424552525257,70.25594653573557,69.96414,70.07625
459,화성의과학대학교,대학,사립,경기,C그룹,64.1157458921932,61.94841065079364,60.50631149206349,60.326200476190486,61.18786236507936,61.224873,61.21936
460,화신사이버대학교,대학,사립,부산,C그룹,61.180684126984126,61.57338484126984,61.33203865079364,61.02543031746032,60.7963146031746,60.843838,60.82524
461,횃불트리니티신학대학원대학교,대학원대학,사립,서울,-,64.55598474170274,64.96345215007214,64.83902015007214,66.35263970562768,63.52333614718617,63.514694,63.506138
