YR,RK,SNM,SCR,ID,STYP,FND,RGN,USC,BR_TCNT_KB,BR_TCNT_OB,BR_TCNT_SUM,BR_BCNT_KB,BR_BCNT_OB,BR_BCNT_SUM,ER_EJN_PKG,ER_WDB_PKG,ER_EB_TCNT,ER_ELV_PKG,ER_TTL_PKG,ER_TTL_TCNT,SRL_KR,SRL_OT,SRL_TTL,AHC_ABI_BUY,AHC_ABI_DON,AHC_ABI_TTL,AHC_ATI,AHC_ARM,BPS_BO,BPS_SCC,BPS_BPS,GRR_AHBC,GRR_BO,GRR_GRR,FACLT_LAS,FACLT_RS_TRS,FACLT_EQP_SPC,FACLT_EQP_UPC,FACLT_EQP_TPC,APS_AR,APS_SCC,APS_APS,STL_USTL,STL_BC,STL_SRC,STL_NBC,STL_ERC_EJN,STL_ERC_WDB,STL_ERC_EB,STL_ERC_OER,STL_MCT,BGT_UBGT,BGT_BC,BGT_SRC,BGT_NBC,BGT_ERC_EJN,BGT_ERC_WDB,BGT_ERC_EB,BGT_ERC_OER,BGT_MCT,CPSS_MC,CPSS_SCC,CPSS_CPS,LBRT_MC,LBRT_USTL,LBRT_BRT,BG3Y_MCS_12A,BG3Y_MCS_13B,BG3Y_MCS_14C,BG3Y_BG3Y,VUC_SCC,VUC_VTC_UGRD,VUC_VTC_GRAD,VUC_VTC_FFAC,VUC_VTC_PFAC,VUC_VTC_STF,VUC_VTC_OTH,VUC_VTC_SUM,VUC_DPC,VUC_UC_LUC,LS_LU_UGRD,LS_LU_GRAD,LS_LU_FAC,LS_LU_STF,LS_LU_OTH,LS_LU_SUM,LS_LB_UGRD,LS_LB_GRAD,LS_LB_FAC,LS_LB_STF,LS_LB_OTH,LS_LB_SUM,RCOL_RBF10_REQ,RCOL_RBF10_PRV,RCOL_RAF10_CSLT,RCOL_RAF10_PHN,RCOL_RAF10_ONL,RCOL_RFLN_REQ,RCOL_RFLN_PRV,RCOL_RFC_REQ,RCOL_RFC_PRV,UE_EDC,UE_EP,LPS_LB,LPS_SCC,LPS_LPS,VPS_VC,VPS_SCC,VPS_VPS,STF_FT_HLIBC,STF_FT_NLIBC,STF_PT_HLIBC,STF_PT_NLIBC,STF_TTL_HLIBC,STF_TTL_NLIBC,STF_TTL_SUM,LIBCS_FT_SL1,LIBCS_FT_SL2,LIBCS_FT_ALIB,LIBCS_FT_TTL,LIBCS_PT_SL1,LIBCS_PT_SL2,LIBCS_PT_ALIB,LIBCS_PT_TTL,SES_PTH,SES_PTC,SPK_FT_LIB,SPK_FT_NLIB,SPK_PT_LIB,SPK_PT_NLIB,SPK_SCC,SPK_SPK,LPK_LFT2,LPK_LPT2,LPK_SCP,LPK_LPK,EHS_EH,EHS_LFT,EHS_LPT,EHS_EHS
2014,1,서울대학교,66.06,200,대학,국립,서울,A그룹,626865,1135225,1762090,2209778,2490073,4699851,97,88,468994,0,185,516893,1730,2151,3881,51082,29930,81012,55926,11855,4699851,27986,167.89999389648438,81012,4699851,1.7999999523162842,47828,6557,120,219,339,47828,27986,1.7000000476837158,712500000000,1566505750,1192012720,31263620,5258060460,1063235000,0,226231470,9337309020,742116268000,2112000000,1200000000,138000000,5212392000,1096000000,0,250000000,10008392000,9337309020,27986,333642.1,9337309020,712500000000,1.3,8026264357,8335250599,9337309020,7.9,27986,16496,11490,2209,2447,1028,1829,35499,101,4431167,15245,11088,1587,2806,1151,31877,231542,218291,36591,37249,25110,548783,0,0,1500,2720,6167,3202,1185,3539,18251,284,90904,449833,27986,16.100000381469727,4431167,27986,158.3000030517578,89,9,17,3,106,12,118,31,44,14,89,2,13,2,17,6284,125,89,9,17,3,27986,4.0,89,17,27986,3.799999952316284,6284,98,20,53.29999923706055
2014,2,연세대학교,50.95,272,대학,사립,서울,A그룹,901458,468761,1370219,1632197,767814,2400011,87,149,282927,0,236,371909,1779,1100,2879,47501,17802,65303,42451,1619,2400011,31061,77.30000305175781,65303,2400011,2.799999952316284,70075,7198,199,978,1177,70075,31061,2.299999952316284,971148365000,1290072233,275262249,71037887,4362693908,1491915387,0,233402405,7724384069,1004827378000,1170000000,647000000,50000000,4520000000,1180000000,0,100000000,7667000000,7724384069,31061,248684.3,7724384069,971148365000,0.8,7370613971,7388099809,7724384069,2.4,31061,19227,11834,1635,2373,893,5502,41464,80,4451264,22264,8427,1816,1461,3751,37719,266984,157238,28333,25835,67703,546093,0,0,3238,6928,2862,3662,5483,2947,33566,405,11343,424222,31061,13.699999809265137,4451264,31061,143.3000030517578,47,5,33,30,80,35,115,18,29,0,47,0,26,7,33,2171,353,47,5,33,30,31061,3.0,47,33,31061,2.5999999046325684,2171,52,63,18.89999961853028
2014,3,한국과학기술원,49.88,373,대학,국립,대전,A그룹,191272,122297,313569,269449,233788,503237,54,31,63329,0,85,113371,111,59,170,10245,7597,17842,15140,501,503237,10416,48.29999923706055,17842,503237,3.700000047683716,19426,1471,64,60,124,19426,10416,1.899999976158142,37309253000,445637460,29914199,0,3150099432,518382720,0,226487667,4370521478,749121000000,416000000,16780000,0,3441000000,587000000,0,145200000,4605980000,4370521478,10416,419596.9,4370521478,37309253000,11.7,4426000000,4646029480,4370521478,-0.5,10416,3980,6436,615,542,1673,135,13381,18,1089045,2863,3985,294,563,48,7753,33007,41188,5366,7436,573,87570,0,0,4587,2980,1848,84,6,505,193,20,963,74195,10416,7.099999904632568,1089045,10416,104.5999984741211,16,1,8,8,24,9,33,8,8,0,16,0,7,1,8,3061,1349,16,1,8,8,10416,2.5999999046325684,16,8,10416,2.299999952316284,3061,17,16,92.8000030517578
2014,4,고려대학교,49.84,50,대학,사립,서울,A그룹,528499,688676,1217175,1403501,1257757,2661258,100,114,262077,0,214,325185,1483,1589,3072,39268,37327,76595,56679,347,2661258,29387,90.5999984741211,76595,2661258,3.0,54594,8803,211,733,944,54594,29387,1.899999976158142,665899329000,898952160,547133977,13316850,3752112085,766717571,0,533700062,6511932705,686295129000,971500000,665395320,43600000,4086076652,796720716,0,502453312,7065746000,6511932705,29387,221592.3,6511932705,665899329000,1.0,7405050479,6641736632,6511932705,-6.1,29387,20090,9297,1442,2651,684,1789,35953,71,15778968,19421,6398,871,606,582,27878,247094,150297,17022,9750,27400,451563,0,0,30846,35365,8116,3542,4457,5701,11968,249,6269,397391,29387,13.5,15778968,29387,536.9000244140625,37,1,15,1,52,2,54,16,19,2,37,0,15,0,15,957,140,37,1,15,1,29387,1.7000000476837158,37,15,29387,1.7999999523162842,957,38,16,17.700000762939453
2014,5,한양대학교,48.63,443,대학,사립,서울,A그룹,424148,261154,685302,825927,515276,1341203,37,49,106600,0,86,189540,1598,607,2205,34614,5541,40155,29664,0,1341203,22412,59.79999923706055,40155,1341203,3.0999999046325684,25699,3916,69,243,312,25699,22412,1.100000023841858,482542497000,1145309880,409042893,23462350,2110073240,560961574,0,548924498,4797774435,495467439000,420000000,250000000,30000000,1670600000,829400000,0,0,3200000000,4797774435,22412,214071.7,4797774435,482542497000,1.0,5526873110,4634435594,4797774435,-6.3,22412,15477,6935,1005,2417,704,35853,62391,69,2782586,13673,5585,699,703,772,21432,160376,74575,12120,11367,8209,266647,0,0,11317,17273,10792,596,391,1438,2900,130,5218,234951,22412,10.5,2782586,22412,124.1999969482422,26,0,2,0,28,0,28,12,12,2,26,0,2,0,2,821,166,26,0,2,0,22412,1.2000000476837158,26,2,22412,1.2000000476837158,821,26,2,29.299999237060547
2014,6,포항공과대학교,48.35,367,대학,사립,경북,C그룹,95475,160846,256321,134134,309472,443606,28,8,185497,0,36,194900,138,117,255,14105,328,14433,8803,21,443606,3123,142.0,14433,443606,3.400000095367432,22241,1303,19,78,97,22241,3123,7.099999904632568,165675632000,70247487,158321502,4885210,2814338478,237220883,0,118930067,3403943627,208980818000,70000000,151359000,5000000,2677102000,245080000,0,106058000,3254599000,3403943627,3123,1089959.5,3403943627,165675632000,2.1,3326663848,3292999066,3403943627,1.2,3123,1394,1729,269,143,412,2955,6902,13,539102,1189,1168,153,160,491,3161,10067,10295,2613,2339,8430,33744,0,0,36,104,464,64,14,619,1768,22,1376,20362,3123,6.5,539102,3123,172.60000610351562,6,0,1,3,7,3,10,1,2,3,6,0,1,0,1,951,89,6,0,1,3,3123,2.700000047683716,6,1,3123,2.200000047683716,951,6,4,95.0999984741211
2014,7,성균관대학교,47.79,227,대학,사립,서울,A그룹,581188,431611,1012799,1169426,683590,1853016,94,104,334623,0,198,421415,904,691,1595,35889,6337,42226,34196,6536,1853016,27048,68.5,42226,1853016,2.299999952316284,43318,7955,131,712,843,43318,27048,1.600000023841858,525460766000,1230203083,525049673,38668986,2140716141,1465911506,0,301961409,5702510798,535228684000,1312900000,600000000,35000000,2212500000,1297500000,0,295000000,5752900000,5702510798,27048,210829.3,5702510798,525460766000,1.1,4894882153,5144998146,5702510798,8.0,27048,19439,7609,1396,948,416,12572,42380,76,4306437,15637,4191,795,252,4653,25528,232999,78333,14651,8166,55052,389201,0,0,61337,15591,15848,2187,1528,6277,2013,250,7614,311332,27048,11.5,4306437,27048,159.1999969482422,23,4,32,3,55,7,62,9,12,2,23,1,15,16,32,1532,284,23,4,32,3,27048,2.0,23,32,27048,2.0,1532,27,35,24.700000762939453
2014,8,경북대학교,46.23,33,대학,국립,대구,A그룹,854266,451130,1305396,2139349,938874,3078223,36,41,144906,0,77,188555,1077,1228,2305,48541,8558,57099,35932,34032,3078223,30971,99.4000015258789,57099,3078223,1.899999976158142,35961,5424,154,461,615,35961,30971,1.2000000476837158,309582236000,869376910,1640657090,120616000,1250666992,655471283,0,86448725,4623237000,286181985000,707680000,1465250000,0,1366200000,395800000,0,28000000,3962930000,4623237000,30971,149276.3,4623237000,309582236000,1.5,4986229000,4503339000,4623237000,-3.5,30971,24168,6803,1242,1620,729,11182,45744,167,1254319,18808,3945,974,486,1363,25576,208781,60610,20620,7336,21127,318474,0,0,79895,31598,1849,390,978,4082,4317,115,3322,269391,30971,8.699999809265137,1254319,30971,40.5,43,6,10,3,53,9,62,13,26,4,43,1,7,2,10,1144,76,43,6,10,3,30971,1.899999976158142,43,10,30971,1.7000000476837158,1144,49,13,18.5
2014,9,광주과학기술원,46.02,61,대학,국립,광주,C그룹,0,0,0,0,0,0,0,0,0,0,0,0,0,0,0,0,0,0,0,0,0,0,0.0,0,0,0.0,0,0,0,0,0,0,0,0.0,0,0,0,0,0,0,0,0,0,0,0,0,0,0,0,0,0,0,0,0,0.0,0,0,0.0,0,0,0,0.0,0,0,0,0,0,0,0,0,0,0,0,0,0,0,0,0,0,0,0,0,0,0,0,0,0,0,0,0,0,0,0,0,0,0,0,0.0,0,0,0.0,0,0,0,0,0,0,0,0,0,0,0,0,0,0,0,0,0,0,0,0,0,0,0.0,0,0,0,0.0,0,0,0,0.0
2014,10,이화여자대학교,45.67,308,대학,사립,서울,A그룹,561600,501146,1062746,963147,695331,1658478,45,103,152330,0,148,200671,1182,1191,2373,42029,24726,66755,57794,30906,1658478,22268,74.5,66755,1658478,4.199999809265137,22557,3937,100,311,411,22557,22268,1.0,454394388000,781883850,713703824,32190320,2330025811,788103379,0,230387654,4876294838,458814414000,743000000,749000000,12000000,2305000000,743809000,0,152500000,4705309000,4876294838,22268,218982.2,4876294838,454394388000,1.1,4733509088,4521201213,4876294838,1.7,22268,16166,6102,997,1789,543,12124,37721,85,1591705,13710,6224,1067,361,3772,25134,206719,140374,24474,9052,44376,424995,0,0,6059,3359,1872,1898,1944,4612,3153,262,14310,347093,22268,15.600000381469728,1591705,22268,71.5,29,3,36,5,65,8,73,12,16,1,29,0,7,29,36,1757,238,29,3,36,5,22268,2.799999952316284,29,36,22268,2.900000095367432,1757,32,41,24.100000381469727
2014,11,경희대학교,45.66,45,대학,사립,서울,A그룹,801261,389405,1190666,1883989,582962,2466951,63,46,114514,0,109,216280,746,542,1288,52807,12447,65254,50760,32790,2466951,32137,76.80000305175781,65254,2466951,2.700000047683716,35687,6618,133,358,491,35687,32137,1.100000023841858,462129016000,1176826907,413535568,35590360,2937539876,704269931,0,157748566,5425511208,498791109000,486700000,343330000,18000000,3040802700,828967300,0,101194000,4818994000,5425511208,32137,168824.4,5425511208,462129016000,1.2,7212938084,7287653072,5425511208,-12.3,32137,24966,7171,1449,2034,877,25794,62291,84,2614131,22894,5382,1183,893,5385,35737,313329,98012,29508,24332,52354,517535,0,0,56734,45769,8537,1090,4125,2156,1937,347,6195,411341,32137,12.800000190734863,2614131,32137,81.30000305175781,28,3,21,7,49,10,59,10,17,1,28,0,18,3,21,1777,262,28,3,21,7,32137,1.600000023841858,28,21,32137,1.5,1777,31,28,30.100000381469727
2014,12,전남대학교,45.55,321,대학,국립,광주,A그룹,541376,260984,802360,1106073,452361,1558434,36,38,35606,0,74,77722,1203,421,1624,62998,16298,79296,43013,0,1558434,26208,59.5,79296,1558434,5.400000095367432,32795,5219,70,214,284,32795,26208,1.2999999523162842,276094050000,682709830,148108050,10531070,1921697806,432447104,0,73774410,3269268270,261960323000,796318000,340762000,3000000,2121523730,65837600,0,0,3327441330,3269268270,26208,124743.1,3269268270,276094050000,1.2,3246329730,3291389000,3269268270,0.4,26208,21053,5155,1260,1102,628,2921,32119,99,3199067,16041,3461,927,623,2278,23330,163954,50233,18734,12694,46180,291795,0,0,19955,10745,3373,917,358,2897,1014,102,4510,214187,26208,8.199999809265137,3199067,26208,122.0999984741211,36,5,6,1,42,6,48,6,30,0,36,0,6,0,6,3286,580,36,5,6,1,26208,1.7000000476837158,36,6,26208,1.600000023841858,3286,41,7,68.5
2014,13,전북대학교,45.51,324,대학,국립,전북,A그룹,505511,243141,748652,1086268,451966,1538234,35,42,57085,0,77,96817,1261,898,2159,19295,13442,32737,24040,0,1538234,23596,65.19999694824219,32737,1538234,2.200000047683716,26838,3910,70,263,333,26838,23596,1.100000023841858,252406865000,510955000,281718840,2534960,1229041450,749293190,0,168919680,2942463120,240869713000,300000000,45000000,0,0,0,0,0,345000000,2942463120,23596,124701.8,2942463120,252406865000,1.2,3273715820,3142103660,2942463120,-5.2,23596,19320,4276,1032,1502,513,482,27125,139,2569060,12292,2493,670,407,194,16056,109118,40667,11763,5288,1702,168538,0,0,22825,22580,1338,397,281,5332,3845,140,5093,149785,23596,6.300000190734863,2569060,23596,108.9000015258789,30,8,5,0,35,8,43,12,15,3,30,0,5,0,5,3818,476,30,8,5,0,23596,1.7000000476837158,30,5,23596,1.5,3818,38,5,88.80000305175781
2014,14,서강대학교,45.43,191,대학,사립,서울,A그룹,346682,414011,760693,664899,578018,1242917,37,26,44694,0,63,59866,843,593,1436,28274,2166,30440,20079,12852,1242917,11614,107.0,30440,1242917,2.5,16443,2793,118,132,250,16443,11614,1.399999976158142,201447798000,970552760,244280676,3451030,983927530,362832984,0,135955020,2701000000,191644949000,977430000,247010300,6000000,288887887,956793772,0,33178041,2509300000,2701000000,11614,232564.1,2701000000,201447798000,1.3,2848050000,2556300000,2701000000,-2.3,11614,8150,3464,441,743,272,4245,17315,36,2078009,7273,2745,451,217,460,11146,108704,63882,13842,4733,9715,200876,0,0,4073,3573,860,2253,2068,879,1647,171,6130,172586,11614,14.899999618530272,2078009,11614,178.89999389648438,20,3,5,5,25,8,33,14,6,0,20,0,5,0,5,1358,418,20,3,5,5,11614,2.5,20,5,11614,2.200000047683716,1358,23,10,41.20000076293945
2014,15,경상국립대학교,45.43,37,대학,국립,경남,A그룹,594111,265869,859980,1195669,419597,1615266,40,29,24252,0,69,59698,1263,423,1686,44553,24330,68883,51254,0,1615266,23945,67.5,68883,1615266,4.5,34985,4120,68,309,377,34985,23945,1.5,237561243000,796032000,286667570,65386320,1338205240,311180570,0,22594000,2820065700,231991212000,854425360,1191600600,65000000,772119663,164328977,0,33706000,3081180600,2820065700,23945,117772.6,2820065700,237561243000,1.2,2911235199,2734005790,2820065700,-1.5,23945,20895,3050,987,1021,560,703,27216,133,1555603,13976,1525,583,448,127,16659,131234,15610,9786,5889,5536,168055,0,0,13676,10543,1673,318,199,1911,569,49,1022,146844,23945,6.099999904632568,1555603,23945,65.0,26,6,4,0,30,6,36,10,16,0,26,1,2,1,4,3306,550,26,6,4,0,23945,1.399999976158142,26,4,23945,1.2999999523162842,3306,32,4,91.8000030517578
2014,16,부산대학교,45.38,178,대학,국립,부산,A그룹,681846,347474,1029320,1770025,459916,2229941,39,45,116191,0,84,170133,1287,1429,2716,63034,39437,102471,60199,0,2229941,30429,73.30000305175781,102471,2229941,4.800000190734863,35855,5578,113,274,387,35855,30429,1.2000000476837158,297269724000,1461259670,503573140,18865760,2925326270,512649990,0,214690170,5636365000,279896500000,1159000000,646875000,28148000,2585202000,250000000,0,118480000,4787705000,5636365000,30429,185230.0,5636365000,297269724000,1.9,6126135726,6004992330,5636365000,-4.1,30429,22225,8204,1295,1766,724,1768,35982,103,2227969,16735,4656,961,823,1153,24328,212133,84102,26064,13577,21697,357573,0,0,64425,11626,692,562,723,4418,3825,219,5145,296235,30429,9.699999809265137,2227969,30429,73.19999694824219,46,2,2,4,48,6,54,17,29,0,46,0,2,0,2,4136,517,46,2,2,4,30429,1.7000000476837158,46,2,30429,1.600000023841858,4136,48,6,76.5999984741211
2014,17,아주대학교,45.35,264,대학,사립,경기,A그룹,303071,223111,526182,579591,419217,998808,46,35,32163,0,81,62619,607,397,1004,10432,8956,19388,14123,0,998808,14295,69.9000015258789,19388,998808,2.0,15938,2694,58,115,173,15938,14295,1.100000023841858,244102303000,380333573,459345757,16077150,1448488463,357679117,0,53869168,2715793228,237258521000,330000000,493200000,30190000,1391504000,390000000,0,101000000,2735894000,2715793228,14295,189982.0,2715793228,244102303000,1.1,2479851746,2583012016,2715793228,4.7,14295,9988,4307,658,709,215,5294,21171,42,1660624,7072,1537,401,459,2313,11782,89434,21407,10032,5934,25933,152740,0,0,3044,2439,1067,250,304,2824,1787,35,3928,110841,14295,7.800000190734863,1660624,14295,116.1999969482422,11,3,10,2,21,5,26,4,7,0,11,0,9,1,10,1388,318,11,3,10,2,14295,1.600000023841858,11,10,14295,1.5,1388,14,12,53.400001525878906
2014,18,울산대학교,45.14,297,대학,사립,울산,A그룹,348347,211154,559501,612821,426798,1039619,59,57,109443,0,116,151745,489,296,785,11626,4796,16422,11818,24671,1039619,16242,64.0,16422,1039619,1.600000023841858,22112,3788,55,135,190,22112,16242,1.399999976158142,243673752000,211278483,7795200,7503040,1872612522,188906443,0,188836116,2476931804,242133306000,195000000,0,7600000,2000000000,188840000,0,170000000,2561440000,2476931804,16242,152501.7,2476931804,243673752000,1.0,2760846771,2157600518,2476931804,-3.5,16242,14165,2077,1096,929,568,3983,22818,39,1687118,10717,911,574,1778,1888,15868,94595,9763,6891,6885,13464,131598,0,0,938,4096,306,33,192,3483,3467,262,3976,104358,16242,6.400000095367432,1687118,16242,103.9000015258789,18,0,6,3,24,3,27,2,16,0,18,0,6,0,6,1145,235,18,0,6,3,16242,1.5,18,6,16242,1.5,1145,18,9,42.400001525878906
2014,19,동국대학교,45.07,135,대학,사립,서울,A그룹,733006,157748,890754,1136049,225664,1361713,33,50,27226,0,83,105336,1244,615,1859,30032,11327,41359,37506,1014,1361713,17349,78.5,41359,1361713,3.0999999046325684,16063,2765,55,163,218,16063,17349,0.8999999761581421,330495108000,597262000,181895000,14092000,893366000,519763000,0,26983000,2233361000,339673287000,475000000,199500000,20000000,1763041024,0,0,39058880,2496599904,2233361000,17349,128731.4,2233361000,330495108000,0.7,2090108566,2121846456,2233361000,3.4,17349,13627,3722,676,1363,342,8667,28397,53,1208867,11829,2360,567,307,1947,17010,103270,23389,7122,3531,12861,150173,0,0,30719,11691,3386,167,372,1516,689,34,642,126659,17349,7.300000190734863,1208867,17349,69.69999694824219,12,0,6,4,18,4,22,5,7,0,12,0,6,0,6,314,126,12,0,6,4,17349,1.100000023841858,12,6,17349,1.0,314,12,10,14.300000190734863
2014,20,건국대학교,45.01,18,대학,사립,서울,A그룹,458764,143000,601764,962551,215701,1178252,31,40,22231,0,71,57139,1298,218,1516,34257,7847,42104,24458,1735,1178252,20328,58.0,42104,1178252,3.700000047683716,25077,4095,59,270,329,25077,20328,1.2000000476837158,406641901000,875180468,92318882,18618780,1016941829,874176544,0,18763497,2896000000,404947349000,720000000,109000000,8000000,890000000,988000000,0,85000000,2800000000,2896000000,20328,142463.6,2896000000,406641901000,0.7,2752000000,2800000000,2896000000,2.6,20328,15829,4499,676,1396,412,6507,29319,86,2730860,11680,2708,621,631,3442,19082,138364,37250,9254,4804,12243,201915,0,0,26258,120321,212,152,222,1093,645,18,411,175614,20328,8.600000381469727,2730860,20328,134.3000030517578,10,8,21,1,31,9,40,5,5,0,10,1,18,2,21,1441,176,10,8,21,1,20328,1.7000000476837158,10,21,20328,1.5,1441,18,22,36.0
2014,21,단국대학교,44.82,107,대학,사립,경기,A그룹,824987,287017,1112004,1393501,485696,1879197,44,37,28528,0,81,70688,958,273,1231,52271,12042,64313,46814,0,1879197,28912,65.0,64313,1879197,3.5,36687,5482,52,315,367,36687,28912,1.2999999523162842,342788592000,1235684450,173058278,21890010,1494093874,364860840,0,182125184,3471712636,332621443000,1267600000,208205000,21900000,1698557037,604077963,0,102235000,3902575000,3471712636,28912,120078.6,3471712636,342788592000,1.0,3353525980,3187923788,3471712636,2.0,28912,24897,4015,1128,1461,512,543,32556,163,2309792,16560,1537,955,709,201,19962,174453,21908,20231,9219,1996,227807,0,0,13977,7325,792,107,433,1532,1579,53,2970,196361,28912,6.800000190734863,2309792,28912,79.9000015258789,29,1,2,3,31,4,35,6,21,2,29,0,2,0,2,800,173,29,1,2,3,28912,1.100000023841858,29,2,28912,1.100000023841858,800,30,5,22.89999961853028
2014,22,인하대학교,44.78,316,대학,사립,인천,A그룹,0,0,0,1212531,421336,1633867,55,44,45211,0,99,94880,849,510,1359,39185,12657,51842,0,0,1633867,21628,75.5,51842,1633867,3.299999952316284,27115,3786,82,430,512,27115,21628,1.2999999523162842,261374994000,771858563,310690018,5121260,1571459350,494942523,0,217832380,3371904094,289173814000,700000000,338302000,5000000,1556505000,570493000,0,154700000,3325000000,3371904094,21628,155904.6,3371904094,261374994000,1.3,3460162082,3233337175,3371904094,-1.1,21628,18426,3202,841,975,367,3539,27350,68,994158,13370,2145,444,350,1789,18098,135853,34054,6773,5924,13346,195950,0,0,0,0,308,410,365,2439,1181,68,8135,169907,21628,7.900000095367432,994158,21628,46.0,18,3,13,2,31,5,36,7,10,1,18,0,12,1,13,1104,309,18,3,13,2,21628,1.5,18,13,21628,1.399999976158142,1104,21,15,30.700000762939453
2014,23,충남대학교,44.77,357,대학,국립,대전,A그룹,520939,244636,765575,1163825,447582,1611407,25,41,20706,0,66,43516,672,865,1537,16158,10529,26687,16076,0,1611407,24120,66.80000305175781,26687,1611407,1.7000000476837158,26038,4278,90,112,202,26038,24120,1.100000023841858,224725225000,431372390,472420160,14253650,1256545790,471675290,0,49600000,2695867280,216729339000,603208000,249000000,24000000,891160000,390000000,0,30000000,2187368000,2695867280,24120,111769.0,2695867280,224725225000,1.2,2797436030,2922260570,2695867280,-1.6,24120,18746,5374,923,1444,480,1160,28127,120,3502062,12853,2997,545,492,1146,18033,136628,40248,9975,8084,16297,211232,0,0,20311,9583,1842,299,425,6426,5556,73,2668,176876,24120,7.300000190734863,3502062,24120,145.1999969482422,31,1,1,4,32,5,37,16,15,0,31,0,1,0,1,5619,708,31,1,1,4,24120,1.399999976158142,31,1,24120,1.2999999523162842,5619,32,5,151.89999389648438
2014,24,가톨릭대학교,44.74,6,대학,사립,경기,A그룹,343227,176816,520043,636467,327215,963682,75,60,18892,0,135,86202,2702,1003,3705,23818,8644,32462,21611,39,963682,11016,87.5,32462,963682,3.5,17684,3174,60,202,262,17684,11016,1.600000023841858,195313670000,577082672,125911462,83411998,4019021775,879395068,0,136570390,5821393365,214043477000,535424000,174035000,65000000,2445000000,603070000,0,124000000,3946529000,5821393365,11016,528448.9,5821393365,195313670000,3.0,3473398125,4141844849,5821393365,29.9,11016,8069,2947,1154,756,508,1928,15362,46,1409227,7538,950,1792,294,1231,11805,124159,25676,25104,7522,12179,194640,0,0,4311,3944,2102,227,1373,2896,3463,129,3958,149835,11016,13.600000381469728,1409227,11016,127.9000015258789,20,6,2,1,22,7,29,5,15,0,20,0,1,1,2,1022,107,20,6,2,1,11016,2.400000095367432,20,2,11016,2.0,1022,26,3,35.20000076293945
2014,25,인제대학교,44.56,310,대학,사립,경남,B그룹,358989,173955,532944,576145,247223,823368,25,7,34765,0,32,69222,950,178,1128,5962,7699,13661,11958,3690,823368,11808,69.69999694824219,13661,823368,1.7000000476837158,15252,2136,40,229,269,15252,11808,1.2999999523162842,177751637000,130871390,210612618,16777930,574288936,71361540,0,33070700,1036983114,169810956000,118000000,148097000,15000000,698000000,29000000,0,20000000,1028097000,1036983114,11808,87820.4,1036983114,177751637000,0.6,2064549349,1703946249,1036983114,-28.3,11808,10503,1305,998,547,262,520,14135,57,427127,6223,452,256,341,184,7456,44649,4958,3811,3294,1467,58179,0,0,226,1056,258,532,87,2954,173,70,2708,49607,11808,4.199999809265137,427127,11808,36.20000076293945,7,4,4,1,11,5,16,1,5,1,7,0,4,0,4,272,33,7,4,4,1,11808,1.2000000476837158,7,4,11808,0.8999999761581421,272,11,5,17.0
2014,26,영남대학교,44.55,276,대학,사립,경북,A그룹,537843,316023,853866,1224388,558056,1782444,46,37,25745,0,83,70494,1298,684,1982,53629,5354,58983,41196,10308,1782444,26728,66.69999694824219,58983,1782444,3.400000095367432,32068,4229,90,309,399,32068,26728,1.2000000476837158,343925966000,957243409,618340784,96808143,1741900370,534527208,0,57573196,4006393110,351520411000,1025092000,591258000,84754000,1679155790,502154530,0,55854680,3938269000,4006393110,26728,149895.0,4006393110,343925966000,1.2,3886476703,4086000247,4006393110,1.6,26728,23513,3215,937,1154,645,3587,33051,73,2347191,18445,1839,571,883,1630,23368,193691,36932,14809,14467,16948,276847,0,0,2470,2223,1482,1184,1003,2018,1430,98,5461,230623,26728,8.600000381469727,2347191,26728,87.80000305175781,30,1,4,8,34,9,43,11,18,1,30,0,4,0,4,1645,226,30,1,4,8,26728,1.399999976158142,30,4,26728,1.2999999523162842,1645,31,12,38.29999923706055
2014,27,강원대학교,44.49,14,대학,국립,강원,A그룹,653717,135055,788772,1185180,290603,1475783,42,38,20250,0,80,115510,1538,786,2324,53091,7701,60792,40077,1,1475783,25030,59.0,60792,1475783,4.300000190734863,25223,3574,63,335,398,25223,25030,1.0,246147741000,797631130,1034653380,14524680,1466258400,470616125,0,122793950,3906477665,228500838000,629800000,1106000000,26000000,666000000,302800000,0,31000000,2761600000,3906477665,25030,156071.8,3906477665,246147741000,1.6,3695312720,4100880113,3906477665,3.1,25030,22158,2872,979,1418,625,1234,29286,135,1301958,13077,1416,558,377,446,15874,105319,15852,8012,4429,5234,138846,0,0,4461,5522,1384,254,129,1919,9824,71,3498,121171,25030,4.800000190734863,1301958,25030,52.0,24,9,1,4,25,13,38,13,9,2,24,0,1,0,1,2898,416,24,9,1,4,25030,1.399999976158142,24,1,25030,1.0,2898,33,5,76.30000305175781
2014,28,충북대학교,44.47,359,대학,국립,충북,A그룹,369899,132625,502524,835859,231200,1067059,31,33,42634,0,64,78326,957,351,1308,25767,8041,33808,23115,50,1067059,18334,58.20000076293945,33808,1067059,3.299999952316284,20156,2990,74,201,275,20156,18334,1.100000023841858,195868399000,545352040,131128640,5627550,1269204550,281175260,0,179668520,2412156560,194585855000,470000000,140000000,5000000,1087256000,272000000,0,130880000,2105136000,2412156560,18334,131567.4,2412156560,195868399000,1.2,2050321290,2183355260,2412156560,8.5,18334,15015,3319,755,1045,445,516,21095,97,3097525,11273,1924,466,284,385,14332,116045,26512,7017,2989,3050,155613,0,0,25713,6290,121,201,194,1725,484,42,4524,142557,18334,7.800000190734863,3097525,18334,168.89999389648438,23,5,0,2,23,7,30,3,15,5,23,0,0,0,0,2262,46,23,5,0,2,18334,1.5,23,0,18334,1.2999999523162842,2262,28,2,75.4000015258789
2014,29,세종대학교,44.47,236,대학,사립,서울,A그룹,345026,183745,528771,616856,316804,933660,30,29,33518,0,59,57264,292,119,411,7273,2575,9848,7265,0,933660,13590,68.69999694824219,9848,933660,1.100000023841858,17313,3425,33,356,389,17313,13590,1.2999999523162842,142133378000,123980000,44399000,5422000,831645000,486760000,0,0,1492206000,152008932000,170800000,82668000,5000000,463045000,466340000,0,112147000,1300000000,1492206000,13590,109801.8,1492206000,142133378000,1.0,2397010000,1994800000,1492206000,-21.0,13590,11287,2303,431,726,157,10477,25381,52,1949940,7832,1032,187,169,425,9645,83443,13608,3046,2677,5365,108139,0,0,1244,1744,321,33,169,161,146,20,14135,97051,13590,7.099999904632568,1949940,13590,143.5,9,0,0,3,9,3,12,1,8,0,9,0,0,0,0,37,9,9,0,0,3,13590,0.800000011920929,9,0,13590,0.699999988079071,37,9,3,3.0999999046325684
2014,30,중앙대학교,44.47,339,대학,사립,서울,A그룹,432705,278679,711384,1359133,504307,1863440,44,61,55273,0,105,142644,1006,213,1219,31585,6478,38063,28368,28289,1863440,28933,64.4000015258789,38063,1863440,2.0999999046325684,33174,5522,75,343,418,33174,28933,1.100000023841858,395900537000,995264097,368786312,29357892,1295578266,662384444,0,71989080,3423360091,395745450000,1094000000,270000000,30000000,1419600271,730296449,0,74020280,3617917000,3423360091,28933,118320.3,3423360091,395900537000,0.9,5586103441,3341012002,3423360091,-18.9,28933,23242,5691,994,1839,623,24068,56457,98,2742707,18560,5000,822,484,3213,28079,229171,72345,12244,5916,25373,345049,0,0,38030,28052,4918,104,47,1746,1114,65,935,301516,28933,10.399999618530272,2742707,28933,94.8000030517578,23,5,3,1,26,6,32,8,15,0,23,0,3,0,3,1419,255,23,5,3,1,28933,1.0,23,3,28933,0.8999999761581421,1419,28,4,44.29999923706055
2014,31,조선대학교,44.46,335,대학,사립,광주,A그룹,402782,164405,567187,822296,370738,1193034,21,22,57505,0,43,67259,416,817,1233,22420,5613,28033,12387,0,1193034,23880,50.0,28033,1193034,2.400000095367432,21344,3375,95,267,362,21344,23880,0.8999999761581421,255941958000,265821934,162343770,72727035,966314624,295350108,0,53376649,1815934120,281429047000,277426136,196000000,75901864,959429109,293245579,0,52996312,1854999000,1815934120,23880,76044.1,1815934120,255941958000,0.7,2188902855,2272604543,1815934120,-8.1,23880,20959,2921,870,964,534,66391,92639,91,772285,8625,732,331,234,3890,13812,63945,6626,5103,5037,32731,113442,0,0,30884,10835,1106,132,129,1515,1926,65,6293,70571,23880,3.0,772285,23880,32.29999923706055,20,5,3,2,23,7,30,4,16,0,20,0,3,0,3,708,77,20,5,3,2,23880,1.100000023841858,20,3,23880,1.0,708,25,5,23.600000381469727
2014,32,국립부경대학교,44.39,76,대학,국립,부산,A그룹,291657,132142,423799,872411,194199,1066610,21,22,26275,0,43,57564,1743,297,2040,19086,15504,34590,28020,0,1066610,19944,53.5,34590,1066610,3.400000095367432,22654,4710,45,120,165,22654,19944,1.100000023841858,174154609000,263765400,150176010,7211430,1012465470,362783060,0,71621000,1868022370,164938022000,248837000,129000000,10000000,690444300,295904700,0,20000000,1394186000,1868022370,19944,93663.4,1868022370,174154609000,1.1,2184204000,1970680000,1868022370,-7.5,19944,17483,2461,600,835,435,591,22405,82,1903604,11593,1254,471,232,348,13898,109301,16221,10493,4140,4289,144444,0,0,2680,1124,49,131,179,802,204,49,1727,125522,19944,6.300000190734863,1903604,19944,95.4000015258789,19,1,1,0,20,1,21,6,10,3,19,0,1,0,1,2202,318,19,1,1,0,19944,1.0,19,1,19944,1.0,2202,20,1,104.9000015258789
2014,33,한림대학교,44.36,434,대학,사립,강원,B그룹,205056,145555,350611,416074,281460,697534,19,11,4984,0,30,24261,529,288,817,27063,4424,31487,16534,0,697534,9659,72.19999694824219,31487,697534,4.699999809265137,18026,2217,42,156,198,18026,9659,1.899999976158142,183931605000,326688464,229184000,175000000,864542671,39801000,0,9708200,1644924335,182377848000,277360680,258000000,80000000,975088720,43875000,0,10600000,1644924400,1644924335,9659,170299.7,1644924335,183931605000,0.9,1335521363,1477919125,1644924335,11.0,9659,8869,790,803,447,215,1574,12698,37,808445,6722,330,675,463,168,8358,88880,6158,14634,9264,1604,120540,0,0,3702,725,75,36,168,456,599,54,2826,95038,9659,9.800000190734863,808445,9659,83.69999694824219,9,3,0,3,9,6,15,1,6,2,9,0,0,0,0,503,117,9,3,0,3,9659,1.2999999523162842,9,0,9659,0.8999999761581421,503,12,3,33.5
2014,34,서울시립대학교,44.3,209,대학,공립,서울,A그룹,332041,121014,453055,664082,242027,906109,22,60,159242,0,82,159244,619,520,1139,24608,4005,28613,18809,0,906109,12265,73.9000015258789,28613,906109,3.299999952316284,15346,2517,54,201,255,15346,12265,1.2999999523162842,86302089000,681091990,738405470,19030000,596694120,583619460,0,89937730,2708778770,75934665000,765040000,725720000,15000000,600000000,633850000,0,88000000,2827610000,2708778770,12265,220854.4,2708778770,86302089000,3.1,1982471878,2701270380,2708778770,18.3,12265,9549,2716,406,644,411,302,14028,38,1129112,7490,1583,317,213,272,9875,77480,27591,4944,3842,3597,117454,0,0,13524,10764,5796,0,0,828,723,5,200,105071,12265,8.600000381469727,1129112,12265,92.0999984741211,23,1,5,3,28,4,32,2,18,3,23,0,2,3,5,1952,286,23,1,5,3,12265,2.400000095367432,23,5,12265,2.299999952316284,1952,24,8,61.0
