YR,ID,SNM,STYP,FND,RGN,USC,VUC_SCC,VUC_VTC_UGRD,VUC_VTC_GRAD,VUC_VTC_FFAC,VUC_VTC_PFAC,VUC_VTC_STF,VUC_VTC_OTH,VUC_VTC_SUM,VUC_DPC,VUC_UC_LUC,LS_LU_UGRD,LS_LU_GRAD,LS_LU_FAC,LS_LU_STF,LS_LU_OTH,LS_LU_SUM,LS_LB_UGRD,LS_LB_GRAD,LS_LB_FAC,LS_LB_STF,LS_LB_OTH,LS_LB_SUM,RCOL_RBF10_REQ,RCOL_RBF10_PRV,RCOL_RAF10_CSLT,RCOL_RAF10_PHN,RCOL_RAF10_ONL,RCOL_RFLN_REQ,RCOL_RFLN_PRV,RCOL_RFC_REQ,RCOL_RFC_PRV,UE_EDC,UE_EP,LPS_LB,LPS_SCC,LPS_LPS,VPS_VC,VPS_SCC,VPS_VPS
2016,1,ICT폴리텍대학,전문대학,사립,경기,C그룹,311,311,0,17,11,27,0,366,4,95,24,0,0,0,0,24,37,0,0,0,0,37,0,0,0,0,0,0,0,0,0,0,0,37,311,0.1000000014901161,95,311,0.3000000119209289
2016,2,가야대학교,대학,사립,경남,C그룹,2718,2570,148,93,96,67,20,2994,15,106128,720,7,35,22,0,784,6896,70,1322,658,3114,12060,0,0,398,50,5,44,7,35,0,7,471,6966,2718,2.5999999046325684,106128,2718,39.0
2016,3,가천대학교,대학,사립,경기,A그룹,20737,18642,2095,856,1267,280,2812,25952,59,1009805,8891,445,218,145,102,9801,66329,4388,3544,2267,16164,92692,0,0,6298,5353,2784,77,267,323,143,53,3226,70717,20737,3.400000095367432,1009805,20737,48.70000076293945
2016,4,가톨릭관동대학교,대학,사립,강원,B그룹,9332,8868,464,432,312,251,222,10549,56,489753,2511,85,147,117,12,2872,23460,668,1637,2096,188,28049,0,0,2820,1010,6,1,137,62,68,18,6550,24128,9332,2.5999999046325684,489753,9332,52.5
2016,5,가톨릭꽃동네대학교,대학,사립,충북,C그룹,536,486,50,22,40,43,0,641,2,42858,376,27,17,17,0,437,3353,477,312,318,0,4460,0,0,12,6,17,0,0,0,2,1,120,3830,536,7.099999904632568,42858,536,80.0
2016,6,가톨릭대학교,대학,사립,경기,A그룹,10881,7992,2889,1154,1180,491,2415,16121,46,1423404,7152,933,1948,298,1165,11496,102928,23776,26381,8233,16492,177810,0,0,6655,6528,2444,726,3075,3485,2324,119,4660,126704,10881,11.600000381469728,1423404,10881,130.8000030517578
2016,7,가톨릭상지대학교,전문대학,사립,경북,C그룹,1975,1975,0,60,139,59,26,2259,21,125952,812,0,29,47,14,902,6654,0,487,521,560,8222,0,0,33,2,0,4,0,9,0,15,743,6654,1975,3.400000095367432,125952,1975,63.79999923706055
2016,8,감리교신학대학교,대학,사립,서울,C그룹,1576,840,736,27,103,35,262,2003,7,1732,796,647,107,23,101,1674,15367,20347,3622,592,2134,42062,0,0,126,70,57,0,0,25,35,1,54,35714,1576,22.700000762939453,1732,1576,1.100000023841858
2016,9,강남대학교,대학,사립,경기,B그룹,7325,6918,407,239,334,108,155,8161,37,242609,832,129,79,119,37,1196,24145,1520,1348,1903,595,29511,0,0,23,45,14,15,49,49,32,2,1830,25665,7325,3.5,242609,7325,33.099998474121094
2016,10,강동대학교,전문대학,사립,충북,B그룹,4027,4027,0,97,286,49,0,4459,34,47587,308,0,20,10,0,338,926,0,221,281,1309,2737,0,0,400,30,0,0,0,0,0,1,286,926,4027,0.2000000029802322,47587,4027,11.800000190734863
2016,11,강릉영동대학교,전문대학,사립,강원,B그룹,3008,3008,0,89,148,51,44,3340,24,0,862,0,42,32,23,959,4404,0,442,564,130,5540,0,0,0,0,0,7,0,4,0,0,0,4404,3008,1.5,0,3008,0.0
2016,12,강서대학교,대학,사립,서울,C그룹,1604,1433,171,52,111,45,236,2048,20,10025,609,74,49,31,39,802,3223,1056,579,227,418,5503,0,0,686,221,2,1,21,3,7,4,2497,4279,1604,2.700000047683716,10025,1604,6.300000190734863
2016,13,강원관광대학교,전문대학,사립,강원,C그룹,1351,1351,0,37,77,37,0,1502,14,52450,287,0,13,10,0,310,1997,0,67,42,0,2106,0,0,7329,914,97,0,0,0,0,18,380,1997,1351,1.5,52450,1351,38.79999923706055
2016,14,강원대학교,대학,국립,강원,A그룹,23947,21124,2823,996,439,637,1220,27239,114,1189538,11546,1399,777,291,602,14615,79641,14188,9375,2823,17163,123190,0,0,2721,5561,2484,1013,528,975,11408,85,4457,93829,23947,3.900000095367432,1189538,23947,49.70000076293945
2016,15,강원도립대학교,전문대학,공립,강원,C그룹,894,894,0,31,84,50,17,1076,13,1007,176,0,12,28,17,233,2342,0,173,878,71,3464,0,0,47,60,0,0,0,9,9,0,755,2342,894,2.5999999046325684,1007,894,1.100000023841858
2016,16,개신대학원대학교,대학원대학,사립,서울,-,134,0,134,6,16,9,63,228,9,9880,0,326,66,1,21,414,0,1001,188,0,76,1265,0,0,400,70,100,0,0,25,1,0,0,1001,134,7.5,9880,134,73.69999694824219
2016,17,거제대학교,전문대학,사립,경남,C그룹,1566,1566,0,43,90,42,51,1792,7,49834,472,0,49,34,19,574,2675,0,838,453,294,4260,0,0,80,90,45,5,0,9,0,4,21,2675,1566,1.7000000476837158,49834,1566,31.799999237060547
2016,18,건국대학교,대학,사립,서울,A그룹,19902,15583,4319,712,1314,446,6896,29270,70,2832398,13299,2773,658,669,879,18278,143869,43100,12527,8178,13584,221258,0,0,56735,248741,538,172,250,1034,348,53,648,186969,19902,9.399999618530272,2832398,19902,142.3000030517578
2016,19,건국대학교(글로컬),대학,사립,충북,B그룹,8761,8196,565,484,366,157,5150,14918,45,409812,5516,236,212,253,67,6284,62591,1572,4630,3716,39438,111947,0,0,78,166,74,51,137,1175,79,99,10806,64163,8761,7.300000190734863,409812,8761,46.79999923706055
2016,20,건동대학교,대학,사립,경북,C그룹,0,0,0,0,0,0,0,0,0,0,0,0,0,0,0,0,0,0,0,0,0,0,0,0,0,0,0,0,0,0,0,0,0,0,0,0.0,0,0,0.0
2016,21,건신대학원대학교,대학원대학,사립,대전,-,148,0,148,12,16,8,828,1012,7,2113,0,89,6,1,11,107,0,954,98,28,83,1163,0,0,0,0,0,0,0,0,0,0,0,954,148,6.400000095367432,2113,148,14.300000190734863
2016,22,건양대학교,대학,사립,충남,B그룹,8593,7994,599,399,249,188,737,10166,47,760777,6393,133,193,205,277,7201,94433,1142,3396,2785,1248,103004,0,0,110,252,80,36,32,703,495,37,2278,95575,8593,11.100000381469728,760777,8593,88.5
2016,23,경기과학기술대학교,전문대학,사립,경기,A그룹,4483,4483,0,115,210,61,242,5111,21,383105,1515,0,73,70,15,1673,6703,0,868,966,2591,11128,0,0,62,19,5,0,0,4,0,6,180,6703,4483,1.5,383105,4483,85.5
2016,24,경기대학교,대학,사립,경기,A그룹,16377,14164,2213,500,899,250,6966,24992,68,767833,10861,1067,365,460,413,13166,93736,11370,6576,7167,25305,144154,0,0,1116,8874,1353,124,450,1919,268,104,2640,105106,16377,6.400000095367432,767833,16377,46.900001525878906
2016,25,경남대학교,대학,사립,경남,A그룹,13489,12277,1212,453,465,227,1696,16330,49,577893,5134,517,309,141,361,6462,30790,6449,6281,2851,27068,73439,0,0,2407,1297,5,50,208,264,170,34,566,37239,13489,2.799999952316284,577893,13489,42.79999923706055
2016,26,경남도립거창대학,전문대학,공립,경남,C그룹,889,889,0,30,81,55,13,1068,12,9430,282,0,50,31,1,364,1946,0,1192,343,34,3515,0,0,0,0,0,0,0,0,0,0,0,1946,889,2.200000047683716,9430,889,10.600000381469728
2016,27,경남도립남해대학,전문대학,공립,경남,C그룹,848,848,0,23,60,42,0,973,9,28747,578,0,32,29,0,639,4624,0,799,557,0,5980,0,0,0,0,0,0,0,0,0,0,0,4624,848,5.5,28747,848,33.900001525878906
2016,28,경남정보대학교,전문대학,사립,부산,A그룹,6853,6853,0,185,401,139,0,7578,30,195391,1110,0,89,51,0,1250,4228,0,774,503,2189,7694,0,0,35,58,8,0,0,18,0,5,2700,4228,6853,0.6000000238418579,195391,6853,28.5
2016,29,경동대학교,대학,사립,강원,B그룹,7240,7240,0,244,118,82,273,7957,41,96722,906,0,16,41,0,963,15195,0,739,684,0,16618,0,0,400,300,70,0,0,0,0,0,88,15195,7240,2.0999999046325684,96722,7240,13.399999618530272
2016,30,경민대학교,전문대학,사립,경기,B그룹,4661,4661,0,135,338,86,49,5269,31,58210,1891,0,98,88,49,2126,10270,0,2141,1247,6487,20145,0,0,80,122,10,0,0,34,0,32,2176,10270,4661,2.200000047683716,58210,4661,12.5
2016,31,경복대학교,전문대학,사립,경기,A그룹,6350,6350,0,176,321,99,2,6948,38,20095,1894,0,56,55,2,2007,19825,0,835,918,3,21581,0,0,11,22,3,0,0,3,0,20,2272,19825,6350,3.0999999046325684,20095,6350,3.200000047683716
2016,32,경북과학대학교,전문대학,사립,경북,C그룹,1902,1902,0,62,148,38,0,2150,19,7456,53,0,6,6,0,65,215,0,55,56,0,326,0,0,5,4,0,0,0,0,0,5,150,215,1902,0.1000000014901161,7456,1902,3.900000095367432
2016,33,경북대학교,대학,국립,대구,A그룹,30296,23702,6594,1262,1628,739,15384,49309,151,988361,18650,3845,1373,455,1429,25752,161543,49083,23284,6244,29634,269788,0,0,83470,33012,2620,675,1159,2434,3840,121,5630,210626,30296,7.0,988361,30296,32.599998474121094
2016,34,경북보건대학교,전문대학,사립,경북,C그룹,1300,1300,0,43,89,48,0,1480,8,0,674,0,24,20,0,718,4285,0,426,1141,15,5867,0,0,0,0,0,0,0,0,0,11,257,4285,1300,3.299999952316284,0,1300,0.0
2016,35,경북외국어대학교,대학,사립,대구,C그룹,0,0,0,0,0,0,0,0,0,0,0,0,0,0,0,0,0,0,0,0,0,0,0,0,0,0,0,0,0,0,0,0,0,0,0,0.0,0,0,0.0
2016,36,경북전문대학교,전문대학,사립,경북,B그룹,2562,2562,0,76,146,62,0,2846,24,87504,610,0,35,67,0,712,2984,0,539,1098,0,4621,0,0,800,160,21,0,1,15,0,26,1107,2984,2562,1.2000000476837158,87504,2562,34.20000076293945
2016,37,경상국립대학교,대학,국립,경남,A그룹,22867,19939,2928,986,1098,550,7202,32703,117,1218262,12700,1642,672,538,1584,17136,82577,22076,11701,10363,40993,167710,0,0,6824,5958,1445,1129,284,956,249,65,1873,104653,22867,4.599999904632568,1218262,22867,53.29999923706055
2016,38,경성대학교,대학,사립,부산,A그룹,13468,12674,794,450,561,249,6389,21117,43,725887,5467,335,436,152,4308,10698,49759,5491,10433,2794,36249,104726,0,0,6776,6889,208,123,231,375,225,152,7143,55250,13468,4.099999904632568,725887,13468,53.900001525878906
2016,39,경안대학원대학교,대학원대학,사립,경북,-,73,0,73,7,13,2,0,95,3,70,0,23,3,2,0,28,0,66,4,4,0,74,0,0,0,0,0,0,0,0,0,0,0,66,73,0.8999999761581421,70,73,1.0
2016,40,경운대학교,대학,사립,경북,C그룹,5066,4944,122,194,200,106,30,5596,24,147000,1450,3,88,51,13,1605,6980,26,674,424,170,8274,0,0,5,3,19,2,0,6,15,2,1300,7006,5066,1.399999976158142,147000,5066,29.0
2016,41,경인교육대학교,대학,국립,인천,C그룹,4246,2624,1622,132,187,138,331,5034,14,362799,2504,877,122,115,45,3663,51222,7344,3357,1662,870,64455,0,0,14322,4895,146,19,47,83,19,20,1236,58566,4246,13.800000190734863,362799,4246,85.4000015258789
2016,42,경인여자대학교,전문대학,사립,인천,B그룹,4894,4894,0,111,336,55,3,5399,27,104764,2688,0,87,79,3,2857,45565,0,1580,1529,15,48689,0,0,0,0,0,0,0,100,1,8,3745,45565,4894,9.300000190734863,104764,4894,21.399999618530277
2016,43,경일대학교,대학,사립,경북,B그룹,7373,7153,220,253,178,150,75,8029,33,285505,2947,23,116,108,46,3240,26565,321,1744,1644,887,31161,0,0,150,300,120,48,16,40,6,19,936,26886,7373,3.5999999046325684,285505,7373,38.70000076293945
2016,44,경찰대학,기타,기타,충남,-,0,0,0,0,0,0,1500,1500,0,14213,362,0,256,182,183,983,7096,0,3012,1585,2520,14213,0,0,46,42,0,47,6,26,5,1,472,7096,0,0.0,14213,0,0.0
2016,45,경희대학교,대학,사립,서울,A그룹,33327,25508,7819,1419,1888,923,19088,56645,91,2203292,21168,5624,1104,780,4051,32727,289401,113504,29752,20147,67250,520054,0,0,52466,47083,7725,986,4252,1355,1337,350,7581,402905,33327,12.100000381469728,2203292,33327,66.0999984741211
2016,46,계명대학교,대학,사립,대구,A그룹,24537,22378,2159,898,1017,662,19841,46955,101,1326175,13948,1251,891,523,1973,18586,111377,19510,18605,7744,30051,187287,0,0,6992,15321,135,523,630,3111,1468,98,8502,130887,24537,5.300000190734863,1326175,24537,54.0
2016,47,계명문화대학교,전문대학,사립,대구,A그룹,5179,5179,0,132,578,88,1294,7271,30,178935,2311,0,198,54,185,2748,21892,0,3428,1403,5033,31756,0,0,136,83,17,0,0,0,0,44,1743,21892,5179,4.199999809265137,178935,5179,34.599998474121094
2016,48,계약신학대학원대학교,대학원대학,사립,경기,-,68,0,68,6,7,4,50,139,2,99,0,103,5,2,7,117,0,1525,14,5,32,1576,0,0,127,20,0,0,0,0,0,3,72,1525,68,22.399999618530277,99,68,1.5
2016,49,계원예술대학교,전문대학,사립,경기,B그룹,2856,2856,0,86,196,67,511,3716,16,63203,1506,0,48,40,0,1594,12306,0,593,355,0,13254,0,0,150,100,0,0,0,0,2,30,1452,12306,2856,4.300000190734863,63203,2856,22.100000381469727
2016,50,고려대학교,대학,사립,서울,A그룹,29540,20416,9124,1446,2828,853,3064,37731,69,6449384,17968,6109,965,741,1050,26833,224895,139997,18585,10361,69232,463070,0,0,25454,36811,5964,3167,3932,4797,9729,247,3019,364892,29540,12.399999618530272,6449384,29540,218.3000030517578
2016,51,고려대학교(세종),대학,사립,세종,B그룹,7768,6896,872,280,351,195,237,8831,25,645046,5098,983,259,172,53,6565,42466,5472,2006,1516,38109,89569,0,0,3579,2482,138,63,109,203,152,20,1820,47938,7768,6.199999809265137,645046,7768,83.0
2016,52,고려사이버대학교,대학,사립,서울,A그룹,9671,9616,55,45,130,65,0,9911,23,0,1508,7,11,10,0,1536,7144,50,94,37,0,7325,0,0,0,0,0,0,0,1,0,0,0,7194,9671,0.699999988079071,0,9671,0.0
2016,53,고신대학교,대학,사립,부산,C그룹,5064,4107,957,307,189,214,238,6012,25,329271,1707,649,127,153,85,2721,20685,17106,4507,3259,1044,46601,0,0,4553,3407,3207,29,84,618,4517,8,1198,37791,5064,7.5,329271,5064,65.0
2016,54,공군사관학교,기타,기타,충북,-,0,0,0,0,0,0,48,48,0,2075,629,0,131,1271,48,2079,10715,0,3017,35416,106165,155313,0,0,1100,3500,350,33,0,237,2,32,1088,10715,0,0.0,2075,0,0.0
2016,55,공주교육대학교,대학,국립,충남,C그룹,2024,1519,505,87,95,64,5,2275,12,161982,12548,519,289,169,5,13530,18172,1310,1216,496,15,21209,0,0,0,0,0,37,15,33,8,0,0,19482,2024,9.600000381469728,161982,2024,80.0
2016,56,과학기술연합대학원대학교,대학원대학,국립,대전,-,1235,0,1235,830,1074,78,0,3217,69,3239,0,0,0,0,0,0,0,0,0,0,0,0,0,0,0,0,0,0,0,0,0,0,0,0,1235,0.0,3239,1235,2.5999999046325684
2016,57,광신대학교,대학,사립,광주,C그룹,949,499,450,50,112,28,137,1276,6,49750,141,179,26,8,18,372,756,1491,288,102,103,2740,0,0,7,67,6,8,5,10,16,1,300,2247,949,2.400000095367432,49750,949,52.400001525878906
2016,58,광양보건대학교,전문대학,사립,전남,C그룹,1520,1520,0,72,68,26,0,1686,17,1938,410,0,49,21,0,480,758,0,269,74,0,1101,0,0,40,27,0,0,0,0,0,13,540,758,1520,0.5,1938,1520,1.2999999523162842
2016,59,광운대학교,대학,사립,서울,B그룹,9807,8502,1305,331,512,217,23475,34342,36,518397,4917,612,175,169,1743,7616,57879,6990,2696,2628,27252,97445,0,0,7036,4161,251,113,325,428,110,5,180,64869,9807,6.599999904632568,518397,9807,52.900001525878906
2016,60,광주가톨릭대학교,대학,사립,전남,C그룹,106,79,27,16,5,27,352,506,1,15860,48,21,17,8,81,175,2062,3060,653,53,6847,12675,0,0,512,10,67,1,6,13,13,1,24,5122,106,48.29999923706055,15860,106,149.60000610351562
2016,61,광주과학기술원,대학,국립,광주,C그룹,0,0,0,0,0,0,0,0,0,0,0,0,0,0,0,0,0,0,0,0,0,0,0,0,0,0,0,0,0,0,0,0,0,0,0,0.0,0,0,0.0
2016,62,광주교육대학교,대학,국립,광주,C그룹,2190,1404,786,79,112,82,102,2565,13,263000,1258,198,44,73,101,1674,15940,1649,1056,1536,944,21125,0,0,491,842,154,14,11,82,2,2,350,17589,2190,8.0,263000,2190,120.0999984741211
2016,63,광주대학교,대학,사립,광주,B그룹,7747,7294,453,259,251,114,1693,10064,45,163048,1695,37,108,50,284,2174,13095,354,2413,1518,1882,19262,0,0,2100,607,93,17,59,19,15,40,1647,13449,7747,1.7000000476837158,163048,7747,21.0
2016,64,광주보건대학교,전문대학,사립,광주,B그룹,3968,3968,0,106,200,65,0,4339,14,73910,662,0,34,39,0,735,2653,0,610,481,0,3744,0,0,53,36,9,0,0,16,9,2,486,2653,3968,0.699999988079071,73910,3968,18.600000381469727
2016,65,광주여자대학교,대학,사립,광주,C그룹,4114,3881,233,138,129,69,94,4544,25,4446,2196,40,68,66,45,2415,12003,267,711,844,8871,22696,0,0,100,300,10,0,0,33,1,29,1137,12270,4114,3.0,4446,4114,1.100000023841858
2016,66,구미대학교,전문대학,사립,경북,A그룹,5695,5695,0,131,298,51,34,6209,27,13950,877,0,17,12,20,926,2526,0,74,37,262,2899,0,0,75,3,0,0,0,0,0,12,486,2526,5695,0.4000000059604645,13950,5695,2.400000095367432
2016,67,구세군사관대학원대학교,대학원대학,사립,경기,-,41,0,41,10,4,9,6,70,2,915,9,30,10,7,6,62,252,368,119,15,28,782,0,0,154,11,0,0,0,0,0,1,41,620,41,15.100000381469728,915,41,22.299999237060547
2016,68,국군간호사관학교,기타,기타,대전,-,0,0,0,0,0,0,540,540,0,26198,320,0,22,52,540,934,6980,0,716,453,2332,10481,0,0,61,25,67,5,1,6,1,12,330,6980,0,0.0,26198,0,0.0
2016,69,국립강릉원주대학교,대학,국립,강원,B그룹,8685,8048,637,383,452,312,3081,12913,59,569421,4988,361,338,264,602,6553,41392,3737,4925,3224,16029,69307,0,0,3,20,186,120,93,786,163,51,1877,45129,8685,5.199999809265137,569421,8685,65.5999984741211
2016,70,국립경국대학교,대학,국립,경북,B그룹,7914,7272,642,304,402,291,41,8952,60,332034,4109,300,205,172,41,4827,39552,4915,3770,2184,193,50614,0,0,74,341,280,129,26,739,33,58,1787,44467,7914,5.599999904632568,332034,7914,42.0
2016,71,국립공주대학교,대학,국립,충남,A그룹,16672,13992,2680,555,747,274,13522,31770,109,795322,8119,1087,303,307,631,10447,60961,9715,3547,4236,14218,92677,0,0,582,201,193,127,139,268,153,21,494,70676,16672,4.199999809265137,795322,16672,47.70000076293945
2016,72,국립군산대학교,대학,국립,전북,B그룹,8296,7553,743,344,272,256,0,9168,55,842746,4110,250,198,237,0,4795,27051,2678,2858,3225,16732,52544,0,0,10416,9532,159,5,2,428,28,18,1425,29729,8296,3.5999999046325684,842746,8296,101.5999984741211
2016,73,국립금오공과대학교,대학,국립,경북,B그룹,7131,6440,691,220,202,199,258,8010,19,614816,4475,311,145,215,97,5243,45288,5254,2912,3447,1472,58373,0,0,32,60,0,3,14,142,164,4,300,50542,7131,7.099999904632568,614816,7131,86.19999694824219
2016,74,국립목포대학교,대학,국립,전남,B그룹,8513,7507,1006,318,419,207,304,9761,52,660065,3603,369,129,168,60,4329,26021,2945,2067,2506,7851,41390,0,0,780,1300,520,115,26,334,18,29,826,28966,8513,3.400000095367432,660065,8513,77.5
2016,75,국립목포해양대학교,대학,국립,전남,C그룹,2748,2612,136,111,67,167,60,3153,12,53016,1217,35,61,44,6,1363,6790,360,748,501,5485,13884,0,0,1050,40,10,0,5,25,1,7,1398,7150,2748,2.5999999046325684,53016,2748,19.299999237060547
2016,76,국립부경대학교,대학,국립,부산,A그룹,19611,17085,2526,599,838,454,5512,27014,79,1744128,11288,1230,491,227,862,14098,87792,15654,8716,4024,22233,138419,0,0,3075,8370,84,172,160,874,185,49,1721,103446,19611,5.300000190734863,1744128,19611,88.9000015258789
2016,77,국립순천대학교,대학,국립,전남,B그룹,8341,7530,811,323,351,244,6033,15292,61,466244,4838,391,198,177,697,6301,42030,4528,2947,1940,12924,64369,0,0,1146,60,4885,0,0,371,23,2,1538,46558,8341,5.599999904632568,466244,8341,55.900001525878906
2016,78,국립암센터국제암대학원대학교,대학원대학,국립,경기,-,66,0,66,19,60,5,0,150,2,0,0,0,0,0,0,0,0,0,0,0,0,0,0,0,0,0,0,0,0,0,0,2,40,0,66,0.0,0,66,0.0
2016,79,국립창원대학교,대학,국립,경남,B그룹,10088,8648,1440,333,568,250,2415,13654,49,748428,5953,487,252,234,610,7536,46233,5179,4535,2982,7547,66476,0,0,2400,1200,720,94,37,514,64,30,900,51412,10088,5.099999904632568,748428,10088,74.19999694824219
2016,80,국립한국교통대학교,대학,국립,충북,B그룹,9302,8676,626,316,377,215,150,10360,53,238924,5220,204,164,108,58,5754,39618,1975,2377,2031,414,46415,0,0,405,925,30,57,2,57,2,10,450,41593,9302,4.5,238924,9302,25.700000762939453
2016,81,국립한국해양대학교,대학,국립,부산,B그룹,7840,6896,944,271,444,257,23,8835,36,524371,4034,253,171,217,23,4698,28845,2478,2809,2635,680,37447,0,0,609,587,183,115,57,361,53,6,119,31323,7840,4.0,524371,7840,66.9000015258789
2016,82,국립한밭대학교,대학,국립,대전,B그룹,8965,8458,507,261,482,193,636,10537,26,405650,4435,419,204,247,10,5315,28213,3938,3584,3155,3507,42397,0,0,5439,1926,326,16,61,77,10,7,323,32151,8965,3.5999999046325684,405650,8965,45.20000076293945
2016,83,국민대학교,대학,사립,서울,A그룹,18182,15162,3020,652,1140,471,2360,22805,85,1014039,15093,2880,717,510,420,19620,91267,20261,9775,4258,61709,187270,0,0,1215,972,486,215,454,670,359,42,1130,111528,18182,6.099999904632568,1014039,18182,55.79999923706055
2016,84,국방대학교,기타,기타,충남,-,0,0,0,0,0,0,2090,2090,0,43000,0,399,141,172,376,1088,0,13241,2266,5076,10106,30689,0,0,15461,8935,0,21,2,9,1,8,700,13241,0,0.0,43000,0,0.0
2016,85,국제뇌교육종합대학원대학교,대학원대학,사립,충남,-,267,0,267,16,13,19,267,582,4,337,0,30,10,5,10,55,0,266,10,5,10,291,0,0,17,30,10,10,10,5,5,1,1,266,267,1.0,337,267,1.2999999523162842
2016,86,국제대학교,전문대학,사립,경기,B그룹,4289,4289,0,113,308,53,29,4792,22,24441,490,0,27,35,2,554,1705,0,528,396,4471,7100,0,0,430,9,1,0,0,0,0,19,882,1705,4289,0.4000000059604645,24441,4289,5.699999809265137
2016,87,국제문화대학원대학교,대학원대학,사립,충남,-,0,0,0,0,0,0,1,1,0,5,0,2,2,1,0,5,0,5,3,0,2,10,0,0,2,0,0,0,0,0,0,0,0,5,0,0.0,5,0,0.0
2016,88,국제법률경영대학원대학교,대학원대학,사립,경기,-,88,0,88,5,0,0,0,93,2,86,0,86,3,1,0,90,0,821,10,2,0,833,0,0,0,0,0,0,0,0,0,0,0,821,88,9.300000190734863,86,88,1.0
2016,89,국제사이버대학교,대학,사립,경기,C그룹,2764,2764,0,16,108,31,1100,4019,4,430,420,0,5,5,0,430,475,0,5,5,0,485,0,0,0,0,0,0,0,0,0,1,30,475,2764,0.2000000029802322,430,2764,0.2000000029802322
2016,90,국제언어대학원대학교,대학원대학,사립,서울,-,82,0,82,7,7,12,143,251,2,143,0,82,7,9,50,148,0,3058,260,38,35,3391,0,0,250,25,45,0,0,0,0,15,750,3058,82,37.29999923706055,143,82,1.7000000476837158
2016,91,국제예술대학교,기타,기타,서울,-,0,0,0,0,0,0,0,0,0,2400,12,0,4,0,0,16,12,0,21,0,0,33,0,0,0,0,0,0,0,0,0,0,0,12,0,0.0,2400,0,0.0
2016,92,군산간호대학교,전문대학,사립,전북,C그룹,1112,1112,0,31,46,31,51,1271,1,35739,967,0,23,17,28,1035,11079,0,269,239,273,11860,0,0,820,164,60,0,0,0,0,2,303,11079,1112,10.0,35739,1112,32.099998474121094
2016,93,군장대학교,전문대학,사립,전북,C그룹,1918,1918,0,57,156,65,0,2196,20,86940,156,0,9,8,0,173,4832,0,52,74,30,4988,0,0,96,80,45,2,1,0,0,4,42,4832,1918,2.5,86940,1918,45.29999923706055
2016,94,극동대학교,대학,사립,충북,C그룹,4293,4183,110,151,285,60,107,4896,39,27040,1710,14,45,91,23,1883,6116,65,302,835,343,7661,0,0,0,0,0,1,0,8,0,2,157,6181,4293,1.399999976158142,27040,4293,6.300000190734863
2016,95,글로벌사이버대학교,대학,사립,충남,C그룹,2133,2133,0,14,135,40,0,2322,11,0,80,0,0,0,0,80,350,0,0,0,0,350,0,0,0,0,0,0,0,0,0,0,0,350,2133,0.2000000029802322,0,2133,0.0
2016,96,금강대학교,대학,사립,충남,C그룹,548,523,25,28,62,37,4,679,13,56743,401,19,24,32,0,476,8064,1015,452,661,0,10192,0,0,84,36,0,0,0,3,2,1,149,9079,548,16.600000381469727,56743,548,103.5
2016,97,기독간호대학교,전문대학,사립,광주,C그룹,637,637,0,20,26,17,2,702,1,8000,228,0,11,11,1,251,1347,0,112,78,2,1539,0,0,160,40,0,0,0,0,0,1,450,1347,637,2.0999999046325684,8000,637,12.600000381469728
2016,98,김천대학교,대학,사립,경북,C그룹,3758,3707,51,131,132,76,10,4107,24,152123,1094,10,39,46,0,1189,18255,73,993,724,0,20045,0,0,37,9,0,0,0,0,1,2,40,18328,3758,4.900000095367432,152123,3758,40.5
2016,99,김포대학교,전문대학,사립,경기,C그룹,3331,3331,0,93,195,49,16,3684,30,125887,840,0,79,65,3,987,8061,0,1673,864,983,11581,0,0,27,41,89,21,0,12,2,27,1917,8061,3331,2.400000095367432,125887,3331,37.79999923706055
2016,100,김해대학교,전문대학,사립,경남,C그룹,1378,1378,0,46,112,58,2,1596,16,43594,306,0,19,43,2,370,2156,0,180,492,0,2828,0,0,5,5,1,0,0,0,0,0,0,2156,1378,1.600000023841858,43594,1378,31.600000381469727
2016,101,나사렛대학교,대학,사립,충남,B그룹,5861,5488,373,169,234,86,723,7073,41,188048,3448,187,135,75,247,4092,36692,3720,2635,1342,3060,47449,0,0,1841,155,518,69,56,287,15,39,820,40412,5861,6.900000095367432,188048,5861,32.099998474121094
2016,102,나주대학교,전문대학,사립,전남,C그룹,2131,2131,0,56,169,30,10,2396,18,10,0,0,2,2,10,14,0,0,0,0,0,0,0,0,0,0,0,0,0,0,0,0,0,0,2131,0.0,10,2131,0.0
2016,103,남부대학교,대학,사립,광주,C그룹,3396,3027,369,124,166,78,0,3764,20,22422,696,71,73,43,0,883,4536,46,1329,910,2487,9308,0,0,20,65,0,3,0,64,0,16,544,4582,3396,1.2999999523162842,22422,3396,6.599999904632568
2016,104,남서울대학교,대학,사립,충남,B그룹,10310,9889,421,338,307,174,1280,12409,37,415050,4628,69,153,149,130,5129,45465,466,2567,1072,825,50395,0,0,328,141,758,50,133,352,633,8,1029,45931,10310,4.5,415050,10310,40.29999923706055
2016,105,농협대학교,전문대학,사립,경기,C그룹,523,523,0,12,24,40,98,697,3,272,170,0,13,26,38,247,825,0,208,360,428,1821,0,0,0,0,0,3,0,0,0,0,0,825,523,1.600000023841858,272,523,0.5
2016,106,능인대학원대학교,대학원대학,사립,경기,-,72,0,72,15,0,8,0,95,2,280,0,61,2,0,0,63,0,103,0,0,0,103,0,0,50,15,2,0,0,20,20,0,0,103,72,1.399999976158142,280,72,3.900000095367432
2016,107,단국대학교,대학,사립,경기,A그룹,27070,23072,3998,1161,1499,534,813,31077,150,2018740,14613,1803,911,744,648,18719,134743,24467,10348,7695,40453,217706,0,0,11328,4070,1329,216,440,1234,657,29,3513,159210,27070,5.900000095367432,2018740,27070,74.5999984741211
2016,108,대경대학교,전문대학,사립,경북,B그룹,4276,4276,0,117,337,53,85,4868,17,29011,663,0,41,45,28,777,2956,0,270,297,1071,4594,0,0,162,27,0,3,3,0,0,2,238,2956,4276,0.699999988079071,29011,4276,6.800000190734863
2016,109,대구가톨릭대학교,대학,사립,경북,A그룹,15341,13857,1484,654,759,293,2233,19280,91,861858,10470,619,541,370,710,12710,89217,11160,10495,6234,22091,139197,0,0,9289,3581,880,90,224,905,432,81,3703,100377,15341,6.5,861858,15341,56.20000076293945
2016,110,대구경북과학기술원,대학,국립,대구,C그룹,911,533,378,71,83,277,470,1812,1,58611,320,165,71,259,0,815,3861,3414,1382,5075,932,14664,0,0,20,99,99,31,18,185,146,15,111,7275,911,8.0,58611,911,64.30000305175781
2016,111,대구공업대학교,전문대학,사립,대구,C그룹,1879,1879,0,59,138,48,39,2163,21,0,138,0,10,30,1,179,387,0,101,190,20,698,0,0,0,0,0,0,0,0,0,13,0,387,1879,0.2000000029802322,0,1879,0.0
2016,112,대구과학대학교,전문대학,사립,대구,A그룹,4352,4352,0,143,264,127,0,4886,23,174323,1486,0,89,58,0,1633,11327,0,1312,2753,0,15392,0,0,17,72,4,2,1,0,0,12,402,11327,4352,2.5999999046325684,174323,4352,40.09999847412109
2016,113,대구교육대학교,대학,국립,대구,C그룹,2718,1677,1041,91,177,73,2705,5764,13,278093,1265,238,104,56,63,1726,12670,1338,5088,568,1894,21558,0,0,1300,201,20,65,73,72,61,5,422,14008,2718,5.199999809265137,278093,2718,102.3000030517578
2016,114,대구대학교,대학,사립,경북,A그룹,20572,18779,1793,650,865,355,853,23295,88,931515,10390,896,393,214,553,12446,81061,10059,12516,7005,7537,118178,0,0,1348,955,317,319,456,1512,1075,46,2266,91120,20572,4.400000095367432,931515,20572,45.29999923706055
2016,115,대구미래대학교,전문대학,사립,경북,C그룹,760,760,0,44,149,23,0,976,32,522,52,0,10,0,0,62,838,0,106,0,0,944,0,0,0,0,0,0,0,0,0,0,0,838,760,1.100000023841858,522,760,0.699999988079071
2016,116,대구보건대학교,전문대학,사립,대구,A그룹,6858,6858,0,179,558,161,2228,9984,25,202834,2476,0,103,100,95,2774,10783,0,1803,910,1181,14677,0,0,0,0,6,3,0,0,0,49,1615,10783,6858,1.600000023841858,202834,6858,29.600000381469727
2016,117,대구사이버대학교,대학,사립,경북,C그룹,4382,4277,105,26,108,47,10687,15250,12,4136,488,20,8,15,23,554,3739,242,353,81,251,4666,0,0,0,0,0,0,0,0,0,0,0,3981,4382,0.8999999761581421,4136,4382,0.8999999761581421
2016,118,대구예술대학교,대학,사립,경북,C그룹,1432,1432,0,47,272,32,897,2680,21,21314,276,0,19,10,0,305,6041,0,184,42,0,6267,0,0,1254,266,0,1,1,0,0,0,0,6041,1432,4.199999809265137,21314,1432,14.899999618530272
2016,119,대구외국어대학교,대학,사립,경북,C그룹,334,334,0,15,17,14,0,380,5,56300,66,0,8,3,0,77,338,0,50,5,0,393,0,0,61,67,45,0,0,0,0,1,101,338,334,1.0,56300,334,168.60000610351562
2016,120,대구한의대학교,대학,사립,경북,B그룹,7499,7073,426,255,211,126,567,8658,46,200348,3132,145,154,192,48,3671,23706,1968,2999,3284,3452,35409,0,0,0,0,26,15,10,121,200,1,36,25674,7499,3.400000095367432,200348,7499,26.700000762939453
2016,121,대덕대학교,전문대학,사립,대전,C그룹,4266,4266,0,105,239,73,13,4696,37,117448,928,0,75,1292,7,2302,9430,0,2588,1918,73,14009,0,0,2192,600,28,16,1,46,0,17,613,9430,4266,2.200000047683716,117448,4266,27.5
2016,122,대동대학교,전문대학,사립,부산,C그룹,1590,1590,0,46,161,51,164,2012,9,122001,902,0,41,31,9,983,5379,0,493,292,16,6180,0,0,170,28,0,0,0,17,0,15,688,5379,1590,3.400000095367432,122001,1590,76.69999694824219
2016,123,대림대학교,전문대학,사립,경기,A그룹,6517,6517,0,157,453,94,862,8083,29,163027,1824,0,151,45,0,2020,8686,0,1845,404,6337,17272,0,0,2,3,3,3,0,5,0,36,3839,8686,6517,1.2999999523162842,163027,6517,25.0
2016,124,대신대학교,대학,사립,경북,C그룹,493,301,192,27,62,17,172,771,5,43250,130,139,21,14,38,342,1928,4299,609,225,628,7689,0,0,666,444,4,23,0,20,0,1,12,6227,493,12.600000381469728,43250,493,87.69999694824219
2016,125,대원대학교,전문대학,사립,충북,C그룹,2667,2667,0,90,169,49,0,2975,23,118516,1074,0,24,47,0,1145,8613,0,229,633,0,9475,0,0,0,0,0,0,0,24,0,17,490,8613,2667,3.200000047683716,118516,2667,44.400001525878906
2016,126,대전가톨릭대학교,대학,사립,세종,C그룹,116,68,48,12,24,26,163,341,1,352,68,60,24,3,21,176,3617,4183,455,35,430,8720,0,0,269,31,56,14,7,72,8,7,337,7800,116,67.19999694824219,352,116,3.0
2016,127,대전과학기술대학교,전문대학,사립,대전,B그룹,4696,4696,0,127,298,93,157,5371,36,327856,1909,0,69,65,23,2066,12000,0,782,1252,3978,18012,0,0,1648,706,61,1,91,2,4,47,2928,12000,4696,2.5999999046325684,327856,4696,69.80000305175781
2016,128,대전대학교,대학,사립,대전,B그룹,10612,9644,968,365,561,168,259,11965,57,916769,5449,136,272,215,83,6155,90369,2421,6291,3992,2194,105267,0,0,4960,1488,1240,14,38,214,120,16,616,92790,10612,8.699999809265137,916769,10612,86.4000015258789
2016,129,대전보건대학교,전문대학,사립,대전,A그룹,5901,5901,0,154,284,84,0,6423,35,189014,1433,0,42,79,0,1554,9680,0,490,2356,1287,13813,0,0,15,87,45,0,0,4,15,1,1363,9680,5901,1.600000023841858,189014,5901,32.0
2016,130,대전신학대학교,대학,사립,대전,C그룹,282,185,97,10,34,12,123,461,1,24751,140,101,20,10,123,394,1428,2090,461,94,2230,6303,0,0,50,50,41,21,0,24,1,0,0,3518,282,12.5,24751,282,87.80000305175781
2016,131,대진대학교,대학,사립,경기,B그룹,8202,7832,370,270,245,195,156,9068,37,100193,4076,134,153,225,108,4696,30840,1666,3743,3295,17774,57318,0,0,206,99,54,86,19,107,15,9,468,32506,8202,4.0,100193,8202,12.199999809265137
2016,132,대한신학대학원대학교,대학원대학,사립,경기,-,327,0,327,10,54,11,0,402,4,587,0,50,5,0,0,55,0,200,40,0,0,240,0,0,0,0,0,0,0,0,0,0,0,200,327,0.6000000238418579,587,327,1.7999999523162842
2016,133,덕성여자대학교,대학,사립,서울,B그룹,6284,5888,396,191,307,134,603,7519,40,641705,5837,389,205,268,286,6985,86113,7415,4804,5668,37194,141194,0,0,549,282,214,82,306,403,371,54,2832,93528,6284,14.899999618530272,641705,6284,102.0999984741211
2016,134,동강대학교,전문대학,사립,광주,B그룹,3350,3350,0,99,212,89,22,3772,22,67460,939,0,28,35,3,1005,6780,0,370,464,1450,9064,0,0,70,10,2,1,0,83,0,15,645,6780,3350,2.0,67460,3350,20.100000381469727
2016,135,동국대학교,대학,사립,서울,A그룹,17358,13570,3788,672,1360,308,12335,32033,64,1767647,11396,2960,351,254,1105,16066,128867,60177,8145,4718,15933,217840,0,0,29012,17746,3854,151,238,3138,1481,39,427,189044,17358,10.899999618530272,1767647,17358,101.8000030517578
2016,136,동국대학교 WISE캠퍼스,대학,사립,경북,B그룹,8669,7939,730,387,556,141,1277,11030,43,730513,5010,339,265,214,561,6389,56032,4838,8394,2734,6912,78910,0,0,1281,1920,102,206,48,880,44,18,1687,60870,8669,7.0,730513,8669,84.30000305175781
2016,137,동남보건대학교,전문대학,사립,경기,A그룹,4892,4892,0,126,347,57,1,5423,22,97136,723,0,34,17,1,775,3106,0,283,186,6,3581,0,0,70,21,8,0,0,0,0,0,0,3106,4892,0.6000000238418579,97136,4892,19.899999618530277
2016,138,동덕여자대학교,대학,사립,서울,B그룹,7397,7040,357,238,581,119,942,9277,37,224892,4371,173,159,180,162,5045,40498,2453,2973,2259,11004,59187,0,0,365,608,158,116,96,138,147,21,2374,42951,7397,5.800000190734863,224892,7397,30.399999618530277
2016,139,동명대학교,대학,사립,부산,B그룹,8709,8437,272,283,248,150,438,9828,47,413358,3869,79,191,235,145,4519,23881,899,3966,4164,3604,36514,0,0,0,0,6,30,1,60,1,43,1846,24780,8709,2.799999952316284,413358,8709,47.5
2016,140,동방문화대학원대학교,대학원대학,사립,서울,-,223,0,223,18,17,16,11,285,4,1478,0,280,31,6,11,328,0,759,62,9,26,856,0,0,235,2,27,5,0,21,13,1,13,759,223,3.400000095367432,1478,223,6.599999904632568
2016,141,동부산대학교,전문대학,사립,부산,C그룹,2381,2381,0,70,241,43,300,3035,26,50210,1349,0,41,44,34,1468,13953,0,1535,595,90,16173,0,0,230,25,0,0,0,17,17,30,750,13953,2381,5.900000095367432,50210,2381,21.100000381469727
2016,142,동서대학교,대학,사립,부산,B그룹,11432,11155,277,363,409,184,2861,15249,52,2185933,5350,73,128,101,233,5885,32047,542,2102,1252,8634,44577,0,0,632,95,269,8,45,34,11,16,2559,32589,11432,2.900000095367432,2185933,11432,191.1999969482422
2016,143,동서울대학교,전문대학,사립,경기,A그룹,5715,5715,0,153,307,61,90,6326,32,68950,1677,0,70,50,31,1828,7403,0,949,587,3634,12573,0,0,250,750,5,0,0,45,0,8,690,7403,5715,1.2999999523162842,68950,5715,12.100000381469728
2016,144,동신대학교,대학,사립,전남,B그룹,7627,7092,535,281,272,151,1543,9874,42,182153,2263,96,142,128,84,2713,13353,798,1612,1581,4602,21946,0,0,431,876,34,0,0,152,2,44,1501,14151,7627,1.899999976158142,182153,7627,23.899999618530277
2016,145,동아대학교,대학,사립,부산,A그룹,21958,19842,2116,844,927,403,2639,26771,66,1470523,10657,986,444,211,629,12927,81192,14250,9213,4559,34177,143391,0,0,2734,1052,214,269,285,1015,770,84,5533,95442,21958,4.300000190734863,1470523,21958,67.0
2016,146,동아방송예술대학교,전문대학,사립,경기,B그룹,3056,3056,0,83,316,69,0,3524,34,41202,1774,0,71,80,0,1925,19492,0,3174,1149,0,23815,0,0,25,15,82,0,0,7,0,1,114,19492,3056,6.400000095367432,41202,3056,13.5
2016,147,동아보건대학교,전문대학,사립,전남,C그룹,2006,2006,0,63,107,28,0,2204,10,2431,692,0,17,7,0,716,1843,0,181,219,0,2243,0,0,0,0,0,0,0,0,0,0,0,1843,2006,0.8999999761581421,2431,2006,1.2000000476837158
2016,148,동양대학교,대학,사립,경북,C그룹,4585,4429,156,154,119,154,11,5023,34,62443,1951,18,106,102,11,2188,13491,162,3119,2406,729,19907,0,0,0,0,0,26,7,166,0,0,0,13653,4585,3.0,62443,4585,13.600000381469728
2016,149,동양미래대학교,전문대학,사립,서울,A그룹,5950,5950,0,168,280,79,7,6484,19,974953,2348,0,243,0,0,2591,34999,0,5992,0,176,41167,0,0,1450,460,23,0,0,20,0,27,915,34999,5950,5.900000095367432,974953,5950,163.89999389648438
2016,150,동우대학,전문대학,사립,강원,B그룹,0,0,0,0,0,0,0,0,0,0,0,0,0,0,0,0,0,0,0,0,0,0,0,0,0,0,0,0,0,0,0,0,0,0,0,0.0,0,0,0.0
2016,151,동원과학기술대학교,전문대학,사립,경남,B그룹,2088,2088,0,66,150,48,50,2402,23,37181,1102,0,35,20,35,1192,3327,0,208,156,213,3904,0,0,461,332,10,2,2,2,2,10,537,3327,2088,1.600000023841858,37181,2088,17.799999237060547
2016,152,동원대학교,전문대학,사립,경기,B그룹,3841,3841,0,98,275,56,162,4432,37,101255,1395,0,87,65,38,1585,20791,0,2054,1477,521,24843,0,0,0,0,0,0,0,14,0,19,1079,20791,3841,5.400000095367432,101255,3841,26.399999618530277
2016,153,동의과학대학교,전문대학,사립,부산,B그룹,5465,5465,0,156,365,109,254,6349,30,0,1881,0,67,75,23,2046,14677,0,795,846,4141,20459,0,0,0,0,8,0,0,2,0,25,2137,14677,5465,2.700000047683716,0,5465,0.0
2016,154,동의대학교,대학,사립,부산,A그룹,16555,15593,962,600,602,262,664,18683,80,1349535,7968,277,402,302,288,9237,53965,3216,8431,5328,6462,77402,0,0,1947,1377,84,34,89,413,420,30,1152,57181,16555,3.5,1349535,16555,81.5
2016,155,두원공과대학교,전문대학,사립,경기,B그룹,5982,5982,0,171,254,89,344,6840,37,15480,890,0,34,51,6,981,2730,0,289,324,26,3369,0,0,198,97,0,0,0,0,0,0,0,2730,5982,0.5,15480,5982,2.5999999046325684
2016,156,디지털서울문화예술대학교,대학,사립,서울,C그룹,3813,3813,0,30,121,57,0,4021,20,0,450,0,30,20,0,500,250,0,30,15,0,295,0,0,0,0,0,0,0,0,0,0,0,250,3813,0.1000000014901161,0,3813,0.0
2016,157,루터대학교,대학,사립,경기,C그룹,449,412,37,17,32,15,33,546,7,35827,230,25,10,6,5,276,1381,310,52,27,45,1815,0,0,642,454,10,0,0,26,3,1,120,1691,449,3.799999952316284,35827,449,79.80000305175781
2016,158,마산대학교,전문대학,사립,경남,A그룹,5875,5875,0,161,403,70,0,6509,28,104000,2051,0,27,21,0,2099,13340,0,239,344,0,13923,0,0,500,100,3,3,0,9,0,33,306,13340,5875,2.299999952316284,104000,5875,17.700000762939453
2016,159,명신대학교,대학,사립,전남,C그룹,0,0,0,0,0,0,0,0,0,0,0,0,0,0,0,0,0,0,0,0,0,0,0,0,0,0,0,0,0,0,0,0,0,0,0,0.0,0,0,0.0
2016,160,명지대학교,대학,사립,서울,A그룹,16153,13732,2421,581,921,352,8455,26462,61,2472925,10799,1355,467,294,1746,14661,99513,20522,9726,4523,15625,149909,0,0,22428,11643,802,204,416,527,431,56,3522,120035,16153,7.400000095367432,2472925,16153,153.10000610351562
2016,161,명지전문대학,전문대학,사립,서울,A그룹,6986,6986,0,176,525,99,0,7786,31,127586,2395,0,93,144,0,2632,14803,0,1354,2083,2050,20290,0,0,124,62,10,8,0,25,1,5,1179,14803,6986,2.0999999046325684,127586,6986,18.299999237060547
2016,162,목원대학교,대학,사립,대전,B그룹,9185,8614,571,301,533,132,191,10342,55,248569,5533,373,278,208,74,6466,36327,7034,4907,3601,2856,54725,0,0,1434,145,14,341,99,722,47,62,858,43361,9185,4.699999809265137,248569,9185,27.100000381469727
2016,163,목포가톨릭대학교,대학,사립,전남,C그룹,570,570,0,18,33,19,0,640,3,38397,380,0,15,14,0,409,3790,0,97,111,0,3998,0,0,24,12,21,1,0,3,0,5,326,3790,570,6.599999904632568,38397,570,67.4000015258789
2016,164,목포과학대학교,전문대학,사립,전남,B그룹,2504,2504,0,82,115,46,0,2747,19,3520,433,0,61,39,0,533,813,0,266,169,0,1248,0,0,602,439,27,3,0,27,27,9,7200,813,2504,0.3000000119209289,3520,2504,1.399999976158142
2016,165,문경대학교,전문대학,사립,경북,C그룹,864,864,0,30,47,35,2,978,7,0,323,0,13,14,1,351,2380,0,82,108,97,2667,0,0,0,0,0,0,0,0,0,1,352,2380,864,2.799999952316284,0,864,0.0
2016,166,배재대학교,대학,사립,대전,B그룹,9896,9330,566,321,452,159,486,11314,57,323569,5485,223,243,231,413,6595,53537,4211,6016,5229,9248,78241,0,0,4719,2622,5,204,123,500,81,45,2288,57748,9896,5.800000190734863,323569,9896,32.70000076293945
2016,167,배화여자대학교,전문대학,사립,서울,B그룹,3130,3130,0,81,171,50,445,3877,14,166304,1526,0,50,42,31,1649,9169,0,1063,776,1695,12703,0,0,950,60,134,0,0,8,8,8,662,9169,3130,2.900000095367432,166304,3130,53.09999847412109
2016,168,백석대학교,대학,사립,충남,A그룹,14788,12478,2310,498,679,237,1028,17230,26,405008,6676,1564,501,224,173,9138,52281,31931,15093,5285,10504,115094,0,0,127402,9151,4864,127,7,554,138,58,3077,84212,14788,5.699999809265137,405008,14788,27.399999618530277
2016,169,백석문화대학교,전문대학,사립,충남,A그룹,5873,5873,0,171,339,104,357,6844,20,89501,1229,0,144,78,41,1492,5787,0,2472,2513,2511,13283,0,0,4898,2896,1201,10,0,66,1,36,2315,5787,5873,1.0,89501,5873,15.199999809265137
2016,170,백석예술대학,전문대학,사립,서울,A그룹,0,0,0,0,0,0,0,0,0,0,0,0,0,0,0,0,0,0,0,0,0,0,0,0,0,0,0,0,0,0,0,0,0,0,0,0.0,0,0,0.0
2016,171,백제예술대학교,전문대학,사립,전북,C그룹,1754,1754,0,46,137,30,10,1977,15,19568,342,0,7,12,6,367,1223,0,32,78,22,1355,0,0,105,24,0,0,0,0,0,5,171,1223,1754,0.699999988079071,19568,1754,11.199999809265137
2016,172,베뢰아국제대학원대학교,대학원대학,사립,서울,-,87,0,87,8,10,11,5,121,1,5000,0,87,9,4,5,105,0,1903,442,238,255,2838,0,0,1500,30,0,5,0,3,0,1,37,1903,87,21.899999618530277,5000,87,57.5
2016,173,벽성대학,전문대학,사립,전북,C그룹,0,0,0,0,0,0,0,0,0,0,0,0,0,0,0,0,0,0,0,0,0,0,0,0,0,0,0,0,0,0,0,0,0,0,0,0.0,0,0,0.0
2016,174,부산가톨릭대학교,대학,사립,부산,C그룹,4209,4041,168,141,143,126,16,4635,20,331963,2110,105,81,100,16,2412,14306,1464,1413,2106,4027,23316,0,0,619,477,213,26,1,129,26,79,1295,15770,4209,3.700000047683716,331963,4209,78.9000015258789
2016,175,부산경상대학교,전문대학,사립,부산,B그룹,3087,3087,0,85,235,84,13,3504,24,25267,354,0,29,30,7,420,3703,0,242,257,21,4223,0,0,332,93,0,0,0,3,3,31,647,3703,3087,1.2000000476837158,25267,3087,8.199999809265137
2016,176,부산과학기술대학교,전문대학,사립,부산,B그룹,4357,4357,0,122,240,66,123,4908,25,120932,1317,0,16,27,12,1372,18703,0,145,207,752,19807,0,0,0,0,0,0,0,0,0,0,0,18703,4357,4.300000190734863,120932,4357,27.799999237060547
2016,177,부산교육대학교,대학,국립,부산,C그룹,2546,1568,978,81,152,74,227,3080,13,170442,1533,426,87,90,11,2147,24769,3589,1558,1082,788,31786,0,0,50,120,20,9,26,19,33,5,40,28358,2546,11.100000381469728,170442,2546,66.9000015258789
2016,178,부산대학교,대학,국립,부산,A그룹,29618,21488,8130,1350,1871,730,1835,35404,100,3578196,16470,4676,1105,1094,1589,24934,206518,85606,33106,17853,29234,372317,0,0,65285,14806,994,510,1539,4462,1997,435,8301,292124,29618,9.899999618530272,3578196,29618,120.8000030517578
2016,179,부산디지털대학교,대학,사립,부산,C그룹,2412,2332,80,19,63,32,2,2528,7,0,113,8,3,7,2,133,659,160,56,39,7,921,0,0,0,0,0,0,0,0,0,0,0,819,2412,0.3000000119209289,0,2412,0.0
2016,180,부산보건대학교,전문대학,사립,부산,B그룹,3472,3472,0,101,290,55,108,4026,31,345649,751,0,22,42,20,835,5013,0,183,760,14322,20278,0,0,2510,502,200,40,0,25,1,5,178,5013,3472,1.399999976158142,345649,3472,99.5999984741211
2016,181,부산여자대학교,전문대학,사립,부산,C그룹,3056,3056,0,75,209,99,300,3739,15,120000,911,0,30,81,111,1133,5680,0,325,1475,7698,15178,0,0,500,250,15,0,0,0,0,25,980,5680,3056,1.899999976158142,120000,3056,39.29999923706055
2016,182,부산예술대학교,전문대학,사립,부산,C그룹,862,862,0,24,123,17,0,1026,7,0,28,0,0,1,0,29,35,0,0,4,0,39,0,0,0,0,0,0,0,0,0,0,0,35,862,0.0,0,862,0.0
2016,183,부산외국어대학교,대학,사립,부산,B그룹,9538,9137,401,292,354,170,1151,11505,57,539599,5059,259,273,96,318,6005,43429,3281,5212,2114,5440,59476,0,0,7770,863,23,70,100,193,48,19,1051,46710,9538,4.900000095367432,539599,9538,56.59999847412109
2016,184,부산장신대학교,대학,사립,경남,C그룹,512,266,246,23,30,15,114,694,3,29220,226,221,32,16,36,531,3642,4842,1133,254,243,10114,0,0,1750,500,0,38,0,43,0,6,366,8484,512,16.600000381469727,29220,512,57.09999847412109
2016,185,부천대학교,전문대학,사립,경기,A그룹,7669,7669,0,195,443,85,1097,9490,31,95804,2313,0,121,130,27,2591,10643,0,2140,2274,4761,19818,0,0,9,15,15,227,225,29,0,16,2643,10643,7669,1.399999976158142,95804,7669,12.5
2016,186,삼육대학교,대학,사립,서울,B그룹,6006,5630,376,203,413,224,2706,9552,28,314689,3345,160,119,104,261,3989,18166,2054,1502,1525,10051,33298,0,0,1350,1342,261,56,1,136,20,10,435,20220,6006,3.400000095367432,314689,6006,52.400001525878906
2016,187,삼육보건대학교,전문대학,사립,서울,C그룹,1356,1356,0,38,100,60,394,1948,9,110080,905,0,30,103,34,1072,5148,0,654,1732,586,8120,0,0,0,5,0,0,0,0,0,3,748,5148,1356,3.799999952316284,110080,1356,81.19999694824219
2016,188,상명대학교,대학,사립,서울,A그룹,14952,13495,1457,480,907,302,580,17223,103,729401,8604,726,442,493,353,10618,68149,6596,7667,10233,87290,179935,0,0,4443,3094,790,213,164,972,129,175,5992,74745,14952,5.0,729401,14952,48.79999923706055
2016,189,상지대학교,대학,사립,강원,B그룹,7620,7314,306,277,298,176,4712,13083,60,406377,3009,126,121,155,54,3465,26579,1883,2527,2295,1766,35050,0,0,8,19,59,0,0,203,14,17,1938,28462,7620,3.700000047683716,406377,7620,53.29999923706055
2016,190,상지영서대학교,전문대학,사립,강원,B그룹,2854,2854,0,76,165,43,112,3250,24,240368,976,0,61,41,0,1078,14025,0,5998,3058,0,23081,0,0,357,44,0,0,0,0,0,8,191,14025,2854,4.900000095367432,240368,2854,84.19999694824219
2016,191,서강대학교,대학,사립,서울,A그룹,11174,7982,3192,434,738,265,4490,17101,37,1755560,6979,2701,436,225,766,11107,86954,58838,13771,4596,18686,182845,0,0,3085,2467,696,2483,3267,944,1221,109,5386,145792,11174,13.0,1755560,11174,157.10000610351562
2016,192,서경대학교,대학,사립,서울,B그룹,7190,6753,437,222,374,176,1425,9387,31,1040750,4221,122,139,111,56,4649,39351,1048,2547,1750,5713,50409,0,0,0,0,0,4,92,6,9,32,1577,40399,7190,5.599999904632568,1040750,7190,144.6999969482422
2016,193,서남대학교,대학,사립,전북,C그룹,1758,1671,87,231,125,63,0,2177,33,0,207,8,4,2,0,221,593,36,19,5,0,653,0,0,5,10,0,0,0,3,0,0,0,629,1758,0.4000000059604645,0,1758,0.0
2016,194,서라벌대학교,전문대학,사립,경북,C그룹,872,872,0,32,96,29,0,1029,14,28851,313,0,13,11,0,337,2077,0,0,0,0,2077,0,0,98,0,0,0,0,0,0,1,302,2077,872,2.400000095367432,28851,872,33.099998474121094
2016,195,서영대학교,전문대학,사립,광주,A그룹,5094,5094,0,128,347,59,0,5628,28,66432,497,0,35,13,0,545,1551,0,476,233,0,2260,0,0,412,15,10,0,0,0,0,2,2156,1551,5094,0.3000000119209289,66432,5094,13.0
2016,196,서울과학기술대학교,대학,국립,서울,A그룹,12407,10763,1644,369,654,258,1103,14791,36,1548810,7797,675,316,221,458,9467,73584,9591,6655,3477,4666,97973,0,0,1830,2960,650,0,0,319,78,0,0,83175,12407,6.699999809265137,1548810,12407,124.8000030517578
2016,197,서울과학종합대학원대학교,대학원대학,사립,서울,-,368,0,368,12,79,46,0,505,1,17,0,16,0,1,0,17,0,27,0,2,0,29,0,0,0,0,0,0,0,0,0,0,0,27,368,0.1000000014901161,17,368,0.0
2016,198,서울교육대학교,대학,국립,서울,C그룹,2996,1545,1451,96,378,123,519,4112,13,443679,1498,648,80,96,223,2545,37419,8217,1554,2027,2429,51646,0,0,78,40,45,0,0,218,65,13,134,45636,2996,15.199999809265137,443679,2996,148.10000610351562
2016,199,서울기독대학교,대학,사립,서울,C그룹,761,589,172,32,95,29,598,1515,6,13139,267,100,21,17,17,422,1516,1394,233,127,214,3484,0,0,11,2,0,14,0,13,2,2,142,2910,761,3.799999952316284,13139,761,17.299999237060547
2016,200,서울대학교,대학,국립,서울,A그룹,28630,16511,12119,2248,2237,1087,14161,48363,102,3837948,10018,9609,1336,1719,1675,24357,187066,204762,33712,31526,32547,489613,0,0,1893,3190,1514,3844,1363,3117,8191,440,72759,391828,28630,13.699999809265137,3837948,28630,134.10000610351562
2016,201,서울디지털대학교,대학,사립,서울,A그룹,10833,10833,0,53,282,81,1,11250,33,358360,2600,0,30,20,0,2650,0,0,0,0,0,0,0,0,0,0,0,0,0,0,0,0,0,0,10833,0.0,358360,10833,33.099998474121094
2016,202,서울미디어대학원대학교,대학원대학,사립,서울,-,104,0,104,16,3,9,0,132,3,34,0,30,4,1,0,35,0,55,25,3,0,83,0,0,0,0,0,0,0,0,0,1,3,55,104,0.5,34,104,0.3000000119209289
2016,203,서울벤처대학원대학교,대학원대학,사립,서울,-,256,0,256,17,27,11,255,566,3,50,0,0,0,0,0,0,0,0,0,0,0,0,0,0,0,0,0,0,0,0,0,0,0,0,256,0.0,50,256,0.2000000029802322
2016,204,서울불교대학원대학교,대학원대학,사립,서울,-,172,0,172,13,30,6,0,221,3,260,0,264,10,5,0,279,0,1055,124,39,0,1218,0,0,70,45,0,0,0,50,0,0,0,1055,172,6.099999904632568,260,172,1.5
2016,205,서울사이버대학교,대학,사립,서울,A그룹,11143,10747,396,55,169,77,70,11514,21,994,868,39,4,13,70,994,2568,149,11,35,335,3098,0,0,0,0,0,0,0,0,0,0,0,2717,11143,0.2000000029802322,994,11143,0.1000000014901161
2016,206,서울사회복지대학원대학교,대학원대학,사립,서울,-,95,0,95,10,4,11,0,120,1,410,0,5,1,0,0,6,0,14,1,0,0,15,0,0,0,0,0,0,0,0,0,0,0,14,95,0.1000000014901161,410,95,4.300000190734863
2016,207,서울상담심리대학원대학교,대학원대학,사립,서울,-,97,0,97,9,2,6,16,130,1,530,0,109,11,6,16,142,0,5631,483,137,453,6704,0,0,2130,729,61,0,0,0,0,24,179,5631,97,58.09999847412109,530,97,5.5
2016,208,서울성경신학대학원대학교,대학원대학,사립,서울,-,86,0,86,11,10,8,9,124,3,0,0,51,8,1,4,64,0,1009,21,1,26,1057,0,0,250,250,25,1,0,0,0,1,50,1009,86,11.699999809265137,0,86,0.0
2016,209,서울시립대학교,대학,공립,서울,A그룹,11793,9147,2646,418,648,285,1078,14222,37,885588,6849,1507,283,265,250,9154,89211,34126,7002,6092,18372,154803,0,0,14472,21081,6187,0,0,476,795,6,140,123337,11793,10.5,885588,11793,75.0999984741211
2016,210,서울신학대학교,대학,사립,경기,C그룹,3170,2249,921,99,224,65,491,4049,12,131191,1509,766,123,64,132,2594,15324,18201,5299,1022,2999,42845,0,0,482,362,4,9,99,15,57,139,2042,33525,3170,10.600000381469728,131191,3170,41.400001525878906
2016,211,서울여자간호대학교,전문대학,사립,서울,C그룹,966,966,0,28,44,25,0,1063,1,16878,777,0,22,19,0,818,7440,0,187,215,0,7842,0,0,151,19,17,0,0,0,0,3,272,7440,966,7.699999809265137,16878,966,17.5
2016,212,서울여자대학교,대학,사립,서울,B그룹,8058,7624,434,242,357,275,2807,11739,42,621251,6550,423,253,352,825,8403,71527,9331,6032,5811,35394,128095,0,0,3088,1212,229,492,272,830,422,61,884,80858,8058,10.0,621251,8058,77.0999984741211
2016,213,서울예술대학교,전문대학,사립,경기,B그룹,3136,3136,0,89,351,58,32,3666,15,162477,2392,0,141,104,6,2643,21347,0,1859,1279,39,24524,0,0,0,5,3,0,0,9,0,1,1019,21347,3136,6.800000190734863,162477,3136,51.79999923706055
2016,214,서울외국어대학원대학교,대학원대학,사립,서울,-,155,0,155,8,36,5,0,204,3,140,0,0,0,0,0,0,0,0,0,0,0,0,0,0,0,0,0,0,0,0,0,0,0,0,155,0.0,140,155,0.8999999761581421
2016,215,서울장신대학교,대학,사립,경기,C그룹,852,495,357,37,47,28,537,1501,3,15188,230,236,23,18,17,524,1692,4002,1153,236,157,7240,0,0,800,432,2,7,15,0,0,5,1886,5694,852,6.699999809265137,15188,852,17.799999237060547
2016,216,서울한영대학교,대학,사립,서울,C그룹,1090,752,338,43,67,47,17,1264,7,59985,514,135,42,34,6,731,4630,2190,851,550,176,8397,0,0,960,465,70,13,11,121,9,3,282,6820,1090,6.300000190734863,59985,1090,55.0
2016,217,서원대학교,대학,사립,충북,B그룹,7493,7321,172,236,240,113,135,8217,50,228606,2749,21,144,127,112,3153,22118,102,2967,2067,875,28129,0,0,2,0,24,24,23,109,29,7,281,22220,7493,3.0,228606,7493,30.5
2016,218,서일대학교,전문대학,사립,서울,A그룹,6524,6524,0,173,403,50,35,7185,31,29353,1634,0,59,33,1,1727,9805,0,815,231,103,10954,0,0,500,400,100,2,20,13,6,59,2039,9805,6524,1.5,29353,6524,4.5
2016,219,서정대학교,전문대학,사립,경기,A그룹,4488,4488,0,117,263,71,1,4940,16,2876,1194,0,19,12,1,1226,1717,0,1022,162,7,2908,0,0,34,52,21,0,0,0,0,2,2500,1717,4488,0.4000000059604645,2876,4488,0.6000000238418579
2016,220,서해대학,전문대학,사립,전북,C그룹,1247,1247,0,49,171,25,0,1492,22,11160,100,0,17,15,0,132,484,0,63,45,72,664,0,0,20,6,0,0,0,0,0,0,0,484,1247,0.4000000059604645,11160,1247,8.899999618530273
2016,221,선교청대학교,대학,사립,충남,C그룹,0,0,0,0,0,0,0,0,0,0,0,0,0,0,0,0,0,0,0,0,0,0,0,0,0,0,0,0,0,0,0,0,0,0,0,0.0,0,0,0.0
2016,222,선린대학교,전문대학,사립,경북,C그룹,2606,2606,0,79,191,41,0,2917,19,107125,890,0,47,26,0,963,5193,0,575,251,0,6019,0,0,845,210,0,0,0,0,0,1,919,5193,2606,2.0,107125,2606,41.09999847412109
2016,223,선문대학교,대학,사립,충남,B그룹,10054,9524,530,344,446,246,6613,17703,42,802040,6202,244,278,314,492,7530,48319,3322,5494,13653,6069,76857,0,0,8160,1840,840,549,91,593,542,39,1192,51641,10054,5.099999904632568,802040,10054,79.80000305175781
2016,224,선학유피대학원대학교,대학원대학,사립,경기,-,75,0,75,6,6,26,48,161,1,89,0,99,9,6,48,162,0,2400,225,47,168,2840,0,0,95,15,30,0,0,0,0,8,35,2400,75,32.0,89,75,1.2000000476837158
2016,225,성결대학교,대학,사립,경기,B그룹,6054,5497,557,208,259,101,1356,7978,21,143408,3238,374,152,104,217,4085,32928,10256,2842,2628,10009,58663,0,0,11000,2100,45,19,33,93,52,26,1552,43184,6054,7.099999904632568,143408,6054,23.700000762939453
2016,226,성공회대학교,대학,사립,서울,C그룹,2516,2161,355,84,207,74,457,3338,14,179467,1624,262,161,54,150,2251,17301,4993,3233,1123,5868,32518,0,0,5,19,8,67,104,95,45,5,24,22294,2516,8.899999618530273,179467,2516,71.30000305175781
2016,227,성균관대학교,대학,사립,서울,A그룹,26654,19224,7430,1426,803,414,16099,45396,80,3955106,14324,4210,815,293,5404,25046,180260,71390,14662,6128,135080,407520,0,0,41143,17491,13849,2605,1448,5165,1492,252,6256,251650,26654,9.399999618530272,3955106,26654,148.39999389648438
2016,228,성산효대학원대학교,대학원대학,사립,인천,-,236,0,236,15,16,13,165,445,8,390,0,122,10,6,10,148,0,282,240,74,51,647,0,0,15,7,4,0,0,1,0,0,0,282,236,1.2000000476837158,390,236,1.7000000476837158
2016,229,성서침례대학원대학교,대학원대학,사립,경기,-,49,0,49,8,3,5,234,299,1,600,0,38,6,2,0,46,0,1606,48,4,0,1658,0,0,0,0,0,0,0,0,0,0,0,1606,49,32.79999923706055,600,49,12.199999809265137
2016,230,성신여자대학교,대학,사립,서울,A그룹,10445,9620,825,332,763,245,727,12512,50,471368,6520,466,258,356,365,7965,53194,6095,5412,5530,32520,102751,0,0,2415,2309,245,47,58,265,64,21,1680,59289,10445,5.699999809265137,471368,10445,45.09999847412109
2016,231,성운대학교,전문대학,사립,경북,C그룹,1364,1364,0,40,57,28,7,1496,9,4267,268,0,19,10,6,303,1718,0,215,189,35,2157,0,0,0,0,0,0,0,0,0,0,0,1718,1364,1.2999999523162842,4267,1364,3.0999999046325684
2016,232,성화대학,전문대학,사립,전남,B그룹,0,0,0,0,0,0,0,0,0,0,0,0,0,0,0,0,0,0,0,0,0,0,0,0,0,0,0,0,0,0,0,0,0,0,0,0.0,0,0,0.0
2016,233,세경대학교,전문대학,사립,강원,C그룹,941,941,0,26,65,40,70,1142,13,1600,480,0,70,32,20,602,960,0,140,64,40,1204,0,0,31,27,0,0,0,0,0,2,329,960,941,1.0,1600,941,1.7000000476837158
2016,234,세계사이버대학,기타,기타,경기,-,0,0,0,0,0,0,0,0,0,0,36,0,0,3,0,39,89,0,0,3,0,92,0,0,0,0,0,0,0,0,0,0,0,89,0,0.0,0,0,0.0
2016,235,세명대학교,대학,사립,충북,B그룹,8347,8086,261,280,256,146,371,9400,47,567637,5342,106,191,194,40,5873,220060,2346,3575,3784,621,230386,0,0,0,0,82,91,3,169,8,67,1421,222406,8347,26.600000381469727,567637,8347,68.0
2016,236,세종대학교,대학,사립,서울,A그룹,13968,11499,2469,447,594,168,12524,27701,55,1798394,7257,1056,363,151,327,9154,61068,10887,5873,1591,14016,93435,0,0,1702,1076,560,39,167,159,104,4,6070,71955,13968,5.199999809265137,1798394,13968,128.8000030517578
2016,237,세한대학교,대학,사립,충남,C그룹,4261,4166,95,147,159,85,28,4680,42,167887,764,8,75,43,3,893,4006,35,2431,1590,1117,9179,0,0,0,3,0,1,0,7,5,0,0,4041,4261,0.8999999761581421,167887,4261,39.400001525878906
2016,238,송곡대학교,전문대학,사립,강원,C그룹,751,751,0,21,51,21,0,844,9,321,37,0,0,4,0,41,95,0,0,86,0,181,0,0,0,0,0,0,0,0,0,0,0,95,751,0.1000000014901161,321,751,0.4000000059604645
2016,239,송원대학교,대학,사립,광주,C그룹,2587,2553,34,122,111,61,0,2881,21,47137,529,0,24,39,0,592,3317,0,259,750,0,4326,0,0,42,35,0,0,0,6,0,27,570,3317,2587,1.2999999523162842,47137,2587,18.200000762939453
2016,240,송호대학교,전문대학,사립,강원,C그룹,1007,1007,0,33,64,39,18,1161,11,4840,273,0,15,20,13,321,1685,0,113,184,39,2021,0,0,288,21,0,0,0,2,2,5,129,1685,1007,1.7000000476837158,4840,1007,4.800000190734863
2016,241,수도국제대학원대학교,대학원대학,사립,서울,-,303,0,303,19,80,15,0,417,8,303,0,137,21,4,0,162,0,1252,186,23,0,1461,0,0,7,4,0,2,0,0,0,0,0,1252,303,4.099999904632568,303,303,1.0
2016,242,수성대학교,전문대학,사립,대구,B그룹,3715,3715,0,96,288,87,24,4210,26,137611,1417,0,72,48,23,1560,36962,0,963,1420,53638,92983,0,0,300,36,19,1,0,22,0,25,1200,36962,3715,9.899999618530272,137611,3715,37.0
2016,243,수원가톨릭대학교,대학,사립,경기,C그룹,197,143,54,12,25,35,12,281,1,16957,160,84,29,7,12,292,4747,5051,827,54,147,10826,0,0,192,0,10,20,36,13,4,5,156,9798,197,49.70000076293945,16957,197,86.0999984741211
2016,244,수원과학대학교,전문대학,사립,경기,B그룹,6214,6214,0,170,307,110,33,6834,34,34198,570,0,77,57,3,707,3434,0,1293,520,2900,8147,0,0,37,26,0,0,0,0,0,15,545,3434,6214,0.6000000238418579,34198,6214,5.5
2016,245,수원대학교,대학,사립,경기,B그룹,10917,10032,885,394,517,152,284,12264,77,319340,3076,478,175,129,2,3860,10912,789,895,1246,2,13844,0,0,5856,732,30,12,15,85,19,34,3149,11701,10917,1.100000023841858,319340,10917,29.299999237060547
2016,246,수원여자대학교,전문대학,사립,경기,B그룹,4466,4466,0,114,271,48,60,4959,38,86192,6013,0,59,67,0,6139,17439,0,547,1039,705,19730,0,0,0,0,11,0,0,21,21,67,67,17439,4466,3.900000095367432,86192,4466,19.299999237060547
2016,247,숙명여자대학교,대학,사립,서울,A그룹,12820,10492,2328,470,947,288,4221,18746,45,1254604,10112,2295,544,371,1698,15020,129173,43764,10854,6382,68480,258653,0,0,2974,2560,638,946,502,1030,396,119,1414,172937,12820,13.5,1254604,12820,97.9000015258789
2016,248,순복음대학원대학교,대학원대학,사립,서울,-,146,0,146,13,7,6,10,182,5,3120,0,43,4,1,6,54,4,311,11,3,15,344,0,0,0,0,0,0,0,0,0,0,0,315,146,2.200000047683716,3120,146,21.399999618530277
2016,249,순복음총회신학교,대학,사립,충북,C그룹,345,345,0,15,13,5,0,378,5,0,62,0,1,3,0,66,234,0,10,10,0,254,0,0,0,0,0,0,0,0,0,0,0,234,345,0.699999988079071,0,345,0.0
2016,250,순천제일대학교,전문대학,사립,전남,B그룹,2576,2576,0,72,138,58,129,2973,25,5490,593,0,55,2,2,652,3172,0,553,18,8,3751,0,0,150,50,0,0,0,11,0,32,1151,3172,2576,1.2000000476837158,5490,2576,2.0999999046325684
2016,251,순천향대학교,대학,사립,충남,A그룹,11771,10616,1155,856,564,296,205,13692,53,871567,5330,211,263,194,54,6052,42508,2568,7071,4257,368,56772,0,0,4593,1745,2391,37,51,6097,495,12,380,45076,11771,3.799999952316284,871567,11771,74.0
2016,252,숭실대학교,대학,사립,서울,A그룹,15399,12757,2642,494,868,262,21989,39012,54,2906043,11236,1844,521,297,1227,15125,149930,34307,14430,6835,9409,214911,0,0,720,781,720,331,7,541,221,52,3652,184237,15399,12.0,2906043,15399,188.6999969482422
2016,253,숭실사이버대학교,대학,사립,서울,B그룹,5239,5239,0,33,178,46,0,5496,24,0,151,0,0,0,0,151,267,0,0,0,0,267,0,0,0,0,0,0,0,0,0,0,0,267,5239,0.1000000014901161,0,5239,0.0
2016,254,숭의여자대학교,전문대학,사립,서울,B그룹,3509,3509,0,86,192,42,0,3829,17,59846,1830,0,119,43,0,1992,12577,0,1661,850,5510,20598,0,0,0,0,0,0,0,15,0,38,1465,12577,3509,3.5999999046325684,59846,3509,17.100000381469727
2016,255,신경주대학교,대학,사립,경북,C그룹,2326,2213,113,129,71,53,0,2579,33,3898,406,9,56,45,0,516,2316,41,755,1087,1146,5345,0,0,456,304,0,13,23,19,5,6,567,2357,2326,1.0,3898,2326,1.7000000476837158
2016,256,신구대학교,전문대학,사립,경기,A그룹,6761,6761,0,169,399,63,0,7392,34,193773,2194,0,64,58,0,2316,13716,0,1569,639,360,16284,0,0,5,3,1,0,0,4,0,74,2400,13716,6761,2.0,193773,6761,28.700000762939453
2016,257,신라대학교,대학,사립,부산,B그룹,10544,9718,826,347,328,162,5662,17043,52,553806,4058,265,314,142,153,4932,29940,2680,5106,2560,13788,54074,0,0,317,298,215,44,82,198,156,109,4316,32620,10544,3.0999999046325684,553806,10544,52.5
2016,258,신성대학교,전문대학,사립,충남,B그룹,4025,4025,0,118,188,59,36,4426,27,167313,1578,0,64,63,15,1720,12492,0,975,1238,49,14754,0,0,11,26,0,0,0,36,0,9,473,12492,4025,3.0999999046325684,167313,4025,41.59999847412109
2016,259,신안산대학교,전문대학,사립,경기,B그룹,4371,4371,0,130,175,92,0,4768,25,36085,729,0,39,57,0,825,4434,0,1317,1719,0,7470,0,0,0,0,0,2,0,2,0,14,738,4434,4371,1.0,36085,4371,8.300000190734863
2016,260,신한대학교,대학,사립,경기,B그룹,6047,5905,142,204,327,147,0,6725,32,395070,1810,7,50,92,0,1959,8475,35,646,1095,597,10848,0,0,201,54,27,9,0,29,0,3,1045,8510,6047,1.399999976158142,395070,6047,65.30000305175781
2016,261,신흥대학교,전문대학,사립,경기,A그룹,0,0,0,0,0,0,0,0,0,0,0,0,0,0,0,0,0,0,0,0,0,0,0,0,0,0,0,0,0,0,0,0,0,0,0,0.0,0,0,0.0
2016,262,실천신학대학원대학교,대학원대학,사립,경기,-,57,0,57,7,4,4,3,75,1,1520,0,45,40,1,3,89,0,294,40,3,7,344,0,0,9,4,6,12,0,0,0,4,58,294,57,5.199999809265137,1520,57,26.700000762939453
2016,263,아신대학교,대학,사립,경기,C그룹,1479,780,699,60,30,38,336,1943,7,5300,602,557,64,22,6,1251,5443,9253,871,130,164,15861,0,0,1230,580,162,9,0,25,5,4,400,14696,1479,9.899999618530272,5300,1479,3.5999999046325684
2016,264,아주대학교,대학,사립,경기,A그룹,14042,9580,4462,688,736,263,7263,22992,40,1485818,7952,1793,503,290,1646,12184,68072,17380,7814,4573,24759,122598,0,0,2771,2378,1069,301,279,3341,1393,44,3361,85452,14042,6.099999904632568,1485818,14042,105.8000030517578
2016,265,아주자동차대학교,전문대학,사립,충남,C그룹,1004,1004,0,29,32,19,0,1084,1,3916,375,0,21,17,0,413,1464,0,354,312,0,2130,0,0,17,16,0,0,0,0,0,15,850,1464,1004,1.5,3916,1004,3.900000095367432
2016,266,안동과학대학교,전문대학,사립,경북,B그룹,2813,2813,0,93,175,137,0,3218,25,85350,1011,0,56,65,0,1132,8301,0,934,1121,537,10893,0,0,350,180,50,0,0,1,2,6,230,8301,2813,3.0,85350,2813,30.299999237060547
2016,267,안산대학교,전문대학,사립,경기,A그룹,4557,4557,0,125,285,61,0,5028,30,102932,1186,0,67,66,0,1319,5872,0,999,729,0,7600,0,0,735,245,14,4,0,34,0,65,2156,5872,4557,1.2999999523162842,102932,4557,22.600000381469727
2016,268,안양대학교,대학,사립,경기,B그룹,5336,4842,494,196,252,86,0,5870,32,153500,1506,101,80,103,0,1790,8056,1410,1102,972,2717,14257,0,0,12,54,24,48,12,0,1,15,1480,9466,5336,1.7999999523162842,153500,5336,28.799999237060547
2016,269,에스라성경대학원대학교,대학원대학,사립,경기,-,60,0,60,6,2,7,0,75,1,100,0,48,8,2,0,58,0,380,120,10,0,510,0,0,0,0,0,0,0,0,0,1,44,380,60,6.300000190734863,100,60,1.7000000476837158
2016,270,여주대학교,전문대학,사립,경기,B그룹,5585,5585,0,141,302,105,860,6993,42,137283,1153,0,57,68,0,1278,6139,0,990,1577,0,8706,0,0,0,0,0,0,0,0,0,60,89,6139,5585,1.100000023841858,137283,5585,24.600000381469727
2016,271,연성대학교,전문대학,사립,경기,A그룹,5943,5943,0,160,297,52,73,6525,31,45459,1093,0,82,54,0,1229,6154,0,1277,715,37,8183,0,0,0,0,0,0,0,0,0,73,3593,6154,5943,1.0,45459,5943,7.599999904632568
2016,272,연세대학교,대학,사립,서울,A그룹,31007,19465,11542,1648,2539,841,5896,41931,74,3637569,20227,8698,1390,1993,1486,33794,275336,165511,31781,25519,51244,549391,0,0,65265,19855,2869,5119,7482,2975,30404,221,16668,440847,31007,14.199999809265137,3637569,31007,117.3000030517578
2016,273,연세대학교(미래),대학,사립,강원,B그룹,8145,7820,325,373,441,215,1296,10470,35,630625,6045,699,269,378,405,7796,60149,5876,3211,4588,57152,130976,0,0,1942,1354,352,673,395,433,2797,59,1925,66025,8145,8.100000381469727,630625,8145,77.4000015258789
2016,274,연암공과대학교,전문대학,사립,경남,C그룹,1241,1241,0,38,71,46,0,1396,5,181044,418,0,37,43,0,498,2863,0,1267,557,0,4687,0,0,1420,57,4,0,0,1,0,0,0,2863,1241,2.299999952316284,181044,1241,145.89999389648438
2016,275,연암대학교,전문대학,사립,충남,C그룹,1079,1079,0,30,74,102,3,1288,9,38000,360,0,11,35,1,407,1692,0,273,1289,53,3307,0,0,60,40,10,0,0,0,0,10,100,1692,1079,1.600000023841858,38000,1079,35.20000076293945
2016,276,영남대학교,대학,사립,경북,A그룹,25124,21828,3296,943,1110,642,4288,32107,70,1616397,16345,1731,625,905,1712,21318,146357,31019,15350,13689,29197,235612,0,0,4091,2241,7569,496,762,2308,2295,88,13103,177376,25124,7.099999904632568,1616397,25124,64.30000305175781
2016,277,영남사이버대학교,대학,사립,경북,C그룹,0,0,0,0,0,0,0,0,0,0,0,0,0,0,0,0,0,0,0,0,0,0,0,0,0,0,0,0,0,0,0,0,0,0,0,0.0,0,0,0.0
2016,278,영남신학대학교,대학,사립,경북,C그룹,701,387,314,33,21,19,71,845,4,2294,324,326,30,15,71,766,2953,6710,1187,297,1473,12620,0,0,756,504,0,10,3,7,4,0,0,9663,701,13.800000190734863,2294,701,3.299999952316284
2016,279,영남외국어대학,전문대학,사립,경북,C그룹,799,799,0,26,76,27,196,1124,13,979,173,0,6,13,0,192,257,0,21,13,0,291,0,0,0,0,0,0,0,0,0,0,0,257,799,0.3000000119209289,979,799,1.2000000476837158
2016,280,영남이공대학교,전문대학,사립,대구,A그룹,5980,5980,0,156,473,138,0,6747,25,155925,1914,0,54,98,0,2066,14452,0,712,1847,0,17011,0,0,0,0,20,0,0,1,3,14,665,14452,5980,2.400000095367432,155925,5980,26.100000381469727
2016,281,영산대학교,대학,사립,경남,B그룹,7293,7000,293,247,308,138,0,7986,52,448200,2484,24,174,158,0,2840,12800,47,2686,1990,2585,20108,0,0,180,120,60,41,29,97,6,11,365,12847,7293,1.7999999523162842,448200,7293,61.5
2016,282,영산선학대학교,대학,사립,전남,C그룹,38,38,0,14,3,7,20,82,1,654,42,0,14,11,15,82,387,0,210,39,28,664,0,0,125,21,40,0,0,0,19,1,15,387,38,10.199999809265137,654,38,17.200000762939453
2016,283,영진전문대학교,전문대학,사립,대구,A그룹,7799,7799,0,206,533,137,1897,10572,12,402831,2596,0,131,104,80,2911,19039,0,2358,2329,1397,25123,0,0,253,1226,21,0,0,1,0,24,4881,19039,7799,2.400000095367432,402831,7799,51.70000076293945
2016,284,예명대학원대학교,대학원대학,사립,서울,-,124,0,124,5,14,6,15,164,3,150,0,65,5,3,3,76,0,542,93,15,10,660,0,0,20,10,0,0,0,2,0,0,0,542,124,4.400000095367432,150,124,1.2000000476837158
2016,285,예수대학교,대학,사립,전북,C그룹,575,567,8,24,20,19,98,736,2,20008,346,9,19,16,50,440,2678,77,268,136,376,3535,0,0,11,62,5,3,12,3,12,4,174,2755,575,4.800000190734863,20008,575,34.79999923706055
2016,286,예원예술대학교,대학,사립,전북,C그룹,1182,1082,100,74,124,34,0,1414,17,12450,152,3,10,17,0,182,456,8,31,126,0,621,0,0,50,20,0,0,0,0,0,0,0,464,1182,0.4000000059604645,12450,1182,10.5
2016,287,오산대학교,전문대학,사립,경기,A그룹,4823,4823,0,138,259,91,11,5322,37,194856,987,0,58,60,11,1116,6569,0,706,612,58,7945,0,0,760,70,40,1,0,2,0,40,2078,6569,4823,1.399999976158142,194856,4823,40.400001525878906
2016,288,온석대학원대학교,대학원대학,사립,경기,-,244,0,244,16,20,12,0,292,5,200,0,60,0,2,0,62,0,62,0,0,0,62,0,0,50,30,0,0,0,160,110,0,0,62,244,0.3000000119209289,200,244,0.800000011920929
2016,289,용인대학교,대학,사립,경기,B그룹,7183,6436,747,231,414,133,0,7961,36,266347,2586,137,57,112,0,2892,21892,922,674,1431,5911,30830,0,0,1012,41,16,16,20,23,45,4,41,22814,7183,3.200000047683716,266347,7183,37.09999847412109
2016,290,용인예술과학대학교,전문대학,사립,경기,B그룹,3980,3980,0,114,229,55,0,4378,27,344735,874,0,73,52,0,999,27791,0,1121,702,2,29616,0,0,0,0,0,0,0,0,0,6,1813,27791,3980,7.0,344735,3980,86.5999984741211
2016,291,우석대학교,대학,사립,전북,B그룹,8462,7853,609,263,381,213,1581,10900,81,280234,2697,149,130,171,96,3243,20133,1307,2214,2644,2719,29017,0,0,13961,10234,116,27,44,68,78,53,2049,21440,8462,2.5,280234,8462,33.099998474121094
2016,292,우송공업대학,전문대학,사립,대전,B그룹,0,0,0,0,0,0,0,0,0,0,0,0,0,0,0,0,0,0,0,0,0,0,0,0,0,0,0,0,0,0,0,0,0,0,0,0.0,0,0,0.0
2016,293,우송대학교,대학,사립,대전,A그룹,9836,9376,460,294,398,191,27,10746,40,319867,3660,54,106,99,11,3930,17421,220,1491,781,413,20326,0,0,2970,1485,5,8,0,22,1,3,92,17641,9836,1.7999999523162842,319867,9836,32.5
2016,294,우송정보대학,전문대학,사립,대전,B그룹,4870,4870,0,132,213,89,18,5322,29,159934,696,0,35,46,4,781,2340,0,369,344,108,3161,0,0,2970,1485,5,0,0,0,0,6,142,2340,4870,0.5,159934,4870,32.79999923706055
2016,295,울산과학기술원,대학,국립,울산,C그룹,4475,3184,1291,269,128,285,414,5571,11,648639,2162,623,97,171,131,3184,27869,9326,1085,3191,4076,45547,0,0,2970,2607,1802,207,18,1723,73,36,411,37195,4475,8.300000190734863,648639,4475,144.89999389648438
2016,296,울산과학대학교,전문대학,사립,울산,A그룹,4733,4733,0,138,327,95,24309,29602,17,145758,889,0,71,98,238,1296,3296,0,1089,1563,3969,9917,0,0,1342,2457,57,0,0,35,0,46,1451,3296,4733,0.699999988079071,145758,4733,30.799999237060547
2016,297,울산대학교,대학,사립,울산,A그룹,14544,12560,1984,1102,1021,330,4022,21019,66,1395133,9122,761,442,536,1858,12719,69751,8840,7820,8260,16281,110952,0,0,806,3576,342,75,216,2394,2704,128,2561,78591,14544,5.400000095367432,1395133,14544,95.9000015258789
2016,298,웅지세무대학교,전문대학,사립,경기,C그룹,1758,1758,0,48,24,59,0,1889,7,0,0,0,0,0,0,0,0,0,0,0,0,0,0,0,0,0,0,0,0,0,0,0,0,0,1758,0.0,0,1758,0.0
2016,299,원광대학교,대학,사립,전북,A그룹,17286,15748,1538,722,1004,276,8002,27290,76,1635567,8612,953,409,328,328,10630,69750,13595,5865,5729,5979,100918,0,0,17883,8841,1867,69,145,1293,483,33,2884,83345,17286,4.800000190734863,1635567,17286,94.5999984741211
2016,300,원광보건대학교,전문대학,사립,전북,B그룹,4718,4718,0,135,287,75,76,5291,22,76,1234,0,58,28,34,1354,6000,0,510,379,220,7109,0,0,201,103,28,2,1,189,176,35,1507,6000,4718,1.2999999523162842,76,4718,0.0
2016,301,원불교대학원대학교,대학원대학,사립,전북,-,62,0,62,9,2,1,0,74,1,62,0,42,7,1,0,50,0,218,38,0,0,256,0,0,0,0,0,0,0,0,0,1,62,218,62,3.5,62,62,1.0
2016,302,웨스트민스터신학대학원대학교,대학원대학,사립,경기,-,401,0,401,19,41,15,5,481,8,800,0,177,10,3,0,190,0,1629,171,8,0,1808,0,0,30,15,0,0,0,0,0,3,250,1629,401,4.099999904632568,800,401,2.0
2016,303,위덕대학교,대학,사립,경북,C그룹,3485,3218,267,130,111,81,146,3953,25,284372,985,43,66,48,50,1192,9246,752,768,559,1315,12640,0,0,525,410,10,6,4,63,18,14,871,9998,3485,2.900000095367432,284372,3485,81.5999984741211
2016,304,유원대학교,대학,사립,충북,C그룹,3792,3687,105,137,171,55,0,4155,35,106000,1160,5,87,36,0,1288,6719,21,967,358,161,8226,0,0,60,100,0,12,12,33,33,1,600,6740,3792,1.7999999523162842,106000,3792,28.0
2016,305,유한대학교,전문대학,사립,경기,A그룹,4892,4892,0,139,356,59,144,5590,30,92980,1838,0,118,79,32,2067,16262,0,1862,1656,541,20321,0,0,0,0,3,0,0,0,0,0,0,16262,4892,3.299999952316284,92980,4892,19.0
2016,306,육군사관학교,기타,기타,서울,-,0,0,0,0,0,0,522,522,0,73519,1066,0,171,178,429,1844,30557,0,10861,28062,47452,116932,0,0,0,0,0,184,3,513,15,8,775,30557,0,0.0,73519,0,0.0
2016,307,을지대학교,대학,사립,대전,B그룹,5348,5071,277,390,336,134,0,6208,27,299241,2234,71,65,85,0,2455,15242,474,762,768,9,17255,0,0,0,0,0,0,0,289,193,3,900,15716,5348,2.900000095367432,299241,5348,56.0
2016,308,이화여자대학교,대학,사립,서울,A그룹,21552,15315,6237,1001,1858,520,10309,35240,80,1465962,13671,6219,1161,353,4277,25681,187474,129040,26701,8227,322504,673946,0,0,3455,2420,1605,2236,2366,3936,2223,328,10482,316514,21552,14.699999809265137,1465962,21552,68.0
2016,309,인덕대학교,전문대학,사립,서울,A그룹,6314,6314,0,163,337,57,354,7225,27,101751,1371,0,58,45,12,1486,7466,0,525,465,271,8727,0,0,50,28,8,0,0,2,3,0,282,7466,6314,1.2000000476837158,101751,6314,16.100000381469727
2016,310,인제대학교,대학,사립,경남,B그룹,11407,10036,1371,1000,562,290,435,13694,57,397654,5088,454,225,293,159,6219,34150,4290,3135,2933,2790,47298,0,0,1787,2417,349,0,0,1581,308,71,3054,38440,11407,3.400000095367432,397654,11407,34.900001525878906
2016,311,인제대학원대학교,대학원대학,사립,서울,-,0,0,0,0,0,0,0,0,0,0,0,0,0,0,0,0,0,0,0,0,0,0,0,0,0,0,0,0,0,0,0,0,0,0,0,0.0,0,0,0.0
2016,312,인천가톨릭대학교,대학,사립,인천,C그룹,879,799,80,45,93,74,105,1196,7,14041,382,81,39,32,10,544,4938,4604,818,294,10,10664,0,0,1149,347,90,18,2,101,2,9,255,9542,879,10.899999618530272,14041,879,16.0
2016,313,인천대학교,대학,국립,인천,A그룹,13822,12459,1363,471,669,248,676,15886,70,1030553,8953,653,245,219,518,10588,66817,7539,3732,2845,18007,98940,0,0,10881,21762,8000,130,16,759,45,32,1546,74356,13822,5.400000095367432,1030553,13822,74.5999984741211
2016,314,인천전문대학,전문대학,공립,인천,A그룹,0,0,0,0,0,0,0,0,0,0,0,0,0,0,0,0,0,0,0,0,0,0,0,0,0,0,0,0,0,0,0,0,0,0,0,0.0,0,0,0.0
2016,315,인하공업전문대학,전문대학,사립,인천,A그룹,6616,6616,0,173,330,102,0,7221,24,292085,2548,0,84,86,0,2718,22150,0,1437,2109,0,25696,0,0,7,12,27,11,0,20,0,0,0,22150,6616,3.299999952316284,292085,6616,44.09999847412109
2016,316,인하대학교,대학,사립,인천,A그룹,20613,17497,3116,839,1052,369,3896,26769,66,1544295,12554,2188,458,544,1569,17313,130163,34283,9063,9910,28834,212253,0,0,17600,13992,243,351,713,2195,1181,70,7128,164446,20613,8.0,1544295,20613,74.9000015258789
2016,317,장로회신학대학교,대학,사립,서울,C그룹,2244,681,1563,78,241,57,720,3340,3,260300,665,1718,100,40,202,2725,8208,39409,3832,542,3651,55642,0,0,539,62,31,0,1,26,106,3,410,47617,2244,21.200000762939453,260300,2244,116.0
2016,318,장안대학교,전문대학,사립,경기,B그룹,6041,6041,0,177,320,49,32,6619,31,132861,2124,0,100,91,10,2325,11831,0,1286,1322,65,14504,0,0,548,794,95790,0,0,10,0,0,6259,11831,6041,2.0,132861,6041,22.0
2016,319,재능대학교,전문대학,사립,인천,B그룹,3789,3789,0,109,246,81,0,4225,24,87624,956,0,19,21,0,996,4184,0,235,96,794,5309,0,0,0,0,0,0,0,0,0,0,0,4184,3789,1.100000023841858,87624,3789,23.100000381469727
2016,320,전남과학대학교,전문대학,사립,전남,B그룹,3985,3985,0,110,263,75,2,4435,22,12500,379,0,30,22,2,433,2200,0,171,276,374,3021,0,0,0,0,0,0,0,0,0,15,830,2200,3985,0.6000000238418579,12500,3985,3.0999999046325684
2016,321,전남대학교,대학,국립,광주,A그룹,24944,20050,4894,1266,1212,789,2306,30517,95,2291203,14809,3793,1176,541,2306,22625,126718,55569,22722,11070,49137,265216,0,0,16089,2252,6757,2651,2040,1039,383,285,2765,182287,24944,7.300000190734863,2291203,24944,91.9000015258789
2016,322,전남도립대학교,전문대학,공립,전남,C그룹,1513,1513,0,46,209,32,34,1834,24,40782,414,0,34,41,6,495,6797,0,452,534,83,7866,0,0,140,80,2,4,4,6,6,22,2573,6797,1513,4.5,40782,1513,27.0
2016,323,전북과학대학교,전문대학,사립,전북,C그룹,1647,1647,0,45,126,32,2,1852,15,199512,397,0,37,18,2,454,7907,0,271,710,23,8911,0,0,336,16,0,3,0,0,0,21,883,7907,1647,4.800000190734863,199512,1647,121.0999984741211
2016,324,전북대학교,대학,국립,전북,A그룹,22932,18743,4189,1035,1533,507,3155,29162,155,3002766,13937,2588,669,501,1325,19020,118464,35448,12311,6086,41740,214049,0,0,81754,35578,3855,328,268,4122,3712,140,4738,153912,22932,6.699999809265137,3002766,22932,130.89999389648438
2016,325,전주교육대학교,대학,국립,전북,C그룹,1468,1199,269,58,154,48,168,1896,12,166359,1048,68,35,31,20,1202,26466,522,1500,419,304,29211,0,0,6250,3750,1250,39,13,60,22,3,281,26988,1468,18.399999618530277,166359,1468,113.3000030517578
2016,326,전주기전대학,전문대학,사립,전북,C그룹,1903,1903,0,53,157,31,0,2144,13,15000,161,0,14,11,0,186,1431,0,58,36,12,1537,0,0,5,6,0,0,0,0,0,0,0,1431,1903,0.800000011920929,15000,1903,7.900000095367432
2016,327,전주대학교,대학,사립,전북,A그룹,12460,11432,1028,368,718,270,146867,160683,70,1223191,7214,454,310,337,1564,9879,63748,5676,6965,5117,30752,112258,0,0,4450,1300,95,51,40,1716,114,60,6754,69424,12460,5.599999904632568,1223191,12460,98.1999969482422
2016,328,전주비전대학교,전문대학,사립,전북,B그룹,3494,3494,0,87,266,100,0,3947,25,50000,639,0,28,58,0,725,7247,0,150,377,0,7774,0,0,720,61,0,0,0,22,0,13,667,7247,3494,2.0999999046325684,50000,3494,14.300000190734863
2016,329,제네바신학대학원대학교,대학원대학,사립,경기,-,0,0,0,0,6,4,100,110,1,100,0,21,10,5,50,86,0,300,300,0,0,600,0,0,30,0,0,0,0,10,10,1,30,300,0,0.0,100,0,0.0
2016,330,제주관광대학교,전문대학,사립,제주,C그룹,2300,2300,0,80,181,51,251,2863,24,92505,493,0,38,35,23,589,6554,0,651,2746,1519,11470,0,0,91,61,1,0,0,0,0,25,761,6554,2300,2.799999952316284,92505,2300,40.20000076293945
2016,331,제주국제대학교,대학,사립,제주,C그룹,1764,1525,239,94,123,59,0,2040,45,4058,43,4,13,0,0,60,255,14,70,0,0,339,0,0,6,18,0,3,0,0,0,1,450,269,1764,0.2000000029802322,4058,1764,2.299999952316284
2016,332,제주대학교,대학,국립,제주,A그룹,12421,10420,2001,630,703,468,594,14816,83,880966,5994,999,404,184,372,7953,55183,13973,6912,2667,4258,82993,0,0,26098,22128,4194,219,27,1149,128,18,366,69156,12421,5.599999904632568,880966,12421,70.9000015258789
2016,333,제주한라대학교,전문대학,사립,제주,A그룹,4951,4951,0,147,294,106,0,5498,31,489535,1084,0,51,47,0,1182,5333,0,483,629,0,6445,0,0,27,7,0,11,0,29,0,30,1683,5333,4951,1.100000023841858,489535,4951,98.9000015258789
2016,334,조선간호대학교,전문대학,사립,광주,C그룹,806,806,0,26,11,13,0,856,1,768,337,0,5,4,0,346,1277,0,29,44,0,1350,0,0,0,0,0,0,0,0,0,0,0,1277,806,1.600000023841858,768,806,1.0
2016,335,조선대학교,대학,사립,광주,A그룹,22282,19494,2788,820,994,494,96696,121286,93,700092,10604,1180,484,290,1240,13798,99795,15109,9950,6563,1245,132662,0,0,29939,10162,1804,231,124,1510,632,46,1398,114904,22282,5.199999809265137,700092,22282,31.399999618530277
2016,336,조선이공대학교,전문대학,사립,광주,B그룹,3511,3511,0,102,297,77,0,3987,22,12003,1041,0,44,60,0,1145,15856,0,616,687,0,17159,0,0,1213,2697,0,0,0,0,0,14,571,15856,3511,4.5,12003,3511,3.400000095367432
2016,337,주안대학원대학교,대학원대학,사립,인천,-,60,0,60,8,1,7,0,76,1,347,0,48,9,3,0,60,0,628,197,9,0,834,0,0,0,0,0,0,0,0,0,1,1,628,60,10.5,347,60,5.800000190734863
2016,338,중부대학교,대학,사립,충남,B그룹,9717,8279,1438,298,353,141,3,10512,58,214903,2456,23,64,133,2,2678,26637,129,645,1541,25,28977,0,0,741,1188,51,2,9,39,13,3,96,26766,9717,2.799999952316284,214903,9717,22.100000381469727
2016,339,중앙대학교,대학,사립,서울,A그룹,28873,23426,5447,1041,1695,625,24573,56807,88,2610694,16420,4595,792,414,2300,24521,186453,87316,11828,5763,78609,369969,0,0,39554,29206,5059,108,43,1455,987,169,3575,273769,28873,9.5,2610694,28873,90.4000015258789
2016,340,중앙승가대학교,대학,사립,경기,C그룹,273,206,67,20,36,42,1,372,3,9976,169,57,16,16,1,259,3131,1664,129,289,11,5224,0,0,720,84,0,0,0,14,0,2,130,4795,273,17.600000381469727,9976,273,36.5
2016,341,중원대학교,대학,사립,충북,C그룹,3610,3492,118,168,150,165,56,4149,39,0,1064,17,73,111,6,1271,7981,264,1160,1686,15,11106,0,0,55,10,10,0,0,180,0,0,0,8245,3610,2.299999952316284,0,3610,0.0
2016,342,진주교육대학교,대학,국립,경남,C그룹,1769,1347,422,70,119,89,25,2072,12,40793,1820,94,67,45,8,2034,11415,597,746,274,75,13107,0,0,451,232,50,9,1,220,1,1,250,12012,1769,6.800000190734863,40793,1769,23.100000381469727
2016,343,진주보건대학교,전문대학,사립,경남,B그룹,2877,2877,0,77,159,28,0,3141,8,266456,2349,0,56,44,0,2449,9710,0,1159,433,0,11302,0,0,13,0,0,0,0,10,0,29,965,9710,2877,3.400000095367432,266456,2877,92.5999984741211
2016,344,차의과학대학교,대학,사립,경기,C그룹,2695,1959,736,414,109,73,30,3321,12,96581,566,77,58,45,30,776,2921,421,709,577,535,5163,0,0,0,0,0,0,0,600,0,21,597,3342,2695,1.2000000476837158,96581,2695,35.79999923706055
2016,345,창신대학교,대학,사립,경남,C그룹,1583,1583,0,80,111,53,532,2359,17,61750,720,0,34,23,14,791,4233,0,248,186,67,4734,0,0,4940,1235,200,1,1,1,1,18,475,4233,1583,2.700000047683716,61750,1583,39.0
2016,346,창원문성대학교,전문대학,사립,경남,C그룹,3617,3617,0,108,256,53,41,4075,33,56290,800,0,47,20,12,879,4713,0,897,230,109,5949,0,0,2291,2490,0,0,0,0,0,25,830,4713,3617,1.2999999523162842,56290,3617,15.600000381469728
2016,347,청강문화산업대학교,전문대학,사립,경기,B그룹,3709,3709,0,103,257,87,15,4171,17,215978,2076,0,118,68,3,2265,36536,0,3323,2174,85,42118,0,0,120,0,33,0,0,9,9,22,706,36536,3709,9.899999618530272,215978,3709,58.20000076293945
2016,348,청암대학교,전문대학,사립,전남,B그룹,2834,2834,0,79,162,67,120,3262,19,3454,973,0,29,29,4,1035,5081,0,172,637,30,5920,0,0,10,3,0,1,1,13,2,2,60,5081,2834,1.7999999523162842,3454,2834,1.2000000476837158
2016,349,청운대학교,대학,사립,충남,B그룹,6957,6818,139,182,363,136,453,8091,41,286602,3100,19,94,109,56,3378,29871,143,1348,2820,485,34667,0,0,1848,992,191,0,0,48,3,29,2329,30014,6957,4.300000190734863,286602,6957,41.20000076293945
2016,350,청주교육대학교,대학,국립,충북,C그룹,1703,1242,461,69,100,53,412,2337,12,40074,1117,118,54,38,12,1339,13891,499,1046,801,187,16424,0,0,71,24,195,21,0,30,9,2,860,14390,1703,8.399999618530273,40074,1703,23.5
2016,351,청주대학교,대학,사립,충북,A그룹,12559,12175,384,418,399,219,173,13768,67,650454,4709,122,197,191,53,5272,37529,1338,4314,2934,21877,67992,0,0,0,0,6,0,0,108,31,7,677,38867,12559,3.0999999046325684,650454,12559,51.79999923706055
2016,352,초당대학교,대학,사립,전남,C그룹,3412,3222,190,108,142,68,200,3930,23,70000,793,2,49,81,19,944,5363,67,1301,1236,1775,9742,0,0,700,200,60,15,5,7,11,10,3350,5430,3412,1.600000023841858,70000,3412,20.5
2016,353,총신대학교,대학,사립,서울,C그룹,4119,2026,2093,129,203,116,385,4952,12,484884,1378,1986,155,88,385,3992,27514,73630,5913,1655,9915,118627,0,0,802,164,27,21,11,55,22,7,2219,101144,4119,24.600000381469727,484884,4119,117.6999969482422
2016,354,추계예술대학교,대학,사립,서울,C그룹,1390,1208,182,49,268,39,753,2499,13,76377,942,79,52,39,12,1124,9986,884,613,588,452,12523,0,0,0,0,0,31,5,56,13,8,401,10870,1390,7.800000190734863,76377,1390,54.900001525878906
2016,355,춘천교육대학교,대학,국립,강원,C그룹,1837,1395,442,73,83,62,1061,3116,12,95981,1372,317,68,60,165,1982,47959,3120,2361,2440,1595,57475,0,0,257,115,34,13,19,69,2,13,652,51079,1837,27.799999237060547,95981,1837,52.20000076293945
2016,356,춘해보건대학교,전문대학,사립,울산,B그룹,2635,2635,0,72,177,33,15,2932,13,53127,1188,0,70,67,4,1329,6746,0,1239,708,35,8728,0,0,9,3,0,0,0,50,0,24,820,6746,2635,2.5999999046325684,53127,2635,20.200000762939453
2016,357,충남대학교,대학,국립,대전,A그룹,24200,18738,5462,933,1466,469,1406,28474,118,3470183,12164,2887,546,537,1156,17290,108405,33126,9105,8029,39471,198136,0,0,20512,9250,2050,406,432,5538,1304,82,3280,141531,24200,5.800000190734863,3470183,24200,143.39999389648438
2016,358,충남도립대학교,전문대학,공립,충남,C그룹,1104,1104,0,32,94,54,541,1825,12,32523,297,0,16,29,0,342,1360,0,124,457,0,1941,0,0,1044,522,0,2,6,2,6,17,425,1360,1104,1.2000000476837158,32523,1104,29.5
2016,359,충북대학교,대학,국립,충북,A그룹,17884,14521,3363,756,987,442,362,20431,94,2129801,9536,1925,478,241,362,12542,95063,23709,7283,3460,4434,133949,0,0,25157,6102,204,314,253,1968,357,42,8570,118772,17884,6.599999904632568,2129801,17884,119.0999984741211
2016,360,충북도립대학교,전문대학,공립,충북,C그룹,963,963,0,29,71,34,0,1097,12,2500,540,0,35,24,0,599,6443,0,2426,1187,0,10056,0,0,420,30,0,0,0,0,0,35,80,6443,963,6.699999809265137,2500,963,2.5999999046325684
2016,361,충북보건과학대학교,전문대학,사립,충북,B그룹,2775,2775,0,99,172,60,53,3159,31,16606,384,0,68,0,6,458,4452,0,1322,0,110,5884,0,0,100,20,20,0,0,0,0,1,900,4452,2775,1.600000023841858,16606,2775,6.0
2016,362,충청대학교,전문대학,사립,충북,B그룹,4837,4837,0,133,326,82,18,5396,35,56774,1181,0,62,82,2,1327,8407,0,647,1012,1106,11172,0,0,2,5,0,0,0,5,1,1,310,8407,4837,1.7000000476837158,56774,4837,11.699999809265137
2016,363,치유상담대학원대학교,대학원대학,사립,서울,-,191,0,191,16,4,11,500,722,2,500,0,131,15,10,0,156,0,1139,128,62,0,1329,0,0,95,35,5,0,0,0,0,2,72,1139,191,6.0,500,191,2.5999999046325684
2016,364,칼빈대학교,대학,사립,경기,C그룹,715,407,308,19,110,24,214,1082,8,33900,223,130,20,10,23,406,2480,2820,303,80,204,5887,0,0,214,86,3,0,1,18,12,2,226,5300,715,7.400000095367432,33900,715,47.400001525878906
2016,365,탐라대학교,대학,사립,제주,C그룹,0,0,0,0,0,0,0,0,0,0,0,0,0,0,0,0,0,0,0,0,0,0,0,0,0,0,0,0,0,0,0,0,0,0,0,0.0,0,0,0.0
2016,366,평택대학교,대학,사립,경기,C그룹,4645,4032,613,150,235,86,328,5444,28,312824,2011,295,91,85,18,2500,16428,5622,1043,687,551,24331,0,0,468,1157,924,177,5,335,7,15,1029,22050,4645,4.699999809265137,312824,4645,67.30000305175781
2016,367,포항공과대학교,대학,사립,경북,C그룹,3238,1472,1766,270,157,404,5633,9702,12,363169,1547,2174,356,371,1675,6123,8947,9368,2083,2655,271481,294534,0,0,20,183,89,42,15,760,1287,18,988,18315,3238,5.699999809265137,363169,3238,112.1999969482422
2016,368,포항대학교,전문대학,사립,경북,C그룹,2224,2224,0,76,111,60,0,2471,19,16523,355,0,22,62,0,439,2148,0,227,641,103,3119,0,0,50,43,1,0,0,0,0,0,0,2148,2224,1.0,16523,2224,7.400000095367432
2016,369,한경국립대학교,대학,국립,경기,B그룹,7102,6717,385,235,430,159,3033,10959,41,327730,3303,105,147,246,858,4659,35520,1062,2194,3024,1936,43736,0,0,998,682,33,10,8,116,3,25,1602,36582,7102,5.199999809265137,327730,7102,46.09999847412109
2016,370,한국개발연구원국제정책대학원대학교,대학원대학,사립,세종,-,754,0,754,34,45,93,559,1485,3,665777,0,553,44,106,441,1144,0,8770,383,2273,9458,20884,0,0,1575,88,79,0,0,31,22,11,275,8770,754,11.600000381469728,665777,754,883.0
2016,371,한국골프과학기술대학교,전문대학,사립,강원,C그룹,453,453,0,14,23,26,5,521,4,2652,123,0,22,16,1,162,908,0,84,170,4,1166,0,0,50,20,20,0,0,0,0,4,200,908,453,2.0,2652,453,5.900000095367432
2016,372,한국공학대학교,대학,사립,경기,B그룹,8108,7713,395,244,290,142,33,8817,28,412950,3220,74,92,91,19,3496,21121,651,1667,1116,1847,26402,0,0,0,0,32,7,0,22,3,1,18,21772,8108,2.700000047683716,412950,8108,50.900001525878906
2016,373,한국과학기술원,대학,국립,대전,A그룹,10633,3932,6701,622,505,1772,515,14047,17,1757388,2859,4221,284,708,105,8177,60711,97669,6565,16914,37211,219070,0,0,2791,3491,1937,99,8,605,1629,52,2131,158380,10633,14.899999618530272,1757388,10633,165.3000030517578
2016,374,한국관광대학교,전문대학,사립,경기,C그룹,2025,2025,0,50,61,55,67,2258,14,29668,936,0,15,37,5,993,5023,0,260,367,188,5838,0,0,905,20,1,9,0,9,0,25,1222,5023,2025,2.5,29668,2025,14.699999809265137
2016,375,한국교원대학교,대학,국립,충북,B그룹,5709,2403,3306,207,298,265,2250,8729,24,363496,2361,2277,156,167,23,4984,16228,21542,5623,3540,10118,57051,0,0,3461,3152,263,592,141,732,146,48,1896,37770,5709,6.599999904632568,363496,5709,63.70000076293945
2016,376,한국국제대학교,대학,사립,경남,C그룹,3682,3681,1,135,137,66,0,4020,32,0,304,0,14,16,0,334,1215,0,90,259,339,1903,0,0,34,15,0,0,0,6,0,5,37,1215,3682,0.3000000119209289,0,3682,0.0
2016,377,한국기술교육대학교,대학,사립,충남,C그룹,4871,4390,481,182,206,190,189,5638,11,332320,3621,240,136,232,171,4400,37921,2646,2271,2407,1299,46544,0,0,12,63,131,31,0,256,41,0,0,40567,4871,8.300000190734863,332320,4871,68.19999694824219
2016,378,한국농수산대학교,전문대학,국립,전북,C그룹,1180,1180,0,33,92,107,348,1760,12,25029,322,0,22,46,0,390,2921,0,245,1346,0,4512,0,0,2010,625,23,0,0,0,0,0,0,2921,1180,2.5,25029,1180,21.200000762939453
2016,379,한국방송통신대학교,대학,국립,서울,A그룹,125385,123197,2188,155,113,586,62,126301,24,891567,3403,181,119,424,62,4189,18988,1804,2495,5445,118615,147347,0,0,126232,75332,2036,115,89,143,32,129,1696,20792,125385,0.2000000029802322,891567,125385,7.099999904632568
2016,380,한국복지사이버대학교,전문대학,사립,경북,B그룹,1675,1675,0,10,60,21,0,1766,9,0,23,0,0,2,0,25,23,0,0,2,0,25,0,0,0,0,0,0,0,0,0,0,0,23,1675,0.0,0,1675,0.0
2016,381,한국상담대학원대학교,대학원대학,사립,서울,-,199,0,199,16,2,12,11,240,1,7680,0,177,12,5,11,205,0,2261,45,26,0,2332,0,0,30,40,20,4,0,10,0,7,120,2261,199,11.399999618530272,7680,199,38.59999847412109
2016,382,한국성서대학교,대학,사립,서울,C그룹,1222,1022,200,45,51,57,98,1473,4,139014,927,130,36,40,31,1164,7050,1879,759,418,315,10421,0,0,2448,1332,15,1,14,2,1,24,203,8929,1222,7.300000190734863,139014,1222,113.8000030517578
2016,383,한국승강기대학교,전문대학,사립,경남,C그룹,592,592,0,21,33,20,0,666,1,402,64,0,16,23,0,103,371,0,68,520,0,959,0,0,0,0,0,0,0,0,0,2,362,371,592,0.6000000238418579,402,592,0.699999988079071
2016,384,한국에너지공과대학교,대학,국립,전남,C그룹,0,0,0,0,0,0,0,0,0,0,0,0,0,0,0,0,0,0,0,0,0,0,0,0,0,0,0,0,0,0,0,0,0,0,0,0.0,0,0,0.0
2016,385,한국열린사이버대학교,대학,사립,서울,B그룹,4003,4003,0,18,219,52,5415,9707,13,181,160,0,4,11,6,181,291,0,5,127,15,438,0,0,0,0,0,0,0,0,0,0,0,291,4003,0.1000000014901161,181,4003,0.0
2016,386,한국영상대학교,전문대학,사립,세종,B그룹,3445,3445,0,102,267,65,101,3980,29,119627,2059,0,88,73,22,2242,14865,0,926,1124,1729,18644,0,0,2750,200,11,1,0,2,0,0,0,14865,3445,4.300000190734863,119627,3445,34.70000076293945
2016,387,한국예술종합학교,대학,국립,서울,C그룹,2583,2583,0,131,1065,255,521,4555,29,213235,1772,610,346,220,85,3033,30352,12231,7465,6374,9217,65639,0,0,67,253,16,27,23,54,16,8,111,42583,2583,16.5,213235,2583,82.5999984741211
2016,388,한국외국어대학교,대학,사립,서울,A그룹,19131,16715,2416,687,1559,357,24066,45800,82,1357646,13603,1819,954,249,6936,23561,163182,32351,23007,4593,68896,292029,0,0,15384,18339,5157,11645,12072,1217,490,20,5391,195533,19131,10.199999809265137,1357646,19131,71.0
2016,389,한국전력국제원자력대학원대학교,대학원대학,사립,울산,-,105,0,105,14,5,33,220,377,1,160,0,105,20,36,20,181,0,1097,270,307,39,1713,0,0,105,100,100,0,0,150,150,20,20,1097,105,10.399999618530272,160,105,1.5
2016,390,한국전통문화대학교,대학,국립,충남,C그룹,676,553,123,31,118,99,182,1106,6,33822,390,90,71,60,45,656,12089,2704,1338,1537,614,18282,0,0,1319,585,8,8,91,54,26,0,561,14793,676,21.899999618530277,33822,676,50.0
2016,391,한국정보통신대학교,대학,사립,대전,C그룹,0,0,0,0,0,0,0,0,0,0,0,0,0,0,0,0,0,0,0,0,0,0,0,0,0,0,0,0,0,0,0,0,0,0,0,0.0,0,0,0.0
2016,392,한국철도대학,전문대학,국립,경기,C그룹,0,0,0,0,0,0,0,0,0,0,0,0,0,0,0,0,0,0,0,0,0,0,0,0,0,0,0,0,0,0,0,0,0,0,0,0.0,0,0,0.0
2016,393,한국체육대학교,대학,국립,서울,C그룹,3047,2505,542,109,151,110,29,3446,9,62795,806,157,58,73,17,1111,5340,2157,704,1144,232,9577,0,0,75,25,0,0,0,56,13,10,32,7497,3047,2.5,62795,3047,20.600000381469727
2016,394,한국침례신학대학교,대학,사립,대전,C그룹,2406,1580,826,52,131,49,830,3468,8,73672,1339,688,49,54,289,2419,14623,20524,2023,1697,12097,50964,0,0,0,0,0,39,9,32,8,9,492,35147,2406,14.600000381469728,73672,2406,30.600000381469727
2016,395,한국폴리텍Ⅰ대학서울강서캠퍼스,전문대학,사립,서울,C그룹,608,608,0,30,43,16,0,697,9,877,459,0,0,0,0,459,459,0,0,0,0,459,0,0,0,0,0,0,0,0,0,0,0,459,608,0.800000011920929,877,608,1.399999976158142
2016,396,한국폴리텍Ⅰ대학서울정수캠퍼스,전문대학,사립,서울,C그룹,1484,1484,0,66,83,15,5,1653,10,292,257,0,11,19,5,292,1267,0,27,243,72,1609,0,0,0,0,0,0,0,0,0,0,0,1267,1484,0.8999999761581421,292,1484,0.2000000029802322
2016,397,한국폴리텍Ⅰ대학성남캠퍼스,전문대학,사립,경기,C그룹,1027,1027,0,44,48,12,4,1135,7,587,147,0,18,0,0,165,428,0,125,0,0,553,0,0,0,0,0,0,0,0,0,0,0,428,1027,0.4000000059604645,587,1027,0.6000000238418579
2016,398,한국폴리텍Ⅰ대학제주캠퍼스,전문대학,사립,제주,C그룹,0,0,0,0,0,0,0,0,0,0,0,0,0,0,0,0,0,0,0,0,0,0,0,0,0,0,0,0,0,0,0,0,0,0,0,0.0,0,0,0.0
2016,399,한국폴리텍Ⅱ대학남인천캠퍼스,전문대학,사립,인천,C그룹,0,0,0,0,0,0,0,0,0,0,0,0,0,0,0,0,0,0,0,0,0,0,0,0,0,0,0,0,0,0,0,0,0,0,0,0.0,0,0,0.0
2016,400,한국폴리텍Ⅱ대학인천캠퍼스,전문대학,사립,인천,C그룹,2360,2360,0,101,98,16,0,2575,16,0,690,0,63,2,0,755,717,0,2,6,0,725,0,0,3,5,0,0,0,0,0,0,0,717,2360,0.3000000119209289,0,2360,0.0
2016,401,한국폴리텍Ⅱ대학화성캠퍼스,전문대학,사립,경기,C그룹,0,0,0,0,0,0,0,0,0,0,0,0,0,0,0,0,0,0,0,0,0,0,0,0,0,0,0,0,0,0,0,0,0,0,0,0.0,0,0,0.0
2016,402,한국폴리텍Ⅲ대학강릉캠퍼스,전문대학,사립,강원,C그룹,97,97,0,4,12,7,21,141,2,617,74,0,11,11,5,101,492,0,60,61,66,679,0,0,0,0,0,0,0,0,0,0,0,492,97,5.099999904632568,617,97,6.400000095367432
2016,403,한국폴리텍Ⅲ대학원주캠퍼스,전문대학,사립,강원,C그룹,0,0,0,0,0,0,0,0,0,0,0,0,0,0,0,0,0,0,0,0,0,0,0,0,0,0,0,0,0,0,0,0,0,0,0,0.0,0,0,0.0
2016,404,한국폴리텍Ⅲ대학춘천캠퍼스,전문대학,사립,강원,C그룹,386,386,0,25,21,13,4,449,6,872,227,0,0,52,0,279,313,0,0,107,0,420,0,0,0,0,0,0,0,0,0,0,0,313,386,0.800000011920929,872,386,2.299999952316284
2016,405,한국폴리텍Ⅳ대학대전캠퍼스,전문대학,사립,대전,C그룹,1076,1076,0,53,58,14,120,1321,6,500,263,0,21,0,0,284,781,0,107,0,0,888,0,0,0,0,0,0,0,0,0,0,0,781,1076,0.699999988079071,500,1076,0.5
2016,406,한국폴리텍Ⅳ대학아산캠퍼스,전문대학,사립,충남,C그룹,553,553,0,31,33,7,20,644,8,138,75,0,2,36,0,113,194,0,100,0,0,294,0,0,0,0,0,0,0,0,0,0,0,194,553,0.4000000059604645,138,553,0.2000000029802322
2016,407,한국폴리텍Ⅳ대학청주캠퍼스,전문대학,사립,충북,C그룹,803,803,0,34,38,10,3,888,5,3,327,0,5,0,0,332,327,0,5,0,0,332,0,0,0,0,0,0,0,0,0,0,0,327,803,0.4000000059604645,3,803,0.0
2016,408,한국폴리텍Ⅳ대학충남캠퍼스,전문대학,사립,충남,C그룹,272,272,0,17,13,8,2,312,4,721,192,0,8,3,0,203,322,0,52,12,0,386,0,0,0,0,0,0,0,0,0,0,0,322,272,1.2000000476837158,721,272,2.700000047683716
2016,409,한국폴리텍Ⅴ대학광주캠퍼스,전문대학,사립,광주,C그룹,808,808,0,34,43,17,0,902,10,2600,80,0,25,10,0,115,238,0,156,101,0,495,0,0,0,0,0,0,0,0,0,0,0,238,808,0.3000000119209289,2600,808,3.200000047683716
2016,410,한국폴리텍Ⅴ대학순천캠퍼스,전문대학,사립,전남,C그룹,0,0,0,0,0,0,0,0,0,0,0,0,0,0,0,0,0,0,0,0,0,0,0,0,0,0,0,0,0,0,0,0,0,0,0,0.0,0,0,0.0
2016,411,한국폴리텍Ⅴ대학익산캠퍼스,전문대학,사립,전북,C그룹,100,100,0,9,5,9,16,139,1,540,20,0,3,8,0,31,43,0,28,59,0,130,0,0,0,0,0,0,0,0,0,0,0,43,100,0.4000000059604645,540,100,5.400000095367432
2016,412,한국폴리텍Ⅴ대학전남캠퍼스,전문대학,사립,전남,C그룹,289,289,0,21,18,12,1,341,5,300,123,0,25,6,0,154,255,0,40,8,0,303,0,0,0,0,0,0,0,0,0,2,301,255,289,0.8999999761581421,300,289,1.0
2016,413,한국폴리텍Ⅴ대학전북캠퍼스,전문대학,사립,전북,C그룹,547,547,0,30,20,7,0,604,7,0,120,0,7,11,0,138,260,0,29,132,0,421,0,0,0,0,0,0,0,0,0,0,0,260,547,0.5,0,547,0.0
2016,414,한국폴리텍Ⅵ대학구미캠퍼스,전문대학,사립,경북,C그룹,607,607,0,33,33,9,55,737,5,180,63,0,40,5,0,108,63,0,40,5,0,108,0,0,0,0,0,0,0,0,0,5,150,63,607,0.1000000014901161,180,607,0.3000000119209289
2016,415,한국폴리텍Ⅵ대학대구캠퍼스,전문대학,사립,대구,C그룹,1069,1069,0,53,50,18,5,1195,7,7440,823,0,12,14,0,849,2623,0,139,118,0,2880,0,0,48,235,42,0,0,0,0,13,37,2623,1069,2.5,7440,1069,7.0
2016,416,한국폴리텍Ⅵ대학영남융합기술캠퍼스,전문대학,사립,대구,C그룹,379,379,0,27,26,7,0,439,6,0,107,0,3,4,0,114,451,0,5,20,0,476,0,0,0,0,0,0,0,0,0,0,0,451,379,1.2000000476837158,0,379,0.0
2016,417,한국폴리텍Ⅵ대학영주캠퍼스,전문대학,사립,경북,C그룹,44,44,0,6,6,7,1,64,1,80,80,0,0,0,0,80,80,0,0,0,0,80,0,0,0,0,0,0,0,0,0,0,0,80,44,1.7999999523162842,80,44,1.7999999523162842
2016,418,한국폴리텍Ⅶ대학동부산캠퍼스,전문대학,사립,부산,C그룹,0,0,0,0,0,0,0,0,0,0,0,0,0,0,0,0,0,0,0,0,0,0,0,0,0,0,0,0,0,0,0,0,0,0,0,0.0,0,0,0.0
2016,419,한국폴리텍Ⅶ대학부산캠퍼스,전문대학,사립,부산,C그룹,1042,1042,0,39,50,11,17,1159,7,989,924,0,39,9,17,989,333,0,135,23,27,518,0,0,0,0,0,0,0,0,0,0,0,333,1042,0.3000000119209289,989,1042,0.8999999761581421
2016,420,한국폴리텍Ⅶ대학울산캠퍼스,전문대학,사립,울산,C그룹,881,881,0,36,46,12,0,975,8,207,48,0,5,6,0,59,193,0,19,38,0,250,0,0,0,0,0,0,0,0,0,0,0,193,881,0.2000000029802322,207,881,0.2000000029802322
2016,421,한국폴리텍Ⅶ대학진주캠퍼스,전문대학,사립,경남,C그룹,0,0,0,0,0,0,0,0,0,0,0,0,0,0,0,0,0,0,0,0,0,0,0,0,0,0,0,0,0,0,0,0,0,0,0,0.0,0,0,0.0
2016,422,한국폴리텍Ⅶ대학창원캠퍼스,전문대학,사립,경남,C그룹,1477,1477,0,56,66,23,0,1622,12,1680,107,0,0,0,0,107,145,0,14,28,0,187,0,0,0,0,0,0,0,0,0,0,0,145,1477,0.1000000014901161,1680,1477,1.100000023841858
2016,423,한국폴리텍특성화 로봇캠퍼스,전문대학,사립,경북,C그룹,0,0,0,0,0,0,0,0,0,0,0,0,0,0,0,0,0,0,0,0,0,0,0,0,0,0,0,0,0,0,0,0,0,0,0,0.0,0,0,0.0
2016,424,한국폴리텍특성화 바이오캠퍼스,전문대학,사립,충남,C그룹,377,377,0,23,16,10,0,426,6,705,75,0,6,6,0,87,180,0,53,32,0,265,0,0,0,0,0,0,0,0,0,0,0,180,377,0.5,705,377,1.899999976158142
2016,425,한국폴리텍특성화 반도체융합캠퍼스,전문대학,사립,경기,C그룹,545,545,0,28,40,9,17,639,7,97,83,0,3,9,2,97,366,0,32,312,36,746,0,0,0,0,0,0,0,0,0,0,0,366,545,0.699999988079071,97,545,0.2000000029802322
2016,426,한국폴리텍특성화 항공캠퍼스,전문대학,사립,경남,C그룹,566,566,0,27,24,9,0,626,6,305,480,0,28,7,0,515,300,0,38,11,1,350,0,0,0,0,0,0,0,0,0,2,2,300,566,0.5,305,566,0.5
2016,427,한국학대학원,대학원대학,국립,경기,-,0,0,0,0,0,0,0,0,0,0,0,0,0,0,0,0,0,0,0,0,0,0,0,0,0,0,0,0,0,0,0,0,0,0,0,0.0,0,0,0.0
2016,428,한국항공대학교,대학,사립,경기,C그룹,4616,4127,489,152,123,222,688,5801,11,537602,2713,251,80,89,392,3525,23448,2897,1035,1304,1422,30106,0,0,790,441,82,20,21,269,22,6,280,26345,4616,5.699999809265137,537602,4616,116.5
2016,429,한남대학교,대학,사립,대전,A그룹,13290,12224,1066,434,649,229,787,15389,47,1042478,6886,418,307,275,403,8289,67920,7133,9193,4519,6326,95091,0,0,1641,1,845,228,128,658,101,66,5651,75053,13290,5.599999904632568,1042478,13290,78.4000015258789
2016,430,한동대학교,대학,사립,경북,C그룹,4359,3990,369,144,169,131,21,4824,14,245152,4007,333,90,173,20,4623,64008,4223,2345,3412,490,74478,0,0,5158,1135,567,0,0,115,13,7,570,68231,4359,15.699999809265137,245152,4359,56.20000076293945
2016,431,한라대학교,대학,사립,강원,C그룹,4120,4083,37,137,145,86,0,4488,20,171188,868,0,56,66,0,990,3314,0,530,664,602,5110,0,0,324,168,37,0,0,50,1,39,1246,3314,4120,0.800000011920929,171188,4120,41.59999847412109
2016,432,한려대학교,대학,사립,전남,C그룹,721,671,50,58,5,17,0,801,14,964,194,3,7,3,0,207,796,24,41,11,0,872,0,0,21,9,0,0,0,0,0,0,0,820,721,1.100000023841858,964,721,1.2999999523162842
2016,433,한림국제대학원대학교,대학원대학,사립,서울,-,193,0,193,17,51,11,0,272,5,1510,0,36,2,1,0,39,0,75,18,0,0,93,0,0,5,25,0,2,2,2,2,0,0,75,193,0.4000000059604645,1510,193,7.800000190734863
2016,434,한림대학교,대학,사립,강원,B그룹,9001,8277,724,799,404,203,2006,12413,32,725622,6409,418,437,370,207,7841,88774,7432,13401,9986,7911,127504,0,0,3434,764,55,72,153,471,532,46,2495,96206,9001,10.699999809265137,725622,9001,80.5999984741211
2016,435,한림성심대학교,전문대학,사립,강원,B그룹,3315,3315,0,89,246,61,924,4635,27,193417,1292,0,58,48,199,1597,9058,0,749,525,6337,16669,0,0,34,41,125,2,3,4,0,13,1193,9058,3315,2.700000047683716,193417,3315,58.29999923706055
2016,436,한민학교,대학,사립,충남,C그룹,0,0,0,0,0,0,0,0,0,0,0,0,0,0,0,0,0,0,0,0,0,0,0,0,0,0,0,0,0,0,0,0,0,0,0,0.0,0,0,0.0
2016,437,한반도국제대학원대학교,대학원대학,사립,서울,-,56,0,56,6,4,3,89,158,2,250,0,45,3,2,6,56,0,343,16,4,8,371,0,0,8,15,0,0,0,0,0,0,0,343,56,6.099999904632568,250,56,4.5
2016,438,한북대학교,대학,사립,경기,C그룹,0,0,0,0,0,0,0,0,0,0,0,0,0,0,0,0,0,0,0,0,0,0,0,0,0,0,0,0,0,0,0,0,0,0,0,0.0,0,0,0.0
2016,439,한서대학교,대학,사립,충남,B그룹,7903,7401,502,283,298,159,800,9443,50,211990,2051,73,92,62,4,2282,14431,771,1149,1641,7383,25375,0,0,23,13,44,14,32,120,68,37,1594,15202,7903,1.899999976158142,211990,7903,26.799999237060547
2016,440,한성대학교,대학,사립,서울,B그룹,7454,6651,803,260,373,131,1743,9961,32,431948,5856,345,293,359,94,6947,66740,11647,7003,6525,3958,95873,0,0,387,85,507,114,234,331,121,11,2585,78387,7454,10.5,431948,7454,57.900001525878906
2016,441,한세대학교,대학,사립,경기,C그룹,3664,2812,852,131,365,81,68,4309,23,304185,1489,549,108,46,68,2260,10684,6248,1316,580,241,19069,0,0,99,70,55,24,10,24,6,2,57,16932,3664,4.599999904632568,304185,3664,83.0
2016,442,한신대학교,대학,사립,경기,B그룹,5761,5306,455,175,280,128,528,6872,37,250180,3706,382,218,115,84,4505,33393,11496,4700,2249,3053,54891,0,0,1376,3,15,27,139,19,71,2,565,44889,5761,7.800000190734863,250180,5761,43.400001525878906
2016,443,한양대학교,대학,사립,서울,A그룹,22624,15499,7125,1012,2328,660,18899,45523,67,2232806,12471,5996,672,592,248,19979,175321,71121,11578,7670,2613,268303,0,0,9527,21496,675,312,362,753,3430,115,4140,246442,22624,10.899999618530272,2232806,22624,98.6999969482422
2016,444,한양대학교(ERICA),대학,사립,경기,A그룹,10441,9037,1404,386,734,257,425,12243,55,536588,7224,1686,413,376,205,9904,60264,13279,3867,3728,52625,133763,0,0,2619,1605,2956,2463,3495,455,529,65,2122,73543,10441,7.0,536588,10441,51.400001525878906
2016,445,한양여자대학교,전문대학,사립,서울,A그룹,6726,6726,0,181,468,119,0,7494,29,136752,2860,0,93,127,0,3080,16849,0,1298,1885,0,20032,0,0,138,15,28,0,0,0,3,9,2938,16849,6726,2.5,136752,6726,20.299999237060547
2016,446,한영대학교,전문대학,사립,전남,C그룹,1386,1386,0,40,114,21,451,2012,10,25,1098,0,35,9,45,1187,11832,0,554,39,144,12569,0,0,34,84,0,0,0,0,0,1,640,11832,1386,8.5,25,1386,0.0
2016,447,한일장신대학교,대학,사립,전북,C그룹,1217,912,305,45,122,30,113,1527,9,86900,558,226,46,21,14,865,4857,5647,856,358,3250,14968,0,0,192,159,0,61,34,26,5,2,250,10504,1217,8.600000381469727,86900,1217,71.4000015258789
2016,448,한중대학교,대학,사립,강원,C그룹,1145,1062,83,75,79,43,0,1342,19,7290,124,14,22,16,0,176,831,47,63,55,0,996,0,0,10,16,0,0,0,1,0,6,18,878,1145,0.800000011920929,7290,1145,6.400000095367432
2016,449,합동신학대학원대학교,대학원대학,사립,경기,-,304,0,304,23,16,15,2518,2876,5,12288,0,296,27,14,293,630,0,10909,719,230,8305,20163,0,0,504,252,200,62,28,25,21,3,126,10909,304,35.900001525878906,12288,304,40.400001525878906
2016,450,해군사관학교,기타,기타,경남,-,0,0,0,0,0,0,747,747,0,14556,685,0,71,283,392,1431,8943,0,594,3836,9237,22610,0,0,0,0,0,110,0,57,0,3,810,8943,0,0.0,14556,0,0.0
2016,451,협성대학교,대학,사립,경기,C그룹,4894,4455,439,158,308,74,123,5557,31,264620,2400,211,90,46,40,2787,19708,2883,1981,1161,929,26662,0,0,3150,1083,45,35,11,59,16,13,1895,22591,4894,4.599999904632568,264620,4894,54.09999847412109
2016,452,혜전대학교,전문대학,사립,충남,B그룹,3126,3126,0,85,205,51,87,3554,23,59099,1584,0,55,60,58,1757,12700,0,901,1379,774,15754,0,0,0,150,1,11,0,62,62,0,2720,12700,3126,4.099999904632568,59099,3126,18.899999618530277
2016,453,호남대학교,대학,사립,광주,B그룹,8000,7376,624,278,131,140,0,8549,46,287602,1761,62,129,98,0,2050,8061,557,1823,1199,2618,14258,0,0,0,0,0,0,0,41,39,26,1473,8618,8000,1.100000023841858,287602,8000,36.0
2016,454,호남신학대학교,대학,사립,광주,C그룹,986,541,445,38,76,24,402,1526,3,85227,406,432,45,19,131,1033,2455,6477,704,150,2368,12154,0,0,0,0,0,0,0,16,6,10,185,8932,986,9.100000381469728,85227,986,86.4000015258789
2016,455,호산대학교,전문대학,사립,경북,C그룹,2001,2001,0,74,154,29,0,2258,12,9768,365,0,74,46,0,485,1739,0,1443,1954,0,5136,0,0,11,10,0,2,0,3,0,0,0,1739,2001,0.8999999761581421,9768,2001,4.900000095367432
2016,456,호서대학교,대학,사립,충남,A그룹,13785,12518,1267,478,436,206,4155,19060,84,1014027,6026,321,223,272,213,7055,43219,3566,4717,8920,3728,64150,0,0,48,48,44,78,33,208,59,16,164,46785,13785,3.400000095367432,1014027,13785,73.5999984741211
2016,457,호원대학교,대학,사립,전북,B그룹,5782,5782,0,187,365,86,229,6649,36,55844,828,0,35,54,9,926,5790,0,528,1143,10585,18046,0,0,0,0,0,20,9,72,1,27,883,5790,5782,1.0,55844,5782,9.699999809265137
2016,458,홍익대학교,대학,사립,서울,A그룹,21953,18346,3607,742,834,473,11170,35172,74,1982440,12505,2188,514,381,1134,16722,109200,35129,8792,7063,9659,169843,0,0,17365,9260,10652,2762,2097,265,573,26,1820,144329,21953,6.599999904632568,1982440,21953,90.3000030517578
2016,459,화성의과학대학교,대학,사립,경기,C그룹,815,815,0,49,12,15,0,891,13,4400,54,0,0,0,0,54,205,0,0,0,0,205,0,0,0,0,0,0,0,0,0,1,177,205,815,0.3000000119209289,4400,815,5.400000095367432
2016,460,화신사이버대학교,대학,사립,부산,C그룹,1210,1210,0,11,26,23,0,1270,7,1187,1187,0,0,0,0,1187,551,0,0,0,0,551,0,0,0,0,0,0,0,0,0,0,0,551,1210,0.5,1187,1210,1.0
2016,461,횃불트리니티신학대학원대학교,대학원대학,사립,서울,-,445,0,445,25,30,23,215,738,4,727,0,491,28,8,60,587,0,15062,815,74,1060,17011,0,0,864,288,63,43,50,156,11,10,157,15062,445,33.79999923706055,727,445,1.600000023841858
