YR,ID,SNM,STYP,FND,RGN,USC,FACLT_LAS,FACLT_RS_TRS,FACLT_EQP_SPC,FACLT_EQP_UPC,FACLT_EQP_TPC,APS_AR,APS_SCP,APS_APS
2017,1,ICT폴리텍대학,전문대학,사립,경기,C그룹,403,80,1,0,1,403,311,1.2999999523162842
2017,2,가야대학교,대학,사립,경남,C그룹,3318,830,6,32,38,3318,2718,1.2000000476837158
2017,3,가천대학교,대학,사립,경기,A그룹,12577,3228,31,117,148,12577,20737,0.6000000238418579
2017,4,가톨릭관동대학교,대학,사립,강원,B그룹,8226,1388,24,71,95,8226,9332,0.8999999761581421
2017,5,가톨릭꽃동네대학교,대학,사립,충북,C그룹,1727,251,6,24,30,1727,536,3.200000047683716
2017,6,가톨릭대학교,대학,사립,경기,A그룹,17684,3199,65,202,267,17684,10881,1.600000023841858
2017,7,가톨릭상지대학교,전문대학,사립,경북,C그룹,3339,444,10,37,47,3339,1975,1.7000000476837158
2017,8,감리교신학대학교,대학,사립,서울,C그룹,2542,377,8,33,41,2542,1576,1.600000023841858
2017,9,강남대학교,대학,사립,경기,B그룹,5233,961,20,80,100,5233,7325,0.699999988079071
2017,10,강동대학교,전문대학,사립,충북,B그룹,1055,420,4,8,12,1055,4027,0.3000000119209289
2017,11,강릉영동대학교,전문대학,사립,강원,B그룹,2521,600,3,16,19,2521,3008,0.800000011920929
2017,12,강서대학교,대학,사립,서울,C그룹,821,152,6,10,16,821,1604,0.5
2017,13,강원관광대학교,전문대학,사립,강원,C그룹,1092,228,2,21,23,1092,1351,0.800000011920929
2017,14,강원대학교,대학,국립,강원,A그룹,28821,3200,68,322,390,28821,23947,1.2000000476837158
2017,15,강원도립대학교,전문대학,공립,강원,C그룹,1735,188,3,10,13,1735,894,1.899999976158142
2017,16,개신대학원대학교,대학원대학,사립,서울,-,221,38,2,7,9,221,134,1.600000023841858
2017,17,거제대학교,전문대학,사립,경남,C그룹,1464,304,4,19,23,1464,1566,0.8999999761581421
2017,18,건국대학교,대학,사립,서울,A그룹,24695,3675,59,264,323,24695,19902,1.2000000476837158
2017,19,건국대학교(글로컬),대학,사립,충북,B그룹,7463,1644,26,136,162,7463,8761,0.8999999761581421
2017,20,건동대학교,대학,사립,경북,C그룹,0,0,0,0,0,0,0,0.0
2017,21,건신대학원대학교,대학원대학,사립,대전,-,446,60,3,5,8,446,148,3.0
2017,22,건양대학교,대학,사립,충남,B그룹,9895,1774,18,174,192,9895,8593,1.2000000476837158
2017,23,경기과학기술대학교,전문대학,사립,경기,A그룹,3118,447,8,87,95,3118,4483,0.699999988079071
2017,24,경기대학교,대학,사립,경기,A그룹,13909,2363,57,195,252,13909,16377,0.800000011920929
2017,25,경남대학교,대학,사립,경남,A그룹,13303,3023,37,152,189,13303,13489,1.0
2017,26,경남도립거창대학,전문대학,공립,경남,C그룹,823,180,4,15,19,823,889,0.8999999761581421
2017,27,경남도립남해대학,전문대학,공립,경남,C그룹,759,128,3,24,27,759,848,0.8999999761581421
2017,28,경남정보대학교,전문대학,사립,부산,A그룹,7791,1100,13,99,112,7791,6853,1.100000023841858
2017,29,경동대학교,대학,사립,강원,B그룹,10300,1558,6,94,100,10300,7240,1.399999976158142
2017,30,경민대학교,전문대학,사립,경기,B그룹,1596,224,9,19,28,1596,4661,0.3000000119209289
2017,31,경복대학교,전문대학,사립,경기,A그룹,3122,900,8,111,119,3122,6350,0.5
2017,32,경북과학대학교,전문대학,사립,경북,C그룹,1014,252,2,20,22,1014,1902,0.5
2017,33,경북대학교,대학,국립,대구,A그룹,35961,5414,106,330,436,35961,30296,1.2000000476837158
2017,34,경북보건대학교,전문대학,사립,경북,C그룹,726,260,2,21,23,726,1300,0.6000000238418579
2017,35,경북외국어대학교,대학,사립,대구,C그룹,0,0,0,0,0,0,0,0.0
2017,36,경북전문대학교,전문대학,사립,경북,B그룹,3282,314,5,14,19,3282,2562,1.2999999523162842
2017,37,경상국립대학교,대학,국립,경남,A그룹,34812,3516,74,299,373,34812,22867,1.5
2017,38,경성대학교,대학,사립,부산,A그룹,13142,1855,34,126,160,13142,13468,1.0
2017,39,경안대학원대학교,대학원대학,사립,경북,-,118,33,1,1,2,118,73,1.600000023841858
2017,40,경운대학교,대학,사립,경북,C그룹,5912,1282,9,67,76,5912,5066,1.2000000476837158
2017,41,경인교육대학교,대학,국립,인천,C그룹,7926,1573,31,192,223,7926,4246,1.899999976158142
2017,42,경인여자대학교,전문대학,사립,인천,B그룹,2092,410,11,46,57,2092,4894,0.4000000059604645
2017,43,경일대학교,대학,사립,경북,B그룹,7388,1532,12,126,138,7388,7373,1.0
2017,44,경찰대학,기타,기타,충남,-,5497,260,16,36,52,5497,0,0.0
2017,45,경희대학교,대학,사립,서울,A그룹,38026,6465,129,365,494,38026,33327,1.100000023841858
2017,46,계명대학교,대학,사립,대구,A그룹,26094,3501,99,428,527,26094,24537,1.100000023841858
2017,47,계명문화대학교,전문대학,사립,대구,A그룹,5598,852,11,64,75,5598,5179,1.100000023841858
2017,48,계약신학대학원대학교,대학원대학,사립,경기,-,402,58,3,6,9,402,68,5.900000095367432
2017,49,계원예술대학교,전문대학,사립,경기,B그룹,3017,652,8,29,37,3017,2856,1.100000023841858
2017,50,고려대학교,대학,사립,서울,A그룹,49144,7992,197,616,813,49144,29540,1.7000000476837158
2017,51,고려대학교(세종),대학,사립,세종,B그룹,8913,1306,33,112,145,8913,7768,1.100000023841858
2017,52,고려사이버대학교,대학,사립,서울,A그룹,0,0,2,1,3,0,9671,0.0
2017,53,고신대학교,대학,사립,부산,C그룹,7413,1897,26,48,74,7413,5064,1.5
2017,54,공군사관학교,기타,기타,충북,-,3490,0,21,11,32,3490,0,0.0
2017,55,공주교육대학교,대학,국립,충남,C그룹,6537,841,10,45,55,6537,2024,3.200000047683716
2017,56,과학기술연합대학원대학교,대학원대학,국립,대전,-,0,0,0,0,0,0,1235,0.0
2017,57,광신대학교,대학,사립,광주,C그룹,2715,351,5,26,31,2715,949,2.900000095367432
2017,58,광양보건대학교,전문대학,사립,전남,C그룹,1308,310,2,6,8,1308,1520,0.8999999761581421
2017,59,광운대학교,대학,사립,서울,B그룹,10899,1584,35,97,132,10899,9807,1.100000023841858
2017,60,광주가톨릭대학교,대학,사립,전남,C그룹,2883,184,6,18,24,2883,106,27.200000762939453
2017,61,광주과학기술원,대학,국립,광주,C그룹,9052,627,18,46,64,9052,1922,4.699999809265137
2017,62,광주교육대학교,대학,국립,광주,C그룹,5612,726,10,50,60,5612,2190,2.5999999046325684
2017,63,광주대학교,대학,사립,광주,B그룹,15950,1929,20,47,67,15950,7747,2.0999999046325684
2017,64,광주보건대학교,전문대학,사립,광주,B그룹,3830,1126,8,19,27,3830,3968,1.0
2017,65,광주여자대학교,대학,사립,광주,C그룹,6280,1095,16,96,112,6280,4114,1.5
2017,66,구미대학교,전문대학,사립,경북,A그룹,1529,394,6,94,100,1529,5695,0.3000000119209289
2017,67,구세군사관대학원대학교,대학원대학,사립,경기,-,200,24,2,3,5,200,41,4.900000095367432
2017,68,국군간호사관학교,기타,기타,대전,-,1242,88,5,9,14,1242,0,0.0
2017,69,국립강릉원주대학교,대학,국립,강원,B그룹,22222,1783,37,152,189,22222,8685,2.5999999046325684
2017,70,국립경국대학교,대학,국립,경북,B그룹,12421,1706,25,183,208,12421,7914,1.600000023841858
2017,71,국립공주대학교,대학,국립,충남,A그룹,21423,3717,52,132,184,21423,16672,1.2999999523162842
2017,72,국립군산대학교,대학,국립,전북,B그룹,12875,1628,31,107,138,12875,8296,1.600000023841858
2017,73,국립금오공과대학교,대학,국립,경북,B그룹,11316,1678,18,102,120,11316,7131,1.600000023841858
2017,74,국립목포대학교,대학,국립,전남,B그룹,10764,1330,22,52,74,10764,8513,1.2999999523162842
2017,75,국립목포해양대학교,대학,국립,전남,C그룹,4810,556,9,61,70,4810,2748,1.7999999523162842
2017,76,국립부경대학교,대학,국립,부산,A그룹,22549,4405,50,120,170,22549,19611,1.100000023841858
2017,77,국립순천대학교,대학,국립,전남,B그룹,11878,1866,21,79,100,11878,8341,1.399999976158142
2017,78,국립암센터국제암대학원대학교,대학원대학,국립,경기,-,210,56,1,18,19,210,66,3.200000047683716
2017,79,국립창원대학교,대학,국립,경남,B그룹,15603,2283,36,117,153,15603,10088,1.5
2017,80,국립한국교통대학교,대학,국립,충북,B그룹,15409,1822,25,180,205,15409,9302,1.7000000476837158
2017,81,국립한국해양대학교,대학,국립,부산,B그룹,7566,1345,20,94,114,7566,7840,1.0
2017,82,국립한밭대학교,대학,국립,대전,B그룹,10366,1646,24,40,64,10366,8965,1.2000000476837158
2017,83,국민대학교,대학,사립,서울,A그룹,13342,2484,56,116,172,13342,18182,0.699999988079071
2017,84,국방대학교,기타,기타,충남,-,8109,300,29,60,89,8109,0,0.0
2017,85,국제뇌교육종합대학원대학교,대학원대학,사립,충남,-,194,20,1,5,6,194,267,0.699999988079071
2017,86,국제대학교,전문대학,사립,경기,B그룹,658,212,7,28,35,658,4289,0.2000000029802322
2017,87,국제문화대학원대학교,대학원대학,사립,충남,-,0,0,0,0,0,0,0,0.0
2017,88,국제법률경영대학원대학교,대학원대학,사립,경기,-,583,120,0,0,0,583,88,6.599999904632568
2017,89,국제사이버대학교,대학,사립,경기,C그룹,0,0,2,4,6,0,2764,0.0
2017,90,국제언어대학원대학교,대학원대학,사립,서울,-,396,42,2,7,9,396,82,4.800000190734863
2017,91,국제예술대학교,기타,기타,서울,-,45,15,1,6,7,45,0,0.0
2017,92,군산간호대학교,전문대학,사립,전북,C그룹,817,226,3,38,41,817,1112,0.699999988079071
2017,93,군장대학교,전문대학,사립,전북,C그룹,712,328,3,20,23,712,1918,0.4000000059604645
2017,94,극동대학교,대학,사립,충북,C그룹,1957,755,8,71,79,1957,4293,0.5
2017,95,글로벌사이버대학교,대학,사립,충남,C그룹,0,0,0,0,0,0,2133,0.0
2017,96,금강대학교,대학,사립,충남,C그룹,10475,567,9,46,55,10475,548,19.100000381469727
2017,97,기독간호대학교,전문대학,사립,광주,C그룹,369,137,2,3,5,369,637,0.6000000238418579
2017,98,김천대학교,대학,사립,경북,C그룹,2718,830,6,36,42,2718,3758,0.699999988079071
2017,99,김포대학교,전문대학,사립,경기,C그룹,2036,566,6,18,24,2036,3331,0.6000000238418579
2017,100,김해대학교,전문대학,사립,경남,C그룹,1305,241,2,1,3,1305,1378,0.8999999761581421
2017,101,나사렛대학교,대학,사립,충남,B그룹,3653,613,17,49,66,3653,5861,0.6000000238418579
2017,102,나주대학교,전문대학,사립,전남,C그룹,367,150,3,35,38,367,2131,0.2000000029802322
2017,103,남부대학교,대학,사립,광주,C그룹,3000,969,6,21,27,3000,3396,0.8999999761581421
2017,104,남서울대학교,대학,사립,충남,B그룹,15937,1796,19,85,104,15937,10310,1.5
2017,105,농협대학교,전문대학,사립,경기,C그룹,906,93,1,15,16,906,523,1.7000000476837158
2017,106,능인대학원대학교,대학원대학,사립,경기,-,399,42,2,2,4,399,72,5.5
2017,107,단국대학교,대학,사립,경기,A그룹,34167,5449,33,296,329,34167,27070,1.2999999523162842
2017,108,대경대학교,전문대학,사립,경북,B그룹,1176,365,1,18,19,1176,4276,0.3000000119209289
2017,109,대구가톨릭대학교,대학,사립,경북,A그룹,19514,2748,36,191,227,19514,15341,1.2999999523162842
2017,110,대구경북과학기술원,대학,국립,대구,C그룹,11833,719,7,159,166,11833,911,13.0
2017,111,대구공업대학교,전문대학,사립,대구,C그룹,1864,250,4,22,26,1864,1879,1.0
2017,112,대구과학대학교,전문대학,사립,대구,A그룹,5679,1286,6,58,64,5679,4352,1.2999999523162842
2017,113,대구교육대학교,대학,국립,대구,C그룹,5048,1019,15,71,86,5048,2718,1.899999976158142
2017,114,대구대학교,대학,사립,경북,A그룹,21502,2922,62,246,308,21502,20572,1.0
2017,115,대구미래대학교,전문대학,사립,경북,C그룹,0,0,0,0,0,0,0,0.0
2017,116,대구보건대학교,전문대학,사립,대구,A그룹,3918,925,9,31,40,3918,6858,0.6000000238418579
2017,117,대구사이버대학교,대학,사립,경북,C그룹,0,0,3,0,3,0,4382,0.0
2017,118,대구예술대학교,대학,사립,경북,C그룹,527,76,4,36,40,527,1432,0.4000000059604645
2017,119,대구외국어대학교,대학,사립,경북,C그룹,503,168,2,2,4,503,334,1.5
2017,120,대구한의대학교,대학,사립,경북,B그룹,8787,1024,19,77,96,8787,7499,1.2000000476837158
2017,121,대덕대학교,전문대학,사립,대전,C그룹,1398,349,15,41,56,1398,4266,0.3000000119209289
2017,122,대동대학교,전문대학,사립,부산,C그룹,1010,273,2,38,40,1010,1590,0.6000000238418579
2017,123,대림대학교,전문대학,사립,경기,A그룹,4105,924,22,234,256,4105,6517,0.6000000238418579
2017,124,대신대학교,대학,사립,경북,C그룹,2183,278,6,10,16,2183,493,4.400000095367432
2017,125,대원대학교,전문대학,사립,충북,C그룹,1331,475,4,26,30,1331,2667,0.5
2017,126,대전가톨릭대학교,대학,사립,세종,C그룹,1900,276,9,17,26,1900,116,16.399999618530273
2017,127,대전과학기술대학교,전문대학,사립,대전,B그룹,12477,1591,21,75,96,12477,4696,2.700000047683716
2017,128,대전대학교,대학,사립,대전,B그룹,15210,1769,24,146,170,15210,10612,1.399999976158142
2017,129,대전보건대학교,전문대학,사립,대전,A그룹,2988,796,16,48,64,2988,5901,0.5
2017,130,대전신학대학교,대학,사립,대전,C그룹,1991,213,3,12,15,1991,282,7.099999904632568
2017,131,대진대학교,대학,사립,경기,B그룹,13994,1918,18,57,75,13994,8202,1.7000000476837158
2017,132,대한신학대학원대학교,대학원대학,사립,경기,-,204,42,3,1,4,204,327,0.6000000238418579
2017,133,덕성여자대학교,대학,사립,서울,B그룹,11122,1915,35,133,168,11122,6284,1.7999999523162842
2017,134,동강대학교,전문대학,사립,광주,B그룹,4242,1268,8,28,36,4242,3350,1.2999999523162842
2017,135,동국대학교,대학,사립,서울,A그룹,23571,2927,52,109,161,23571,17358,1.399999976158142
2017,136,동국대학교 WISE캠퍼스,대학,사립,경북,B그룹,12744,1613,30,123,153,12744,8669,1.5
2017,137,동남보건대학교,전문대학,사립,경기,A그룹,5665,1044,10,57,67,5665,4892,1.2000000476837158
2017,138,동덕여자대학교,대학,사립,서울,B그룹,8580,1647,27,200,227,8580,7397,1.2000000476837158
2017,139,동명대학교,대학,사립,부산,B그룹,10169,1470,23,58,81,10169,8709,1.2000000476837158
2017,140,동방문화대학원대학교,대학원대학,사립,서울,-,269,30,1,9,10,269,223,1.2000000476837158
2017,141,동부산대학교,전문대학,사립,부산,C그룹,2296,460,6,27,33,2296,2381,1.0
2017,142,동서대학교,대학,사립,부산,B그룹,14345,3203,23,138,161,14345,11432,1.2999999523162842
2017,143,동서울대학교,전문대학,사립,경기,A그룹,4501,847,11,50,61,4501,5715,0.800000011920929
2017,144,동신대학교,대학,사립,전남,B그룹,12927,1120,13,54,67,12927,7627,1.7000000476837158
2017,145,동아대학교,대학,사립,부산,A그룹,13295,2997,58,243,301,13295,21958,0.6000000238418579
2017,146,동아방송예술대학교,전문대학,사립,경기,B그룹,1241,257,7,43,50,1241,3056,0.4000000059604645
2017,147,동아보건대학교,전문대학,사립,전남,C그룹,2013,266,3,20,23,2013,2006,1.0
2017,148,동양대학교,대학,사립,경북,C그룹,5625,877,8,34,42,5625,4585,1.2000000476837158
2017,149,동양미래대학교,전문대학,사립,서울,A그룹,5827,1000,30,133,163,5827,5950,1.0
2017,150,동우대학,전문대학,사립,강원,B그룹,0,0,0,0,0,0,0,0.0
2017,151,동원과학기술대학교,전문대학,사립,경남,B그룹,6133,373,5,65,70,6133,2088,2.900000095367432
2017,152,동원대학교,전문대학,사립,경기,B그룹,1591,162,9,51,60,1591,3841,0.4000000059604645
2017,153,동의과학대학교,전문대학,사립,부산,B그룹,1999,509,6,35,41,1999,5465,0.4000000059604645
2017,154,동의대학교,대학,사립,부산,A그룹,13566,2711,33,98,131,13566,16555,0.800000011920929
2017,155,두원공과대학교,전문대학,사립,경기,B그룹,3653,584,11,73,84,3653,5982,0.6000000238418579
2017,156,디지털서울문화예술대학교,대학,사립,서울,C그룹,0,0,1,2,3,0,3813,0.0
2017,157,루터대학교,대학,사립,경기,C그룹,552,110,5,7,12,552,449,1.2000000476837158
2017,158,마산대학교,전문대학,사립,경남,A그룹,4360,957,9,77,86,4360,5875,0.699999988079071
2017,159,명신대학교,대학,사립,전남,C그룹,0,0,0,0,0,0,0,0.0
2017,160,명지대학교,대학,사립,서울,A그룹,35564,3942,47,390,437,35564,16153,2.200000047683716
2017,161,명지전문대학,전문대학,사립,서울,A그룹,4566,878,10,42,52,4566,6986,0.699999988079071
2017,162,목원대학교,대학,사립,대전,B그룹,9092,1509,22,67,89,9092,9185,1.0
2017,163,목포가톨릭대학교,대학,사립,전남,C그룹,803,195,3,11,14,803,570,1.399999976158142
2017,164,목포과학대학교,전문대학,사립,전남,B그룹,3510,419,5,6,11,3510,2504,1.399999976158142
2017,165,문경대학교,전문대학,사립,경북,C그룹,743,198,3,6,9,743,864,0.8999999761581421
2017,166,배재대학교,대학,사립,대전,B그룹,8736,1598,24,92,116,8736,9896,0.8999999761581421
2017,167,배화여자대학교,전문대학,사립,서울,B그룹,5680,667,6,72,78,5680,3130,1.7999999523162842
2017,168,백석대학교,대학,사립,충남,A그룹,13383,2966,18,136,154,13383,14788,0.8999999761581421
2017,169,백석문화대학교,전문대학,사립,충남,A그룹,3109,404,35,75,110,3109,5873,0.5
2017,170,백석예술대학,전문대학,사립,서울,A그룹,0,0,0,0,0,0,0,0.0
2017,171,백제예술대학교,전문대학,사립,전북,C그룹,1355,135,3,11,14,1355,1754,0.800000011920929
2017,172,베뢰아국제대학원대학교,대학원대학,사립,서울,-,198,16,3,1,4,198,87,2.299999952316284
2017,173,벽성대학,전문대학,사립,전북,C그룹,0,0,0,0,0,0,0,0.0
2017,174,부산가톨릭대학교,대학,사립,부산,C그룹,5686,886,20,57,77,5686,4209,1.399999976158142
2017,175,부산경상대학교,전문대학,사립,부산,B그룹,3823,876,7,42,49,3823,3087,1.2000000476837158
2017,176,부산과학기술대학교,전문대학,사립,부산,B그룹,3117,590,7,45,52,3117,4357,0.699999988079071
2017,177,부산교육대학교,대학,국립,부산,C그룹,6023,818,16,41,57,6023,2546,2.400000095367432
2017,178,부산대학교,대학,국립,부산,A그룹,35855,5450,120,286,406,35855,29618,1.2000000476837158
2017,179,부산디지털대학교,대학,사립,부산,C그룹,50,16,1,3,4,50,2412,0.0
2017,180,부산보건대학교,전문대학,사립,부산,B그룹,2471,657,10,36,46,2471,3472,0.699999988079071
2017,181,부산여자대학교,전문대학,사립,부산,C그룹,5131,549,13,44,57,5131,3056,1.7000000476837158
2017,182,부산예술대학교,전문대학,사립,부산,C그룹,1067,80,3,8,11,1067,862,1.2000000476837158
2017,183,부산외국어대학교,대학,사립,부산,B그룹,12328,2034,25,147,172,12328,9538,1.2999999523162842
2017,184,부산장신대학교,대학,사립,경남,C그룹,1041,206,5,25,30,1041,512,2.0
2017,185,부천대학교,전문대학,사립,경기,A그룹,4606,810,14,81,95,4606,7669,0.6000000238418579
2017,186,삼육대학교,대학,사립,서울,B그룹,6771,1416,21,104,125,6771,6006,1.100000023841858
2017,187,삼육보건대학교,전문대학,사립,서울,C그룹,1280,285,6,45,51,1280,1356,0.8999999761581421
2017,188,상명대학교,대학,사립,서울,A그룹,13456,2226,65,212,277,13456,14952,0.8999999761581421
2017,189,상지대학교,대학,사립,강원,B그룹,11344,1494,26,118,144,11344,7620,1.5
2017,190,상지영서대학교,전문대학,사립,강원,B그룹,2152,379,7,105,112,2152,2854,0.800000011920929
2017,191,서강대학교,대학,사립,서울,A그룹,16051,2832,88,100,188,16051,11174,1.399999976158142
2017,192,서경대학교,대학,사립,서울,B그룹,9012,1538,18,238,256,9012,7190,1.2999999523162842
2017,193,서남대학교,대학,사립,전북,C그룹,1906,538,2,2,4,1906,1758,1.100000023841858
2017,194,서라벌대학교,전문대학,사립,경북,C그룹,1063,354,3,13,16,1063,872,1.2000000476837158
2017,195,서영대학교,전문대학,사립,광주,A그룹,2438,662,6,28,34,2438,5094,0.5
2017,196,서울과학기술대학교,대학,국립,서울,A그룹,14177,2210,36,74,110,14177,12407,1.100000023841858
2017,197,서울과학종합대학원대학교,대학원대학,사립,서울,-,108,35,3,1,4,108,368,0.3000000119209289
2017,198,서울교육대학교,대학,국립,서울,C그룹,4480,823,18,73,91,4480,2996,1.5
2017,199,서울기독대학교,대학,사립,서울,C그룹,614,145,5,9,14,614,761,0.800000011920929
2017,200,서울대학교,대학,국립,서울,A그룹,78226,9448,163,540,703,78226,28630,2.700000047683716
2017,201,서울디지털대학교,대학,사립,서울,A그룹,10,0,1,1,2,10,10833,0.0
2017,202,서울미디어대학원대학교,대학원대학,사립,서울,-,379,76,1,4,5,379,104,3.5999999046325684
2017,203,서울벤처대학원대학교,대학원대학,사립,서울,-,33,10,0,4,4,33,256,0.1000000014901161
2017,204,서울불교대학원대학교,대학원대학,사립,서울,-,218,48,1,3,4,218,172,1.2999999523162842
2017,205,서울사이버대학교,대학,사립,서울,A그룹,122,16,1,4,5,122,11143,0.0
2017,206,서울사회복지대학원대학교,대학원대학,사립,서울,-,158,24,2,1,3,158,96,1.600000023841858
2017,207,서울상담심리대학원대학교,대학원대학,사립,서울,-,429,105,4,6,10,429,97,4.400000095367432
2017,208,서울성경신학대학원대학교,대학원대학,사립,서울,-,252,73,2,3,5,252,86,2.900000095367432
2017,209,서울시립대학교,대학,공립,서울,A그룹,15482,2503,54,193,247,15482,11793,1.2999999523162842
2017,210,서울신학대학교,대학,사립,경기,C그룹,4529,752,39,47,86,4529,3170,1.399999976158142
2017,211,서울여자간호대학교,전문대학,사립,서울,C그룹,1195,319,3,14,17,1195,966,1.2000000476837158
2017,212,서울여자대학교,대학,사립,서울,B그룹,10446,1878,40,128,168,10446,8058,1.2999999523162842
2017,213,서울예술대학교,전문대학,사립,경기,B그룹,1092,144,9,22,31,1092,3136,0.3000000119209289
2017,214,서울외국어대학원대학교,대학원대학,사립,서울,-,73,59,0,0,0,73,155,0.5
2017,215,서울장신대학교,대학,사립,경기,C그룹,1603,336,3,38,41,1603,852,1.899999976158142
2017,216,서울한영대학교,대학,사립,서울,C그룹,1385,216,7,20,27,1385,1090,1.2999999523162842
2017,217,서원대학교,대학,사립,충북,B그룹,8162,1684,17,101,118,8162,7493,1.100000023841858
2017,218,서일대학교,전문대학,사립,서울,A그룹,2519,613,15,37,52,2519,6524,0.4000000059604645
2017,219,서정대학교,전문대학,사립,경기,A그룹,1157,306,7,12,19,1157,4488,0.3000000119209289
2017,220,서해대학,전문대학,사립,전북,C그룹,916,282,3,2,5,916,1247,0.699999988079071
2017,221,선교청대학교,대학,사립,충남,C그룹,0,0,0,0,0,0,0,0.0
2017,222,선린대학교,전문대학,사립,경북,C그룹,1140,385,5,12,17,1140,2606,0.4000000059604645
2017,223,선문대학교,대학,사립,충남,B그룹,12957,2036,29,159,188,12957,10054,1.2999999523162842
2017,224,선학유피대학원대학교,대학원대학,사립,경기,-,1657,69,3,14,17,1657,75,22.100000381469727
2017,225,성결대학교,대학,사립,경기,B그룹,9203,1212,28,95,123,9203,6054,1.5
2017,226,성공회대학교,대학,사립,서울,C그룹,4071,639,11,46,57,4071,2516,1.600000023841858
2017,227,성균관대학교,대학,사립,서울,A그룹,38977,6874,154,765,919,38977,26654,1.5
2017,228,성산효대학원대학교,대학원대학,사립,인천,-,213,24,2,4,6,213,236,0.8999999761581421
2017,229,성서침례대학원대학교,대학원대학,사립,경기,-,528,119,1,2,3,528,49,10.800000190734863
2017,230,성신여자대학교,대학,사립,서울,A그룹,12298,2308,35,130,165,12298,10445,1.2000000476837158
2017,231,성운대학교,전문대학,사립,경북,C그룹,604,160,2,14,16,604,1364,0.4000000059604645
2017,232,성화대학,전문대학,사립,전남,B그룹,0,0,0,0,0,0,0,0.0
2017,233,세경대학교,전문대학,사립,강원,C그룹,449,152,1,4,5,449,941,0.5
2017,234,세계사이버대학,기타,기타,경기,-,0,0,0,0,0,0,0,0.0
2017,235,세명대학교,대학,사립,충북,B그룹,11570,1748,27,138,165,11570,8347,1.399999976158142
2017,236,세종대학교,대학,사립,서울,A그룹,17313,3831,31,403,434,17313,13968,1.2000000476837158
2017,237,세한대학교,대학,사립,충남,C그룹,8564,1184,7,62,69,8564,4261,2.0
2017,238,송곡대학교,전문대학,사립,강원,C그룹,293,80,1,2,3,293,751,0.4000000059604645
2017,239,송원대학교,대학,사립,광주,C그룹,3469,643,7,18,25,3469,2587,1.2999999523162842
2017,240,송호대학교,전문대학,사립,강원,C그룹,736,156,4,16,20,736,1007,0.699999988079071
2017,241,수도국제대학원대학교,대학원대학,사립,서울,-,246,56,2,8,10,246,303,0.800000011920929
2017,242,수성대학교,전문대학,사립,대구,B그룹,2514,630,6,29,35,2514,3715,0.699999988079071
2017,243,수원가톨릭대학교,대학,사립,경기,C그룹,2898,161,6,51,57,2898,197,14.699999809265137
2017,244,수원과학대학교,전문대학,사립,경기,B그룹,4791,834,7,64,71,4791,6214,0.800000011920929
2017,245,수원대학교,대학,사립,경기,B그룹,17762,2325,30,60,90,17762,10917,1.600000023841858
2017,246,수원여자대학교,전문대학,사립,경기,B그룹,2041,323,12,41,53,2041,4466,0.5
2017,247,숙명여자대학교,대학,사립,서울,A그룹,16740,2738,56,267,323,16740,12820,1.2999999523162842
2017,248,순복음대학원대학교,대학원대학,사립,서울,-,135,24,1,2,3,135,146,0.8999999761581421
2017,249,순복음총회신학교,대학,사립,충북,C그룹,210,72,2,0,2,210,345,0.6000000238418579
2017,250,순천제일대학교,전문대학,사립,전남,B그룹,4501,504,5,13,18,4501,2576,1.7000000476837158
2017,251,순천향대학교,대학,사립,충남,A그룹,13011,1980,35,110,145,13011,11771,1.100000023841858
2017,252,숭실대학교,대학,사립,서울,A그룹,11575,2777,37,112,149,11575,15399,0.800000011920929
2017,253,숭실사이버대학교,대학,사립,서울,B그룹,0,0,0,0,0,0,5239,0.0
2017,254,숭의여자대학교,전문대학,사립,서울,B그룹,1249,285,11,27,38,1249,3509,0.4000000059604645
2017,255,신경주대학교,대학,사립,경북,C그룹,3409,643,8,33,41,3409,2326,1.5
2017,256,신구대학교,전문대학,사립,경기,A그룹,5567,1558,8,68,76,5567,6761,0.800000011920929
2017,257,신라대학교,대학,사립,부산,B그룹,10720,2045,24,163,187,10720,10544,1.0
2017,258,신성대학교,전문대학,사립,충남,B그룹,3622,1111,9,45,54,3622,4025,0.8999999761581421
2017,259,신안산대학교,전문대학,사립,경기,B그룹,3522,476,9,15,24,3522,4371,0.800000011920929
2017,260,신한대학교,대학,사립,경기,B그룹,7293,1354,17,87,104,7293,6047,1.2000000476837158
2017,261,신흥대학교,전문대학,사립,경기,A그룹,0,0,0,0,0,0,0,0.0
2017,262,실천신학대학원대학교,대학원대학,사립,경기,-,117,25,1,1,2,117,57,2.0999999046325684
2017,263,아신대학교,대학,사립,경기,C그룹,2061,469,4,21,25,2061,1479,1.399999976158142
2017,264,아주대학교,대학,사립,경기,A그룹,17516,2829,60,107,167,17516,14042,1.2000000476837158
2017,265,아주자동차대학교,전문대학,사립,충남,C그룹,412,183,4,6,10,412,1004,0.4000000059604645
2017,266,안동과학대학교,전문대학,사립,경북,B그룹,7391,614,6,56,62,7391,2813,2.5999999046325684
2017,267,안산대학교,전문대학,사립,경기,A그룹,4412,714,15,72,87,4412,4557,1.0
2017,268,안양대학교,대학,사립,경기,B그룹,4858,1100,20,66,86,4858,5336,0.8999999761581421
2017,269,에스라성경대학원대학교,대학원대학,사립,경기,-,135,100,1,2,3,135,60,2.299999952316284
2017,270,여주대학교,전문대학,사립,경기,B그룹,6727,920,6,61,67,6727,5585,1.2000000476837158
2017,271,연성대학교,전문대학,사립,경기,A그룹,2924,526,15,65,80,2924,5943,0.5
2017,272,연세대학교,대학,사립,서울,A그룹,68830,7044,187,937,1124,68830,31007,2.200000047683716
2017,273,연세대학교(미래),대학,사립,강원,B그룹,10486,1781,45,288,333,10486,8145,1.2999999523162842
2017,274,연암공과대학교,전문대학,사립,경남,C그룹,1533,324,2,20,22,1533,1241,1.2000000476837158
2017,275,연암대학교,전문대학,사립,충남,C그룹,1828,235,5,22,27,1828,1079,1.7000000476837158
2017,276,영남대학교,대학,사립,경북,A그룹,32214,4311,81,304,385,32214,25124,1.2999999523162842
2017,277,영남사이버대학교,대학,사립,경북,C그룹,0,0,0,0,0,0,0,0.0
2017,278,영남신학대학교,대학,사립,경북,C그룹,3914,562,5,34,39,3914,701,5.599999904632568
2017,279,영남외국어대학,전문대학,사립,경북,C그룹,906,147,2,12,14,906,799,1.100000023841858
2017,280,영남이공대학교,전문대학,사립,대구,A그룹,3851,616,6,66,72,3851,5980,0.6000000238418579
2017,281,영산대학교,대학,사립,경남,B그룹,11098,2167,25,190,215,11098,7293,1.5
2017,282,영산선학대학교,대학,사립,전남,C그룹,416,20,2,1,3,416,38,10.899999618530272
2017,283,영진전문대학교,전문대학,사립,대구,A그룹,4347,1025,17,89,106,4347,7799,0.6000000238418579
2017,284,예명대학원대학교,대학원대학,사립,서울,-,284,50,1,2,3,284,124,2.299999952316284
2017,285,예수대학교,대학,사립,전북,C그룹,1076,234,5,16,21,1076,575,1.899999976158142
2017,286,예원예술대학교,대학,사립,전북,C그룹,946,200,4,12,16,946,1182,0.800000011920929
2017,287,오산대학교,전문대학,사립,경기,A그룹,2685,518,9,72,81,2685,4823,0.6000000238418579
2017,288,온석대학원대학교,대학원대학,사립,경기,-,199,24,1,3,4,199,244,0.800000011920929
2017,289,용인대학교,대학,사립,경기,B그룹,7677,835,22,166,188,7677,7183,1.100000023841858
2017,290,용인예술과학대학교,전문대학,사립,경기,B그룹,2725,560,7,111,118,2725,3980,0.699999988079071
2017,291,우석대학교,대학,사립,전북,B그룹,16996,1876,21,98,119,16996,8462,2.0
2017,292,우송공업대학,전문대학,사립,대전,B그룹,0,0,0,0,0,0,0,0.0
2017,293,우송대학교,대학,사립,대전,A그룹,20454,619,17,107,124,20454,9836,2.0999999046325684
2017,294,우송정보대학,전문대학,사립,대전,B그룹,1272,288,5,46,51,1272,4870,0.3000000119209289
2017,295,울산과학기술원,대학,국립,울산,C그룹,10657,1017,17,104,121,10657,4475,2.400000095367432
2017,296,울산과학대학교,전문대학,사립,울산,A그룹,5221,1515,15,91,106,5221,4733,1.100000023841858
2017,297,울산대학교,대학,사립,울산,A그룹,22112,3504,48,167,215,22112,14544,1.5
2017,298,웅지세무대학교,전문대학,사립,경기,C그룹,999,430,2,0,2,999,1758,0.6000000238418579
2017,299,원광대학교,대학,사립,전북,A그룹,18692,2598,65,148,213,18692,17286,1.100000023841858
2017,300,원광보건대학교,전문대학,사립,전북,B그룹,2146,607,8,4,12,2146,4718,0.5
2017,301,원불교대학원대학교,대학원대학,사립,전북,-,379,42,1,2,3,379,62,6.099999904632568
2017,302,웨스트민스터신학대학원대학교,대학원대학,사립,경기,-,481,100,3,4,7,481,401,1.2000000476837158
2017,303,위덕대학교,대학,사립,경북,C그룹,5933,908,8,29,37,5933,3485,1.7000000476837158
2017,304,유원대학교,대학,사립,충북,C그룹,2886,640,8,52,60,2886,3792,0.800000011920929
2017,305,유한대학교,전문대학,사립,경기,A그룹,3633,677,15,78,93,3633,4892,0.699999988079071
2017,306,육군사관학교,기타,기타,서울,-,6600,500,23,27,50,6600,0,0.0
2017,307,을지대학교,대학,사립,대전,B그룹,5605,1582,14,91,105,5605,5348,1.0
2017,308,이화여자대학교,대학,사립,서울,A그룹,22616,4048,94,290,384,22616,21552,1.0
2017,309,인덕대학교,전문대학,사립,서울,A그룹,4164,816,13,20,33,4164,6314,0.699999988079071
2017,310,인제대학교,대학,사립,경남,B그룹,14691,2513,43,294,337,14691,11407,1.2999999523162842
2017,311,인제대학원대학교,대학원대학,사립,서울,-,0,0,0,0,0,0,0,0.0
2017,312,인천가톨릭대학교,대학,사립,인천,C그룹,3260,234,5,22,27,3260,879,3.700000047683716
2017,313,인천대학교,대학,국립,인천,A그룹,14219,1845,30,184,214,14219,13822,1.0
2017,314,인천전문대학,전문대학,공립,인천,A그룹,0,0,0,0,0,0,0,0.0
2017,315,인하공업전문대학,전문대학,사립,인천,A그룹,2090,406,14,101,115,2090,6616,0.3000000119209289
2017,316,인하대학교,대학,사립,인천,A그룹,26533,3930,79,313,392,26533,20613,1.2999999523162842
2017,317,장로회신학대학교,대학,사립,서울,C그룹,5084,484,21,31,52,5084,2244,2.299999952316284
2017,318,장안대학교,전문대학,사립,경기,B그룹,5573,1197,9,18,27,5573,6041,0.8999999761581421
2017,319,재능대학교,전문대학,사립,인천,B그룹,1386,131,6,85,91,1386,3789,0.4000000059604645
2017,320,전남과학대학교,전문대학,사립,전남,B그룹,2213,828,5,51,56,2213,3985,0.6000000238418579
2017,321,전남대학교,대학,국립,광주,A그룹,30178,5230,83,169,252,30178,24944,1.2000000476837158
2017,322,전남도립대학교,전문대학,공립,전남,C그룹,2709,441,9,40,49,2709,1513,1.7999999523162842
2017,323,전북과학대학교,전문대학,사립,전북,C그룹,953,330,2,12,14,953,1647,0.6000000238418579
2017,324,전북대학교,대학,국립,전북,A그룹,45010,4609,75,421,496,45010,22932,2.0
2017,325,전주교육대학교,대학,국립,전북,C그룹,4731,760,18,58,76,4731,1468,3.200000047683716
2017,326,전주기전대학,전문대학,사립,전북,C그룹,702,187,2,2,4,702,1903,0.4000000059604645
2017,327,전주대학교,대학,사립,전북,A그룹,10997,1674,28,171,199,10997,12460,0.8999999761581421
2017,328,전주비전대학교,전문대학,사립,전북,B그룹,1633,182,6,28,34,1633,3494,0.5
2017,329,제네바신학대학원대학교,대학원대학,사립,경기,-,330,60,2,2,4,330,0,0.0
2017,330,제주관광대학교,전문대학,사립,제주,C그룹,1274,287,3,8,11,1274,2300,0.6000000238418579
2017,331,제주국제대학교,대학,사립,제주,C그룹,1504,128,4,21,25,1504,1764,0.8999999761581421
2017,332,제주대학교,대학,국립,제주,A그룹,14621,2503,71,118,189,14621,12421,1.2000000476837158
2017,333,제주한라대학교,전문대학,사립,제주,A그룹,1790,830,6,37,43,1790,4951,0.4000000059604645
2017,334,조선간호대학교,전문대학,사립,광주,C그룹,689,290,2,12,14,689,806,0.8999999761581421
2017,335,조선대학교,대학,사립,광주,A그룹,21344,3375,95,267,362,21344,22282,1.0
2017,336,조선이공대학교,전문대학,사립,광주,B그룹,1870,453,4,24,28,1870,3511,0.5
2017,337,주안대학원대학교,대학원대학,사립,인천,-,385,100,2,6,8,385,60,6.400000095367432
2017,338,중부대학교,대학,사립,충남,B그룹,8592,1519,17,99,116,8592,9717,0.8999999761581421
2017,339,중앙대학교,대학,사립,서울,A그룹,33174,5575,78,343,421,33174,28873,1.100000023841858
2017,340,중앙승가대학교,대학,사립,경기,C그룹,4487,349,7,57,64,4487,273,16.399999618530273
2017,341,중원대학교,대학,사립,충북,C그룹,3470,578,5,17,22,3470,3610,1.0
2017,342,진주교육대학교,대학,국립,경남,C그룹,3425,901,12,54,66,3425,1769,1.899999976158142
2017,343,진주보건대학교,전문대학,사립,경남,B그룹,3319,740,7,90,97,3319,2877,1.2000000476837158
2017,344,차의과학대학교,대학,사립,경기,C그룹,3300,947,10,30,40,3300,2695,1.2000000476837158
2017,345,창신대학교,대학,사립,경남,C그룹,7387,788,10,61,71,7387,1583,4.699999809265137
2017,346,창원문성대학교,전문대학,사립,경남,C그룹,3108,702,8,46,54,3108,3617,0.8999999761581421
2017,347,청강문화산업대학교,전문대학,사립,경기,B그룹,3005,485,11,25,36,3005,3709,0.800000011920929
2017,348,청암대학교,전문대학,사립,전남,B그룹,2002,420,4,8,12,2002,2834,0.699999988079071
2017,349,청운대학교,대학,사립,충남,B그룹,10237,1158,20,92,112,10237,6957,1.5
2017,350,청주교육대학교,대학,국립,충북,C그룹,3287,993,10,95,105,3287,1703,1.899999976158142
2017,351,청주대학교,대학,사립,충북,A그룹,15512,2870,35,185,220,15512,12559,1.2000000476837158
2017,352,초당대학교,대학,사립,전남,C그룹,8654,820,10,56,66,8654,3412,2.5
2017,353,총신대학교,대학,사립,서울,C그룹,8795,1808,22,77,99,8795,4119,2.0999999046325684
2017,354,추계예술대학교,대학,사립,서울,C그룹,899,135,8,13,21,899,1390,0.6000000238418579
2017,355,춘천교육대학교,대학,국립,강원,C그룹,5068,756,9,44,53,5068,1837,2.799999952316284
2017,356,춘해보건대학교,전문대학,사립,울산,B그룹,866,483,3,14,17,866,2635,0.3000000119209289
2017,357,충남대학교,대학,국립,대전,A그룹,26797,4298,54,142,196,26797,24200,1.100000023841858
2017,358,충남도립대학교,전문대학,공립,충남,C그룹,2886,542,10,34,44,2886,1104,2.5999999046325684
2017,359,충북대학교,대학,국립,충북,A그룹,19138,3103,64,165,229,19138,17884,1.100000023841858
2017,360,충북도립대학교,전문대학,공립,충북,C그룹,583,150,3,3,6,583,963,0.6000000238418579
2017,361,충북보건과학대학교,전문대학,사립,충북,B그룹,1725,429,4,10,14,1725,2775,0.6000000238418579
2017,362,충청대학교,전문대학,사립,충북,B그룹,5744,595,9,35,44,5744,4837,1.2000000476837158
2017,363,치유상담대학원대학교,대학원대학,사립,서울,-,210,40,2,3,5,210,191,1.100000023841858
2017,364,칼빈대학교,대학,사립,경기,C그룹,830,203,4,9,13,830,715,1.2000000476837158
2017,365,탐라대학교,대학,사립,제주,C그룹,0,0,0,0,0,0,0,0.0
2017,366,평택대학교,대학,사립,경기,C그룹,4571,600,14,76,90,4571,4645,1.0
2017,367,포항공과대학교,대학,사립,경북,C그룹,22241,1303,19,78,97,22241,3238,6.900000095367432
2017,368,포항대학교,전문대학,사립,경북,C그룹,1446,126,3,2,5,1446,2224,0.699999988079071
2017,369,한경국립대학교,대학,국립,경기,B그룹,11020,1550,22,89,111,11020,7103,1.600000023841858
2017,370,한국개발연구원국제정책대학원대학교,대학원대학,사립,세종,-,4052,268,12,96,108,4052,754,5.400000095367432
2017,371,한국골프과학기술대학교,전문대학,사립,강원,C그룹,606,126,2,8,10,606,453,1.2999999523162842
2017,372,한국공학대학교,대학,사립,경기,B그룹,4131,1152,19,63,82,4131,8108,0.5
2017,373,한국과학기술원,대학,국립,대전,A그룹,19426,816,59,36,95,19426,10633,1.7999999523162842
2017,374,한국관광대학교,전문대학,사립,경기,C그룹,1806,459,7,35,42,1806,2025,0.8999999761581421
2017,375,한국교원대학교,대학,국립,충북,B그룹,9143,1141,36,60,96,9143,5709,1.600000023841858
2017,376,한국국제대학교,대학,사립,경남,C그룹,3653,1145,6,43,49,3653,3682,1.0
2017,377,한국기술교육대학교,대학,사립,충남,C그룹,9700,2040,16,107,123,9700,4871,2.0
2017,378,한국농수산대학교,전문대학,국립,전북,C그룹,1195,108,8,3,11,1195,1180,1.0
2017,379,한국방송통신대학교,대학,국립,서울,A그룹,17730,3770,124,399,523,17730,125385,0.1000000014901161
2017,380,한국복지사이버대학교,전문대학,사립,경북,B그룹,31,3,0,3,3,31,1675,0.0
2017,381,한국상담대학원대학교,대학원대학,사립,서울,-,369,79,2,14,16,369,199,1.899999976158142
2017,382,한국성서대학교,대학,사립,서울,C그룹,1468,279,5,28,33,1468,1222,1.2000000476837158
2017,383,한국승강기대학교,전문대학,사립,경남,C그룹,700,184,3,6,9,700,592,1.2000000476837158
2017,384,한국에너지공과대학교,대학,국립,전남,C그룹,0,0,0,0,0,0,0,0.0
2017,385,한국열린사이버대학교,대학,사립,서울,B그룹,0,0,0,0,0,0,4003,0.0
2017,386,한국영상대학교,전문대학,사립,세종,B그룹,1437,268,3,60,63,1437,3445,0.4000000059604645
2017,387,한국예술종합학교,대학,국립,서울,C그룹,5564,395,29,90,119,5564,2583,2.200000047683716
2017,388,한국외국어대학교,대학,사립,서울,A그룹,18521,4153,57,178,235,18521,19131,1.0
2017,389,한국전력국제원자력대학원대학교,대학원대학,사립,울산,-,150,62,2,6,8,150,105,1.399999976158142
2017,390,한국전통문화대학교,대학,국립,충남,C그룹,4182,398,13,28,41,4182,676,6.199999809265137
2017,391,한국정보통신대학교,대학,사립,대전,C그룹,0,0,0,0,0,0,0,0.0
2017,392,한국철도대학,전문대학,국립,경기,C그룹,0,0,0,0,0,0,0,0.0
2017,393,한국체육대학교,대학,국립,서울,C그룹,2192,314,9,15,24,2192,3047,0.699999988079071
2017,394,한국침례신학대학교,대학,사립,대전,C그룹,3863,465,15,21,36,3863,2406,1.600000023841858
2017,395,한국폴리텍Ⅰ대학서울강서캠퍼스,전문대학,사립,서울,C그룹,107,25,2,3,5,107,608,0.2000000029802322
2017,396,한국폴리텍Ⅰ대학서울정수캠퍼스,전문대학,사립,서울,C그룹,396,90,2,4,6,396,1484,0.3000000119209289
2017,397,한국폴리텍Ⅰ대학성남캠퍼스,전문대학,사립,경기,C그룹,328,60,2,0,2,328,1027,0.3000000119209289
2017,398,한국폴리텍Ⅰ대학제주캠퍼스,전문대학,사립,제주,C그룹,37,0,1,0,1,37,17,2.200000047683716
2017,399,한국폴리텍Ⅱ대학남인천캠퍼스,전문대학,사립,인천,C그룹,0,0,0,0,0,0,0,0.0
2017,400,한국폴리텍Ⅱ대학인천캠퍼스,전문대학,사립,인천,C그룹,495,90,1,0,1,495,2360,0.2000000029802322
2017,401,한국폴리텍Ⅱ대학화성캠퍼스,전문대학,사립,경기,C그룹,0,0,0,0,0,0,0,0.0
2017,402,한국폴리텍Ⅲ대학강릉캠퍼스,전문대학,사립,강원,C그룹,234,37,1,1,2,234,97,2.400000095367432
2017,403,한국폴리텍Ⅲ대학원주캠퍼스,전문대학,사립,강원,C그룹,432,116,1,4,5,432,39,11.100000381469728
2017,404,한국폴리텍Ⅲ대학춘천캠퍼스,전문대학,사립,강원,C그룹,308,60,2,3,5,308,386,0.800000011920929
2017,405,한국폴리텍Ⅳ대학대전캠퍼스,전문대학,사립,대전,C그룹,264,80,2,0,2,264,1076,0.2000000029802322
2017,406,한국폴리텍Ⅳ대학아산캠퍼스,전문대학,사립,충남,C그룹,403,182,1,0,1,403,553,0.699999988079071
2017,407,한국폴리텍Ⅳ대학청주캠퍼스,전문대학,사립,충북,C그룹,173,60,2,6,8,173,803,0.2000000029802322
2017,408,한국폴리텍Ⅳ대학충남캠퍼스,전문대학,사립,충남,C그룹,348,110,1,0,1,348,272,1.2999999523162842
2017,409,한국폴리텍Ⅴ대학광주캠퍼스,전문대학,사립,광주,C그룹,7101,180,1,6,7,7101,808,8.800000190734863
2017,410,한국폴리텍Ⅴ대학순천캠퍼스,전문대학,사립,전남,C그룹,0,0,0,0,0,0,0,0.0
2017,411,한국폴리텍Ⅴ대학익산캠퍼스,전문대학,사립,전북,C그룹,70,20,1,0,1,70,100,0.699999988079071
2017,412,한국폴리텍Ⅴ대학전남캠퍼스,전문대학,사립,전남,C그룹,250,55,1,1,2,250,289,0.8999999761581421
2017,413,한국폴리텍Ⅴ대학전북캠퍼스,전문대학,사립,전북,C그룹,325,160,1,0,1,325,547,0.6000000238418579
2017,414,한국폴리텍Ⅵ대학구미캠퍼스,전문대학,사립,경북,C그룹,209,30,1,4,5,209,607,0.3000000119209289
2017,415,한국폴리텍Ⅵ대학대구캠퍼스,전문대학,사립,대구,C그룹,239,120,3,5,8,239,1069,0.2000000029802322
2017,416,한국폴리텍Ⅵ대학영남융합기술캠퍼스,전문대학,사립,대구,C그룹,518,102,1,2,3,518,379,1.399999976158142
2017,417,한국폴리텍Ⅵ대학영주캠퍼스,전문대학,사립,경북,C그룹,33,16,1,0,1,33,44,0.800000011920929
2017,418,한국폴리텍Ⅶ대학동부산캠퍼스,전문대학,사립,부산,C그룹,0,0,0,0,0,0,0,0.0
2017,419,한국폴리텍Ⅶ대학부산캠퍼스,전문대학,사립,부산,C그룹,305,126,2,2,4,305,1042,0.3000000119209289
2017,420,한국폴리텍Ⅶ대학울산캠퍼스,전문대학,사립,울산,C그룹,683,142,1,0,1,683,881,0.800000011920929
2017,421,한국폴리텍Ⅶ대학진주캠퍼스,전문대학,사립,경남,C그룹,0,0,0,0,0,0,0,0.0
2017,422,한국폴리텍Ⅶ대학창원캠퍼스,전문대학,사립,경남,C그룹,1555,270,1,4,5,1555,1477,1.100000023841858
2017,423,한국폴리텍특성화 로봇캠퍼스,전문대학,사립,경북,C그룹,0,0,0,0,0,0,0,0.0
2017,424,한국폴리텍특성화 바이오캠퍼스,전문대학,사립,충남,C그룹,536,87,1,1,2,536,377,1.399999976158142
2017,425,한국폴리텍특성화 반도체융합캠퍼스,전문대학,사립,경기,C그룹,1061,74,1,3,4,1061,545,1.899999976158142
2017,426,한국폴리텍특성화 항공캠퍼스,전문대학,사립,경남,C그룹,375,110,1,1,2,375,566,0.699999988079071
2017,427,한국학대학원,대학원대학,국립,경기,-,0,0,0,0,0,0,0,0.0
2017,428,한국항공대학교,대학,사립,경기,C그룹,5416,1077,13,44,57,5416,4616,1.2000000476837158
2017,429,한남대학교,대학,사립,대전,A그룹,10357,3125,46,329,375,10357,13290,0.800000011920929
2017,430,한동대학교,대학,사립,경북,C그룹,5340,1206,8,33,41,5340,4359,1.2000000476837158
2017,431,한라대학교,대학,사립,강원,C그룹,4079,948,9,28,37,4079,4120,1.0
2017,432,한려대학교,대학,사립,전남,C그룹,2376,180,1,4,5,2376,721,3.299999952316284
2017,433,한림국제대학원대학교,대학원대학,사립,서울,-,113,12,1,1,2,113,193,0.6000000238418579
2017,434,한림대학교,대학,사립,강원,B그룹,18026,2208,35,147,182,18026,9001,2.0
2017,435,한림성심대학교,전문대학,사립,강원,B그룹,3217,584,10,73,83,3217,3315,1.0
2017,436,한민학교,대학,사립,충남,C그룹,0,0,0,0,0,0,0,0.0
2017,437,한반도국제대학원대학교,대학원대학,사립,서울,-,1281,14,1,1,2,1281,56,22.899999618530277
2017,438,한북대학교,대학,사립,경기,C그룹,0,0,0,0,0,0,0,0.0
2017,439,한서대학교,대학,사립,충남,B그룹,8796,1479,17,61,78,8796,7903,1.100000023841858
2017,440,한성대학교,대학,사립,서울,B그룹,11892,1275,15,105,120,11892,7454,1.600000023841858
2017,441,한세대학교,대학,사립,경기,C그룹,4123,516,12,60,72,4123,3664,1.100000023841858
2017,442,한신대학교,대학,사립,경기,B그룹,10150,1505,38,92,130,10150,5761,1.7999999523162842
2017,443,한양대학교,대학,사립,서울,A그룹,25699,4062,134,232,366,25699,22624,1.100000023841858
2017,444,한양대학교(ERICA),대학,사립,경기,A그룹,13174,2139,30,150,180,13174,10441,1.2999999523162842
2017,445,한양여자대학교,전문대학,사립,서울,A그룹,4131,401,14,40,54,4131,6726,0.6000000238418579
2017,446,한영대학교,전문대학,사립,전남,C그룹,314,80,2,6,8,314,1386,0.2000000029802322
2017,447,한일장신대학교,대학,사립,전북,C그룹,2399,320,7,39,46,2399,1217,2.0
2017,448,한중대학교,대학,사립,강원,C그룹,2928,564,4,5,9,2928,1145,2.5999999046325684
2017,449,합동신학대학원대학교,대학원대학,사립,경기,-,1699,189,11,22,33,1699,304,5.599999904632568
2017,450,해군사관학교,기타,기타,경남,-,5497,372,16,23,39,5497,0,0.0
2017,451,협성대학교,대학,사립,경기,C그룹,4327,806,13,113,126,4327,4894,0.8999999761581421
2017,452,혜전대학교,전문대학,사립,충남,B그룹,1922,489,8,15,23,1922,3126,0.6000000238418579
2017,453,호남대학교,대학,사립,광주,B그룹,10669,1667,16,83,99,10669,8000,1.2999999523162842
2017,454,호남신학대학교,대학,사립,광주,C그룹,3236,800,6,18,24,3236,986,3.299999952316284
2017,455,호산대학교,전문대학,사립,경북,C그룹,1245,320,4,17,21,1245,2001,0.6000000238418579
2017,456,호서대학교,대학,사립,충남,A그룹,19591,3399,57,374,431,19591,13785,1.399999976158142
2017,457,호원대학교,대학,사립,전북,B그룹,6115,872,13,38,51,6115,5782,1.100000023841858
2017,458,홍익대학교,대학,사립,서울,A그룹,23113,4927,81,195,276,23113,21953,1.100000023841858
2017,459,화성의과학대학교,대학,사립,경기,C그룹,729,84,2,1,3,729,815,0.8999999761581421
2017,460,화신사이버대학교,대학,사립,부산,C그룹,0,0,0,0,0,0,1210,0.0
2017,461,횃불트리니티신학대학원대학교,대학원대학,사립,서울,-,647,275,4,25,29,647,445,1.5
