ID,SNM,STYP,FND,RGN,USC,SCR_EST_2020,SCR_EST_2021,SCR_EST_2022,SCR_EST_2023,SCR_EST_2024,SCR_EST_2025
1,ICT폴리텍대학,전문대학,사립,경기,C그룹,56.11317522366531,57.27676587445893,56.46344572549678,55.04054252525259,57.0215202222223,57.11082
2,가야대학교,대학,사립,경남,C그룹,66.2558136536232,66.54208144583097,66.8112095826673,66.91989990012762,66.64700349567296,66.650764
3,가천대학교,대학,사립,경기,A그룹,69.0314686831502,69.81175263275611,69.97663231529576,70.44706050577196,68.46090168884332,68.41381
4,가톨릭관동대학교,대학,사립,강원,B그룹,66.76702187731487,66.5692477820768,66.76731208818522,66.84432538183049,66.84880381491517,66.84724
5,가톨릭꽃동네대학교,대학,사립,충북,C그룹,65.46592881828632,64.9243966928627,64.59544163492065,64.6355433754024,65.20473584905348,65.22625
6,가톨릭대학교,대학,사립,경기,A그룹,71.89964459884561,72.62975267765565,72.85377059829057,72.75780491719392,70.3040739004329,70.237946
7,가톨릭상지대학교,전문대학,사립,경북,C그룹,64.053987540628,64.8592324453899,64.9638529215804,64.91918128665976,63.01019600426666,63.017372
8,감리교신학대학교,대학,사립,서울,C그룹,61.712012415047184,62.24164939638142,64.1742604666954,63.180251305800745,61.42905439123764,61.456314
9,강남대학교,대학,사립,경기,B그룹,67.45564846252907,67.14619964857557,67.469895038741,66.38914343867442,67.21496068975664,67.22399
10,강동대학교,전문대학,사립,충북,B그룹,61.04667160051257,61.18367921956018,60.95119067377266,61.78852500937961,63.396541854978466,63.375027
11,강릉영동대학교,전문대학,사립,강원,B그룹,63.485687217560304,62.13848747008552,62.0726335335776,62.15342362193371,62.407700172827255,62.417805
12,강서대학교,대학,사립,서울,C그룹,62.9725251279296,65.5853852233897,64.56168984243735,64.91317048124294,65.33423935880985,65.35864
13,강원관광대학교,전문대학,사립,강원,C그룹,53.61179432683986,62.18297090720395,63.060367192918186,59.176294936508,62.85183715262521,62.84998
14,강원대학교,대학,국립,강원,A그룹,70.18400945815297,71.33789404040404,70.91548784704185,71.19624510822513,68.78489604095903,68.543686
15,강원도립대학교,전문대학,공립,강원,C그룹,66.45512390636681,65.95106560728601,65.86410173427012,65.85255362315901,65.91931494912203,65.92104
16,개신대학원대학교,대학원대학,사립,서울,-,63.23959968448221,62.698817585639006,63.34360624847376,62.88463091897234,63.16593642307694,63.155895
17,거제대학교,전문대학,사립,경남,C그룹,63.84254837301587,64.29473779433451,64.38879091452992,63.60609869665636,64.34404739506908,64.35674
18,건국대학교,대학,사립,서울,A그룹,69.89008789577088,69.28922849256298,71.19687637806634,70.11468448398969,68.18795181962487,68.253
19,건국대학교(글로컬),대학,사립,충북,B그룹,67.33654709603655,67.23464194163539,67.33927074394421,67.38199954123192,65.53548823223157,65.543
20,건동대학교,대학,사립,경북,C그룹,53.61179432683986,53.61179432683987,53.61179432683986,53.61179432683986,53.61179432683986,53.611706
21,건신대학원대학교,대학원대학,사립,대전,-,63.174633063994,63.19660961954957,63.220426397327316,63.950723384615394,63.550544954434535,63.5488
22,건양대학교,대학,사립,충남,B그룹,65.41433941605274,65.0422838820168,65.72077639265508,66.04719504344877,63.80561114400923,63.820595
23,경기과학기술대학교,전문대학,사립,경기,A그룹,64.29197670822748,64.89153072319479,64.31510944300156,64.59593227297832,63.54901845570219,63.549374
24,경기대학교,대학,사립,경기,A그룹,67.23052478241348,67.2462379020521,67.27452503761899,66.93454024197018,66.45995248288321,66.44174
25,경남대학교,대학,사립,경남,A그룹,67.48374936406007,67.11068646293664,67.2289084483723,67.50352334924844,66.93395278738555,66.91386
26,경남도립거창대학,전문대학,공립,경남,C그룹,63.101825050229486,64.63517561877207,64.08994042829588,62.7938440608281,64.14362606515714,64.145424
27,경남도립남해대학,전문대학,공립,경남,C그룹,63.75433068803615,63.38307848024396,63.38114403485407,59.85206016544572,62.788175047343515,62.79229
28,경남정보대학교,전문대학,사립,부산,A그룹,64.13072937969932,63.55171334795328,63.43657158604851,63.82243933208028,64.28939162698417,64.26979
29,경동대학교,대학,사립,강원,B그룹,65.94084188732236,64.92347664370608,65.5276366292761,60.04117256188134,59.32396517276851,59.354816
30,경민대학교,전문대학,사립,경기,B그룹,64.44576953632608,65.37707076806544,65.4049434826841,65.4542922683984,63.971965074314674,63.966927
31,경복대학교,전문대학,사립,경기,A그룹,62.58751192107572,63.49773686191274,62.21600035758368,62.09034341386073,63.35854380635717,63.357082
32,경북과학대학교,전문대학,사립,경북,C그룹,60.993704656068154,60.388510656068156,60.04927864019513,60.54242905289353,62.06052865606813,62.067066
33,경북대학교,대학,국립,대구,A그룹,74.71988985137082,74.93786064013767,74.71077937029636,74.59937604906203,73.37395270851373,73.71961
34,경북보건대학교,전문대학,사립,경북,C그룹,63.06478321541345,62.334739012987036,61.07311697496948,60.97123991269842,61.25574732539684,61.255318
35,경북외국어대학교,대학,사립,대구,C그룹,53.61179432683986,53.61179432683987,53.61179432683986,53.61179432683986,53.61179432683986,53.611706
36,경북전문대학교,전문대학,사립,경북,B그룹,64.77979279333748,64.457021348893,64.32991038063906,64.01589034095649,64.27491894413114,64.284256
37,경상국립대학교,대학,국립,경남,A그룹,72.90665372294372,72.23754527676029,71.75003455026454,71.80137928571426,71.21016849359897,71.257484
38,경성대학교,대학,사립,부산,A그룹,67.7174259185033,66.54285732583119,67.80018185801067,66.86098289542133,65.11277987398509,65.105774
39,경안대학원대학교,대학원대학,사립,경북,-,61.8600992575758,61.65663047619053,61.563683777777825,61.78960567704519,62.424514153235684,62.42115
40,경운대학교,대학,사립,경북,C그룹,66.43977667099763,66.86005697782528,66.70140360264493,67.04080110735586,66.12419417024425,66.13383
41,경인교육대학교,대학,국립,인천,C그룹,61.54147989585729,63.51340416535118,66.27531039109255,63.083432302818274,60.327835368876755,60.37927
42,경인여자대학교,전문대학,사립,인천,B그룹,63.26006299127961,64.68015938810504,65.03063889874333,63.4995372652657,63.66933458561204,63.702057
43,경일대학교,대학,사립,경북,B그룹,66.4083822117108,65.8117840677911,65.77519852233654,66.41996832056729,66.11931209953713,66.10444
44,경찰대학,기타,기타,충남,-,56.91810029509387,59.278045960317556,59.20104886075045,59.20324386075045,59.24103262265521,59.233593
45,경희대학교,대학,사립,서울,A그룹,75.38337784992784,75.59819094516594,75.30455946608946,75.0286833261183,72.79372616011766,73.159584
46,계명대학교,대학,사립,대구,A그룹,68.66837674214435,68.72542074481072,65.81077223665227,67.69333315007214,66.9153502914863,66.94099
47,계명문화대학교,전문대학,사립,대구,A그룹,63.109833772618266,62.32140953222095,61.02712767785316,62.0775741540436,63.35175276382271,63.353214
48,계약신학대학원대학교,대학원대학,사립,경기,-,53.61179432683986,53.61179432683987,60.46896058397163,62.07816804356759,60.302771935786396,60.306927
49,계원예술대학교,전문대학,사립,경기,B그룹,64.36969750854898,64.06406998618246,64.74462489094438,64.71456995060502,65.27035153668564,65.27495
50,고려대학교,대학,사립,서울,A그룹,78.72116534054832,78.6163047691198,78.5763255786435,77.95057027705619,72.98516965800864,73.159584
51,고려대학교(세종),대학,사립,세종,B그룹,67.08539458502145,66.6112495576044,66.8746994472149,66.78208607553101,65.45416266010085,65.43746
52,고려사이버대학교,대학,사립,서울,A그룹,60.06758500327455,60.41770429331783,59.622059495338036,59.67096282867137,59.679366162004705,59.654285
53,고신대학교,대학,사립,부산,C그룹,67.24244561599052,67.1357355124152,66.86805490488186,66.80961029907007,66.59397134373853,66.58655
54,공군사관학교,기타,기타,충북,-,53.61179432683986,59.98849207936514,59.09308645815306,58.963209977633575,59.1342016010102,59.145264
55,공주교육대학교,대학,국립,충남,C그룹,63.81277031371072,62.55243922515602,66.15637941697311,66.4229067558275,61.91531086468315,61.95373
56,과학기술연합대학원대학교,대학원대학,국립,대전,-,69.87535924630927,69.52976255766455,69.40842945410147,68.63730393617493,68.76782710644913,68.62657
57,광신대학교,대학,사립,광주,C그룹,65.99998790253541,64.74053698656898,65.26533939926739,64.79061166788769,65.03505401759597,65.01266
58,광양보건대학교,전문대학,사립,전남,C그룹,61.966953669108705,62.122418669108704,61.69050638339441,58.5770492698413,59.006219412698485,59.07861
59,광운대학교,대학,사립,서울,B그룹,67.20263362540081,66.58604201611648,67.26906349849179,67.83558073648109,63.44925969947929,63.48885
60,광주가톨릭대학교,대학,사립,전남,C그룹,59.07386319769119,59.04835510245309,59.099584150072126,58.980518531024515,59.28860824531022,59.276737
61,광주과학기술원,대학,국립,광주,C그룹,70.32896745831947,71.35481438672443,71.04623431057834,69.0846097222777,68.49721168981019,68.41345
62,광주교육대학교,대학,국립,광주,C그룹,66.96071117981802,66.78232630247317,66.67786164405383,66.61001527897444,66.42158479293393,66.42349
63,광주대학교,대학,사립,광주,B그룹,66.18335577647372,66.55068247488643,66.3112557312967,66.09507615986814,64.6532928264173,64.65664
64,광주보건대학교,전문대학,사립,광주,B그룹,62.906607735433205,62.86656978038828,63.19359626090776,63.09574444827594,66.56650687362837,66.573685
65,광주여자대학교,대학,사립,광주,C그룹,66.50697611572224,66.63703633596981,66.48701384390634,66.4171938084973,66.48632162883456,66.467224
66,구미대학교,전문대학,사립,경북,A그룹,63.21192708080822,62.96493104761916,62.927961185814304,61.634938699855816,63.44658231746045,63.42903
67,구세군사관대학원대학교,대학원대학,사립,경기,-,62.09575942540794,60.995309774614235,60.882866930291925,60.97171695410144,60.79138104140304,60.795662
68,국군간호사관학교,기타,기타,대전,-,57.96644175541134,57.862970422078,58.88844734559892,58.83133617243876,58.83529040476199,58.697803
69,국립강릉원주대학교,대학,국립,강원,B그룹,67.01023822274203,66.94050697220558,66.94667833642238,67.04743614133778,66.47904937566268,66.475334
70,국립경국대학교,대학,국립,경북,B그룹,66.99374158599451,66.92251186959118,66.98070406006732,67.13797348447955,66.90628925072775,66.89959
71,국립공주대학교,대학,국립,충남,A그룹,67.2855820664179,66.99801886620952,67.02647624036398,67.37936886441416,67.13948595218291,67.155334
72,국립군산대학교,대학,국립,전북,B그룹,67.12889922693738,66.56076784474675,66.45651939565779,66.62867636589228,65.55599416291514,65.57222
73,국립금오공과대학교,대학,국립,경북,B그룹,66.77333885431852,66.60204778885618,67.22641818568158,67.05477302201385,66.6660602809197,66.64919
74,국립목포대학교,대학,국립,전남,B그룹,67.03566377123956,67.01741572817147,66.87683265146475,66.0325220339101,66.88481902107979,66.90519
75,국립목포해양대학교,대학,국립,전남,C그룹,66.98637542365658,67.26003558053252,66.80227196148492,66.63715131313327,67.36715912065257,67.34454
76,국립부경대학교,대학,국립,부산,A그룹,68.51742118636253,67.49710171189462,67.25896868041109,68.21953703574206,66.78407301319314,66.80878
77,국립순천대학교,대학,국립,전남,B그룹,68.12589852434579,67.40106513245892,67.15067482720862,66.8161074246112,66.13306554314966,66.12797
78,국립암센터국제암대학원대학교,대학원대학,국립,경기,-,63.34039067460319,61.18630210317463,60.1437938650794,60.76783500793654,60.423471368347364,60.4373
79,국립창원대학교,대학,국립,경남,B그룹,67.91893931852857,67.65274362020392,67.31632462207644,66.92860271428529,64.40406325716081,64.42943
80,국립한국교통대학교,대학,국립,충북,B그룹,67.75397712037505,67.3046758178403,67.50794291864372,67.29421221090702,67.19511015201428,67.179344
81,국립한국해양대학교,대학,국립,부산,B그룹,67.70597400216687,67.34996826963818,67.48293165059056,67.22131191383073,67.14490097323011,67.15007
82,국립한밭대학교,대학,국립,대전,B그룹,67.51455528321243,67.2121318182465,66.91949998730048,67.28371669069382,66.64478611367751,66.654526
83,국민대학교,대학,사립,서울,A그룹,67.51769844186163,67.30234771216546,67.2436813779246,68.19966541134364,65.69664607571299,65.69173
84,국방대학교,기타,기타,충남,-,59.15983848124106,59.06998744949503,53.61179432683986,59.10640189393946,59.42491783044741,59.417282
85,국제뇌교육종합대학원대학교,대학원대학,사립,충남,-,59.320091746031785,59.379831824175845,59.30752082417585,57.675771395604464,58.31747877655681,58.30601
86,국제대학교,전문대학,사립,경기,B그룹,63.73459050910398,63.28943423132622,63.84014607526006,63.715313341269926,63.27726459523823,63.282272
87,국제문화대학원대학교,대학원대학,사립,충남,-,53.61179432683986,53.61179432683987,53.61179432683986,53.61179432683986,53.61179432683986,53.611706
88,국제법률경영대학원대학교,대학원대학,사립,경기,-,53.61179432683986,55.07885381096687,55.001595477633536,60.56160187690091,56.77678765079368,56.78204
89,국제사이버대학교,대학,사립,경기,C그룹,59.87623670634928,58.40626559668113,57.84935078715733,57.458791676046204,58.09080948557001,58.098602
90,국제언어대학원대학교,대학원대학,사립,서울,-,61.61686096275948,61.89287234371186,62.63096889133092,62.983377224664245,61.6372129699745,61.651066
91,국제예술대학교,기타,기타,서울,-,53.61179432683986,53.61179432683987,53.61179432683986,53.61179432683986,53.61179432683986,53.611706
92,군산간호대학교,전문대학,사립,전북,C그룹,59.34397745371301,58.81263998545903,59.01816685991791,60.951003490620494,59.38820805833061,59.419807
93,군장대학교,전문대학,사립,전북,C그룹,62.9583316445241,61.823885989401475,62.20106628921277,60.260498457655444,62.44117634510136,62.437817
94,극동대학교,대학,사립,충북,C그룹,65.63871270923717,67.21824639924058,66.90309302936149,64.29556807071141,64.76381652164699,64.75441
95,글로벌사이버대학교,대학,사립,충남,C그룹,55.36614296176049,56.016537088744634,55.84928745382399,55.63520726334781,54.42773712049066,54.46175
96,금강대학교,대학,사립,충남,C그룹,63.60702467237667,62.96260227310926,65.13941216993463,64.15391333333336,61.799369372232384,61.82673
97,기독간호대학교,전문대학,사립,광주,C그룹,62.1845877794428,62.24896111277613,62.16836853701858,62.7022256842047,62.50281560628264,62.490517
98,김천대학교,대학,사립,경북,C그룹,66.83391675105449,67.33883490837137,66.6251997265213,66.53582339924061,67.25759096709041,67.23023
99,김포대학교,전문대학,사립,경기,C그룹,63.21900874342519,60.59664194033939,60.86308852908403,61.616516084637674,64.92113767748928,64.912415
100,김해대학교,전문대학,사립,경남,C그룹,63.16930452020208,62.99330260696636,62.547308393217925,62.6439462741703,62.295337206349195,62.267075
101,나사렛대학교,대학,사립,충남,B그룹,66.56879113320471,66.63075176091034,66.50398891098253,66.13880947114218,65.60583870091239,65.61239
102,나주대학교,전문대학,사립,전남,C그룹,58.85821870657127,58.23659126068381,59.090892341491895,59.22841097619056,60.854476580808175,60.846966
103,남부대학교,대학,사립,광주,C그룹,66.15721674769688,66.25391764668674,65.51663694827404,66.15288042446453,64.6516557012988,64.65938
104,남서울대학교,대학,사립,충남,B그룹,67.04786177892395,67.24405517577908,67.54173894438897,66.67826092662953,66.66379328658626,66.65069
105,농협대학교,전문대학,사립,경기,C그룹,65.04184700050193,65.12391215923209,64.54756320685115,63.97172350721744,64.59140118304165,64.5971
106,능인대학원대학교,대학원대학,사립,경기,-,62.55173900244203,62.16702148773451,61.43433839371745,60.205496148629166,60.709434968253966,60.722897
107,단국대학교,대학,사립,경기,A그룹,69.2720617832168,69.51786988944383,69.79260432900428,69.85879512265508,67.48071219696975,67.48341
108,대경대학교,전문대학,사립,경북,B그룹,60.074149479440436,62.52366097066947,61.13873030894237,64.16385172188932,64.0750553091909,64.067314
109,대구가톨릭대학교,대학,사립,경북,A그룹,66.89733042112312,66.67050963196444,66.7951294765955,65.354645556699,64.66160378792186,64.65616
110,대구경북과학기술원,대학,국립,대구,C그룹,69.00688212515259,68.83742005588856,68.95451531413028,66.86306189205237,62.431497175324715,62.45244
111,대구공업대학교,전문대학,사립,대구,C그룹,64.03606708297451,63.628312726109144,60.75041105000752,60.67366071811719,62.71183808319657,62.69678
112,대구과학대학교,전문대학,사립,대구,A그룹,63.50774623492863,63.50113742540482,62.29638029842069,63.73718611227353,61.611207752054774,61.58793
113,대구교육대학교,대학,국립,대구,C그룹,65.15623057827756,65.46291721281811,66.48656821830158,66.35845959709732,66.13280142820733,66.13147
114,대구대학교,대학,사립,경북,A그룹,67.31281524019474,67.12397421425725,67.1368621134269,66.81962203073176,66.80935574422396,66.80589
115,대구미래대학교,전문대학,사립,경북,C그룹,53.61179432683986,53.61179432683987,53.61179432683986,53.61179432683986,53.61179432683986,53.611706
116,대구보건대학교,전문대학,사립,대구,A그룹,64.04127701554013,64.81233171861484,64.88939057142869,64.90166292063508,64.8560867619049,64.83149
117,대구사이버대학교,대학,사립,경북,C그룹,59.80236241597296,59.75450574930629,59.818952415972966,59.942137654068205,59.87813170168726,59.861813
118,대구예술대학교,대학,사립,경북,C그룹,63.76457273015878,64.06596132539686,64.10901219502914,65.31384501898297,65.47006512887306,65.46816
119,대구외국어대학교,대학,사립,경북,C그룹,53.61179432683986,53.61179432683987,53.61179432683986,53.61179432683986,53.61179432683986,53.611706
120,대구한의대학교,대학,사립,경북,B그룹,66.83417818637378,66.61210167088272,66.33894018348775,66.45768056444014,66.1020180810491,66.10285
121,대덕대학교,전문대학,사립,대전,C그룹,66.22086793243206,65.58656408802311,66.04723594369621,64.45785765196113,63.88535523906776,63.88426
122,대동대학교,전문대학,사립,부산,C그룹,62.80474648647574,63.103440120175385,63.27997309235212,63.30827618636923,63.21976935949161,63.22566
123,대림대학교,전문대학,사립,경기,A그룹,63.99062285425702,61.896573541125655,61.54759222366535,61.362389525252645,63.565104227272876,63.546272
124,대신대학교,대학,사립,경북,C그룹,64.63327464825424,64.96940974816088,64.9462663635986,65.2629109716041,61.49612430880232,61.52706
125,대원대학교,전문대학,사립,충북,C그룹,65.06828846559196,63.27886494033942,64.59160947330456,64.36332406998567,59.34616778704637,59.339954
126,대전가톨릭대학교,대학,사립,세종,C그룹,60.74660953407702,60.995263819791305,60.5960164070929,61.49392147302695,61.153342581696066,61.16744
127,대전과학기술대학교,전문대학,사립,대전,B그룹,65.27811075921062,65.5173096697445,65.94335886452632,65.56503963655547,65.86473367645358,65.8882
128,대전대학교,대학,사립,대전,B그룹,66.97098448930478,66.94456132191657,66.3526547441662,66.87993844886817,65.80275516297525,65.81186
129,대전보건대학교,전문대학,사립,대전,A그룹,66.14601050205555,66.1994973811764,65.12123803990657,64.08009909523825,63.80300549533813,63.805454
130,대전신학대학교,대학,사립,대전,C그룹,61.924689208069765,61.934166398545955,63.16576890071045,63.28697199594856,61.50238955727608,61.52354
131,대진대학교,대학,사립,경기,B그룹,67.95818871483614,67.97975238272379,62.68083957612146,66.80761452761443,67.50305023509368,67.5117
132,대한신학대학원대학교,대학원대학,사립,경기,-,60.55153844111448,60.81766172682877,60.930671609612624,57.463175563492115,57.064576253968305,57.02049
133,덕성여자대학교,대학,사립,서울,B그룹,64.6670233469253,66.10432358781344,66.28414801331468,66.16187767876036,59.62718713885337,59.605785
134,동강대학교,전문대학,사립,광주,B그룹,63.78342365173915,63.714729203463286,63.415211362193425,64.13850574697723,64.06091223587407,64.07
135,동국대학교,대학,사립,서울,A그룹,69.68652752220973,69.54720071945923,69.42915580914958,69.45463748839292,67.60809840331896,67.638824
136,동국대학교 WISE캠퍼스,대학,사립,경북,B그룹,66.94602596783434,66.8015393259178,67.12420050196395,67.09046697516398,61.91086530591025,61.959126
137,동남보건대학교,전문대학,사립,경기,A그룹,62.61864061111124,60.9727380887447,60.82926342207803,59.27472874747484,62.93195431890346,62.917976
138,동덕여자대학교,대학,사립,서울,B그룹,66.76535302416934,67.21015110226998,66.386689458221,66.9096132552957,65.77903727383271,65.80998
139,동명대학교,대학,사립,부산,B그룹,66.55452735784219,66.55635087126781,66.13237540401046,66.56707198776,65.93526260499388,65.93378
140,동방문화대학원대학교,대학원대학,사립,서울,-,64.0593889595984,63.42878443578889,62.99130272150313,63.188532630092155,63.917618102455556,63.918568
141,동부산대학교,전문대학,사립,부산,C그룹,53.61179432683986,53.61179432683987,53.61179432683986,53.61179432683986,64.09438093894998,64.09145
142,동서대학교,대학,사립,부산,B그룹,67.1595387237079,67.08233456758364,66.64590015494267,66.00481239139985,63.858293353413146,63.83947
143,동서울대학교,전문대학,사립,경기,A그룹,65.03513301251662,65.0500680125166,64.56574672680233,63.988339895382545,65.11770268351229,65.1066
144,동신대학교,대학,사립,전남,B그룹,66.50929185391702,66.32495268944963,66.5393105268345,66.65811582264983,66.45691206651705,66.45446
145,동아대학교,대학,사립,부산,A그룹,67.96612904209243,68.25927247646084,68.80970516449885,69.09530829087531,67.03119419642009,67.03708
146,동아방송예술대학교,전문대학,사립,경기,B그룹,60.674232533078104,61.43556228848935,60.7365708426019,62.77986494902445,62.68086847283398,62.712486
147,동아보건대학교,전문대학,사립,전남,C그룹,58.32187490476199,59.62852180685988,59.52717239538244,59.45044239682544,60.89694679365083,60.888268
148,동양대학교,대학,사립,경북,C그룹,66.76826070604416,65.97128915132113,64.30881730463206,63.90825248732141,65.80912446733845,65.79311
149,동양미래대학교,전문대학,사립,서울,A그룹,65.96290259787759,65.68022457165263,65.59673229892535,65.61974919239418,59.08943578896423,59.104134
150,동우대학,전문대학,사립,강원,B그룹,53.61179432683986,53.61179432683987,53.61179432683986,53.61179432683986,53.61179432683986,53.611706
151,동원과학기술대학교,전문대학,사립,경남,B그룹,63.57566785103793,63.35963796214904,62.16139975724285,61.42943781096692,62.26693159851267,62.286892
152,동원대학교,전문대학,사립,경기,B그룹,63.076457574314745,64.24629863192374,64.28750553524264,64.36604297946508,64.51197551914764,64.496635
153,동의과학대학교,전문대학,사립,부산,B그룹,64.79879255616808,65.8488649674235,65.11844874930635,64.89075326615186,64.90158011438578,64.915184
154,동의대학교,대학,사립,부산,A그룹,66.96963249825433,66.85456173354848,67.27317300561982,67.65857248741254,65.70081160098675,65.7081
155,두원공과대학교,전문대학,사립,경기,B그룹,63.9873376167741,63.79139714524561,63.153938112942726,62.88075081601747,64.87274277442134,64.87238
156,디지털서울문화예술대학교,대학,사립,서울,C그룹,56.653056866522405,57.553946914141434,57.50552691414144,57.58655042063496,56.58168819985574,56.57069
157,루터대학교,대학,사립,경기,C그룹,64.46246753224798,64.54674030858276,64.80692548462895,64.15760232589878,64.89510058180709,64.91452
158,마산대학교,전문대학,사립,경남,A그룹,64.18093798043758,64.8239208851995,64.96047557384416,64.9470621117507,65.04575225494087,65.058075
159,명신대학교,대학,사립,전남,C그룹,53.61179432683986,53.61179432683987,53.61179432683986,53.61179432683986,53.61179432683986,53.611706
160,명지대학교,대학,사립,서울,A그룹,66.93622547675439,65.891784258849,65.65513757488917,65.5464203493625,66.19342993377366,66.18735
161,명지전문대학,전문대학,사립,서울,A그룹,64.53456420082827,64.61674514094372,63.50292110919769,63.78379244253107,64.9839670618007,64.98123
162,목원대학교,대학,사립,대전,B그룹,67.02797701718187,66.63046481229685,66.63028276068832,66.50189703451909,66.43985062542265,66.447495
163,목포가톨릭대학교,대학,사립,전남,C그룹,64.75449615562216,64.85238608746157,64.97284692235787,64.73247782711977,65.30609243666791,65.30602
164,목포과학대학교,전문대학,사립,전남,B그룹,60.18907392207801,60.18351358874466,60.32109938095247,59.75875493795101,59.64097493795099,59.65647
165,문경대학교,전문대학,사립,경북,C그룹,62.4250858689089,61.7838354749695,62.10410330325235,61.41720826862033,62.26285948669776,62.287228
166,배재대학교,대학,사립,대전,B그룹,66.8753076207172,66.3689116423622,66.56320061661015,66.52405187923642,66.18073856203122,66.18551
167,배화여자대학교,전문대학,사립,서울,B그룹,64.97641242807389,65.09034861325105,65.48539421162371,62.648077337164814,64.37101191836142,64.38599
168,백석대학교,대학,사립,충남,A그룹,66.92701852732688,66.91123398477508,66.88895141225453,66.983981905051,67.07166892923581,67.04338
169,백석문화대학교,전문대학,사립,충남,A그룹,63.72132179501187,64.48816819183727,62.82967182073493,62.827591694334764,64.60875832997691,64.599525
170,백석예술대학,전문대학,사립,서울,A그룹,53.61179432683986,53.61179432683987,53.61179432683986,53.61179432683986,53.61179432683986,53.611706
171,백제예술대학교,전문대학,사립,전북,C그룹,60.94707309523813,59.47774738095246,61.351702886002926,61.229580425685455,61.38493879187483,61.413944
172,베뢰아국제대학원대학교,대학원대학,사립,서울,-,60.410641451659494,60.770351231879275,60.99299654933957,60.94079240404043,60.44977787473634,60.50072
173,벽성대학,전문대학,사립,전북,C그룹,53.61179432683986,53.61179432683987,53.61179432683986,53.61179432683986,53.61179432683986,53.611706
174,부산가톨릭대학교,대학,사립,부산,C그룹,66.96142570281862,67.28084697096813,67.26593445725742,67.14718037789235,66.32874590680555,66.32354
175,부산경상대학교,전문대학,사립,부산,B그룹,61.5326049894015,63.05619861224647,62.77003148002197,62.13304143095991,63.68935593889645,63.69442
176,부산과학기술대학교,전문대학,사립,부산,B그룹,61.804347289545774,61.27923852764101,61.06199784365831,61.55483279603927,63.810327316017414,63.816864
177,부산교육대학교,대학,국립,부산,C그룹,66.16428993608515,65.74080485672008,65.46871465384734,65.88525049630925,60.7634817652046,60.770477
178,부산대학교,대학,국립,부산,A그룹,73.82882197258292,73.90871158352753,74.3396503108003,74.13578673304474,68.9046774126984,69.04707
179,부산디지털대학교,대학,사립,부산,C그룹,57.374851495338014,57.68802063819515,57.71232635248088,57.279114828671354,56.4615052474748,56.476933
180,부산보건대학교,전문대학,사립,부산,B그룹,64.24752584384254,64.11492427241397,64.10743519907187,63.723804733295765,62.51611288192484,62.498737
181,부산여자대학교,전문대학,사립,부산,C그룹,65.65997611522249,64.18267795476946,64.15127725635675,64.20529047857899,64.3499305882471,64.36307
182,부산예술대학교,전문대학,사립,부산,C그룹,56.35199477777783,56.419462047619106,56.419462047619106,56.44221752380959,56.46414120634926,56.532803
183,부산외국어대학교,대학,사립,부산,B그룹,66.28394141124043,66.51289718450495,67.22388128425112,67.03962466247663,61.58212332327491,61.619686
184,부산장신대학교,대학,사립,경남,C그룹,60.592517795371336,60.52598939610392,62.850311560266576,60.988038697968726,59.16930433838385,59.168274
185,부천대학교,전문대학,사립,경기,A그룹,64.65211644636244,64.58205921886582,64.09811908538813,64.85724317843281,65.1951161126387,65.18387
186,삼육대학교,대학,사립,서울,B그룹,67.24901803642139,67.31504814019769,66.83344020657579,66.93562471850177,66.36126815718863,66.34983
187,삼육보건대학교,전문대학,사립,서울,C그룹,64.6257580473435,64.62350620729465,64.30455965051812,64.35950223781973,63.59259292085887,63.591995
188,상명대학교,대학,사립,서울,A그룹,67.15989025205465,67.42634388270332,67.45212683170345,67.52750067535739,65.5242425425558,65.51872
189,상지대학교,대학,사립,강원,B그룹,66.76644853179698,66.61886899242425,66.41109541602746,66.4621030678201,66.49108992669467,66.49703
190,상지영서대학교,전문대학,사립,강원,B그룹,53.61179432683986,53.61179432683987,53.61179432683986,53.61179432683986,53.61179432683986,53.611706
191,서강대학교,대학,사립,서울,A그룹,68.46284868642421,69.30273910476915,69.61862325381722,69.66834603709697,65.44628444660893,65.441765
192,서경대학교,대학,사립,서울,B그룹,66.34042159578206,66.00301131940721,65.42853971861668,65.94958905652778,65.83845701865494,65.84236
193,서남대학교,대학,사립,전북,C그룹,53.61179432683986,53.61179432683987,53.61179432683986,53.61179432683986,53.61179432683986,53.611706
194,서라벌대학교,전문대학,사립,경북,C그룹,62.48397303563109,64.29691142429795,64.09878376434676,65.14638633289174,65.06492104952619,65.06444
195,서영대학교,전문대학,사립,광주,A그룹,62.20571497619056,63.44920946825404,63.52766296031753,64.48934514935075,64.02092251443014,64.01937
196,서울과학기술대학교,대학,국립,서울,A그룹,66.76431281709428,66.58295068223501,67.48888164634384,67.77946072871832,65.39490838308,65.397736
197,서울과학종합대학원대학교,대학원대학,사립,서울,-,59.088176326839864,59.31370212049067,58.920916898268445,58.73184932539686,59.219382166666705,59.208057
198,서울교육대학교,대학,국립,서울,C그룹,63.84695736775333,64.12186675789539,66.32714983801678,66.5943029292087,59.74750930880235,59.774616
199,서울기독대학교,대학,사립,서울,C그룹,64.96863911449906,64.89699504284604,63.2672660096594,63.925539051007,63.98710988456233,63.9636
200,서울대학교,대학,국립,서울,A그룹,82.7676062756133,84.13367486291486,84.83557633910532,84.62246713275613,83.52437473809522,80.54049
201,서울디지털대학교,대학,사립,서울,A그룹,62.13701529331786,61.05819573343329,61.08794240009996,61.13160811438567,60.487451471528445,60.47713
202,서울미디어대학원대학교,대학원대학,사립,서울,-,58.454946849206394,58.387231817460375,57.02680254761911,57.59299895382404,60.316468253968274,60.286224
203,서울벤처대학원대학교,대학원대학,사립,서울,-,53.90325899350653,53.90325899350654,53.90325899350654,53.90325899350653,53.90325899350653,53.90432
204,서울불교대학원대학교,대학원대학,사립,서울,-,60.10401626190478,60.023968484126996,59.945874642857156,60.444360976190495,59.982977484126984,60.00611
205,서울사이버대학교,대학,사립,서울,A그룹,58.529500723665286,58.514679295093856,58.6686071522367,58.66196715223671,59.10673886652243,59.092876
206,서울사회복지대학원대학교,대학원대학,사립,서울,-,56.262071668109776,58.528412420634965,57.723050325396855,57.589726277777814,56.74111358263965,56.66826
207,서울상담심리대학원대학교,대학원대학,사립,서울,-,60.03907628571429,62.81744406349203,65.36527803513395,63.18782030158731,58.96265502597403,58.965645
208,서울성경신학대학원대학교,대학원대학,사립,서울,-,63.57268894444446,63.74735378571427,63.470183420634896,63.80223013852813,63.294462050061064,63.32929
209,서울시립대학교,대학,공립,서울,A그룹,67.80809674170271,67.79711911416354,70.10513933455425,70.08308881651678,66.54164414069257,66.52728
210,서울신학대학교,대학,사립,경기,C그룹,66.96076868448417,67.36522773512263,66.64481615248958,66.44888643478622,64.15680029438879,64.12329
211,서울여자간호대학교,전문대학,사립,서울,C그룹,61.38362456728378,62.90768269696974,62.21261685569992,59.604924190476254,61.76297273395048,61.77411
212,서울여자대학교,대학,사립,서울,B그룹,65.38621706125186,65.67728568175282,65.55520851073943,65.51207129375433,63.1976181689973,63.18313
213,서울예술대학교,전문대학,사립,경기,B그룹,64.15041350890908,66.06410534007793,65.70368793290059,66.29684647283405,60.17035954054409,60.140057
214,서울외국어대학원대학교,대학원대학,사립,서울,-,57.16219704761912,57.12004961904766,57.140609619047666,56.46485410989017,56.51855777655684,56.488586
215,서울장신대학교,대학,사립,경기,C그룹,64.92823186197381,64.70245260123455,64.59500106155203,64.52235177583773,63.65035003152648,63.637215
216,서울한영대학교,대학,사립,서울,C그룹,65.60057368253973,64.28571770685116,65.02736151493195,64.29936219747165,64.79727122921769,64.8054
217,서원대학교,대학,사립,충북,B그룹,66.6116309862581,66.51020049155953,67.03143275080676,66.9945979055964,66.21615749391727,66.20359
218,서일대학교,전문대학,사립,서울,A그룹,64.57867887301602,64.6974131587303,64.94969034920646,64.54093968253984,65.0869956083097,65.10831
219,서정대학교,전문대학,사립,경기,A그룹,60.01369418831179,59.65796964430025,59.425022374458976,60.38405951731611,61.47941432683992,61.439392
220,서해대학,전문대학,사립,전북,C그룹,53.61179432683986,53.61179432683987,53.61179432683986,53.61179432683986,62.93871255799761,62.95475
221,선교청대학교,대학,사립,충남,C그룹,53.61179432683986,53.61179432683987,53.61179432683986,53.61179432683986,53.61179432683986,53.611706
222,선린대학교,전문대학,사립,경북,C그룹,63.580761704906294,63.7383117363193,63.261204306526864,61.54025048290604,64.0700501551227,64.07201
223,선문대학교,대학,사립,충남,B그룹,66.72000960260443,66.7780310515477,66.91549273641836,66.59366292161967,63.99365970217984,63.981777
224,선학유피대학원대학교,대학원대학,사립,경기,-,62.043915731879274,62.010700731879275,60.90787040404042,60.79268821356422,61.293921120768125,61.283062
225,성결대학교,대학,사립,경기,B그룹,66.41821531581675,66.32391108960505,66.58915435000483,66.90015453590316,66.48034420859065,66.47544
226,성공회대학교,대학,사립,서울,C그룹,66.82615609505822,67.29341842340537,67.0163860706825,66.91553273734912,66.34223530288821,66.34342
227,성균관대학교,대학,사립,서울,A그룹,77.0924921154401,77.28185633766232,75.1432002063492,75.95459995382386,72.67432953030297,72.84268
228,성산효대학원대학교,대학원대학,사립,인천,-,62.59850049522702,62.491815495227016,63.09820012892663,62.337754971417475,63.43561617654569,63.432995
229,성서침례대학원대학교,대학원대학,사립,경기,-,61.61494385947388,61.43631462443111,61.20197101576204,60.87333873248975,63.22426327433688,63.22426
230,성신여자대학교,대학,사립,서울,A그룹,66.83381509893198,67.11521137072302,67.41263262813224,67.93896728731725,67.17139546079234,67.178116
231,성운대학교,전문대학,사립,경북,C그룹,61.785078928571515,61.272715785714354,60.89611954761912,60.26768450000006,61.21247148557001,61.185223
232,성화대학,전문대학,사립,전남,B그룹,53.61179432683986,53.61179432683987,53.61179432683986,53.61179432683986,53.61179432683986,53.611706
233,세경대학교,전문대학,사립,강원,C그룹,61.84245604229297,61.18822304229299,59.85420236768981,59.39303453435652,59.52963066134065,59.509544
234,세계사이버대학,기타,기타,경기,-,53.61179432683986,53.61179432683987,53.61179432683986,53.61179432683986,53.61179432683986,53.611706
235,세명대학교,대학,사립,충북,B그룹,66.37326552832972,66.46309617313025,66.53014549636254,67.48838698226439,61.28200909202904,61.27613
236,세종대학교,대학,사립,서울,A그룹,71.21848409854178,70.87174039562262,70.92647272696888,70.71343064493269,62.52362650913123,62.505074
237,세한대학교,대학,사립,충남,C그룹,66.29210288475176,66.55881530219685,65.79728458025214,65.50931338977594,66.96809814431033,66.96818
238,송곡대학교,전문대학,사립,강원,C그룹,57.64418949084257,59.25233648290604,59.76351997496951,60.5169302650128,59.89663029242984,59.947083
239,송원대학교,대학,사립,광주,C그룹,66.85708635620372,66.90387826096561,66.88041468953705,66.77587310223544,67.54265432505927,67.55845
240,송호대학교,전문대학,사립,강원,C그룹,62.44377382706183,62.657211731823764,61.67457858430463,61.99652678088581,62.606687384060436,62.59966
241,수도국제대학원대학교,대학원대학,사립,서울,-,59.63379893528696,59.66420981623934,58.90742959401712,58.99165473687426,58.60165062576315,58.573536
242,수성대학교,전문대학,사립,대구,B그룹,63.86298991458233,62.8186462683163,65.23623162886804,65.04585051775693,64.7130126810147,64.71237
243,수원가톨릭대학교,대학,사립,경기,C그룹,59.71631757864357,59.60508418426016,59.85927547058495,60.03509164518812,60.18448931185478,60.219376
244,수원과학대학교,전문대학,사립,경기,B그룹,64.67596533110995,64.32734316635899,64.16050324842021,64.39597513347773,64.99173444108803,64.9932
245,수원대학교,대학,사립,경기,B그룹,67.6858476379009,67.51844589836949,67.73379004478961,67.22264766640814,67.28905295020054,67.28792
246,수원여자대학교,전문대학,사립,경기,B그룹,64.69267719924719,65.42878817954276,65.32423695957144,65.25149758727707,65.68389303982454,65.70056
247,숙명여자대학교,대학,사립,서울,A그룹,64.16729367936728,65.35893466105277,66.12280805821882,66.13261897574814,64.00656402611763,63.99043
248,순복음대학원대학교,대학원대학,사립,서울,-,61.69514130475085,61.51440363808419,61.79342234371189,61.52742863808416,61.62402363808418,61.635216
249,순복음총회신학교,대학,사립,충북,C그룹,61.401791700854744,61.40179170085474,61.30469503418808,61.2719377722833,61.36522301037855,61.346016
250,순천제일대학교,전문대학,사립,전남,B그룹,62.348322585858625,62.55488731662982,62.9758983166298,63.2015577913773,64.31183534310144,64.32215
251,순천향대학교,대학,사립,충남,A그룹,69.12079604852794,69.34994995283054,68.54689956730209,69.00038330766778,68.79414062363111,68.84265
252,숭실대학교,대학,사립,서울,A그룹,67.42088010504295,68.01563423506973,68.3548949151981,67.40105651795449,63.636231685588406,63.63803
253,숭실사이버대학교,대학,사립,서울,B그룹,56.402686945887524,56.40268694588752,56.54779694588752,56.12613694588751,56.04867861255416,56.136185
254,숭의여자대학교,전문대학,사립,서울,B그룹,65.25244583258727,64.0193433973003,65.4641509595714,65.76269038211989,64.09513152031502,64.10947
255,신경주대학교,대학,사립,경북,C그룹,62.86256255555561,63.47531446031753,62.969718232545276,63.740979998779025,64.65647528377426,64.654785
256,신구대학교,전문대학,사립,경기,A그룹,64.7109006171342,64.30613675999135,64.34139125205482,64.25682958538815,64.23258840612297,64.235176
257,신라대학교,대학,사립,부산,B그룹,66.11300876317702,66.65148821755267,66.40436471403595,66.3395702337682,65.6626635061559,65.65451
258,신성대학교,전문대학,사립,충남,B그룹,65.01067045354525,65.51196402802951,66.03720318223205,66.20913698507248,65.51320699253843,65.51489
259,신안산대학교,전문대학,사립,경기,B그룹,62.625891278001795,62.968413133701624,62.0034820716526,61.98606187301599,64.21499668581431,64.23618
260,신한대학교,대학,사립,경기,B그룹,66.8943091340862,66.7440766480698,67.085783566096,66.81036922757893,66.79236168799206,66.78253
261,신흥대학교,전문대학,사립,경기,A그룹,53.61179432683986,53.61179432683987,53.61179432683986,53.61179432683986,53.61179432683986,53.611706
262,실천신학대학원대학교,대학원대학,사립,경기,-,62.074036448051984,62.318417867521376,62.910005233821735,63.702469986569014,62.742723107059696,62.763264
263,아신대학교,대학,사립,경기,C그룹,62.502211981851545,63.19510264851819,64.60108899195254,63.89562138495034,62.05902102092357,62.060253
264,아주대학교,대학,사립,경기,A그룹,71.67299216209717,71.82378965416059,71.76132645935544,71.59937935523736,71.16484205298406,71.306786
265,아주자동차대학교,전문대학,사립,충남,C그룹,60.23563287179493,60.214164792429855,61.568044840048884,60.92728176068379,60.48437927167284,60.505875
266,안동과학대학교,전문대학,사립,경북,B그룹,64.6179532928648,64.6474312320745,64.6727894324029,64.52355801970451,64.58073887684739,64.57595
267,안산대학교,전문대학,사립,경기,A그룹,65.99258844361394,65.7708001611186,64.60607389730032,64.20906361064067,65.45938231187259,65.480995
268,안양대학교,대학,사립,경기,B그룹,66.45940924402701,66.89258723628832,66.42409110786123,66.68799611516694,66.94368235209429,66.94718
269,에스라성경대학원대학교,대학원대학,사립,경기,-,60.85421039121992,60.84927817693422,61.44573403407708,61.48920090709294,61.859022097569145,61.887177
270,여주대학교,전문대학,사립,경기,B그룹,64.29496690859344,63.828039026387955,63.61769875654663,63.78907824477874,64.77876773160185,64.74252
271,연성대학교,전문대학,사립,경기,A그룹,64.75172197860607,64.2305584977536,64.17320411713419,63.87143777777791,65.19057408072618,65.18835
272,연세대학교,대학,사립,서울,A그룹,79.25531983405486,79.34983908658006,78.56346202308794,78.59962708080802,77.48666999350655,77.72136
273,연세대학교(미래),대학,사립,강원,B그룹,59.675707656942095,59.154236566754484,58.633492189070076,58.283365431117886,54.846293936396904,54.660393
274,연암공과대학교,전문대학,사립,경남,C그룹,64.1627267469772,64.5082691708866,64.03593070224414,63.966474224610714,63.27009423582171,63.28002
275,연암대학교,전문대학,사립,충남,C그룹,64.48708017843465,64.6312193689108,64.65156328665975,63.32461192446641,64.43296098795844,64.42945
276,영남대학교,대학,사립,경북,A그룹,71.66431481022676,71.29276251219156,71.54024679526032,71.39859940687094,71.10381009638509,70.85305
277,영남사이버대학교,대학,사립,경북,C그룹,53.61179432683986,53.61179432683987,53.61179432683986,53.61179432683986,53.61179432683986,53.611706
278,영남신학대학교,대학,사립,경북,C그룹,65.3098692587681,65.70126603174607,64.46942931623936,64.5229395543346,63.6058398246754,63.609703
279,영남외국어대학,전문대학,사립,경북,C그룹,57.57058851587306,57.77999917460324,56.90991044444449,56.67189482539688,56.85401041269847,56.833786
280,영남이공대학교,전문대학,사립,대구,A그룹,64.81360961569115,65.07582999664356,65.64101021139982,65.18364214668678,65.23683848726407,65.227516
281,영산대학교,대학,사립,경남,B그룹,66.20163208594504,66.57809660286958,66.50285357453778,66.4293286244066,66.91782640362734,66.90685
282,영산선학대학교,대학,사립,전남,C그룹,60.98544383261185,61.028451184260206,60.31218389060939,60.02633664213561,59.97746501759351,60.00044
283,영진전문대학교,전문대학,사립,대구,A그룹,66.13229773226082,66.43908493428106,66.27496264982555,65.72110076459973,65.52646994327016,65.505615
284,예명대학원대학교,대학원대학,사립,서울,-,58.47340035592191,58.04703210195367,61.20328502841609,57.33691604906211,56.12845138239545,56.188538
285,예수대학교,대학,사립,전북,C그룹,60.822503139971204,60.755275950938,60.53005259451662,60.26240716810968,59.90402660966813,59.94338
286,예원예술대학교,대학,사립,전북,C그룹,59.0950246443002,57.628001318903344,57.59313567604622,56.88914662842716,60.56948848412705,60.574936
287,오산대학교,전문대학,사립,경기,A그룹,65.30603161028064,64.82338383716491,63.68638358585873,63.37205829509393,64.92944648548807,64.93385
288,온석대학원대학교,대학원대학,사립,경기,-,61.752483081307616,62.44998689083142,61.99401036702191,61.969717876179395,61.81248687617942,61.809696
289,용인대학교,대학,사립,경기,B그룹,66.53252537129737,65.56263384654434,65.90418888533894,65.44011794522345,64.83470989424782,64.83712
290,용인예술과학대학교,전문대학,사립,경기,B그룹,64.65371892302342,64.90321134005086,64.4216466055631,63.70614349062058,63.692875991777264,63.696774
291,우석대학교,대학,사립,전북,B그룹,66.77101217854688,66.65016802477774,66.7509059184405,66.70587063389412,66.51331143469534,66.52677
292,우송공업대학,전문대학,사립,대전,B그룹,53.61179432683986,53.61179432683987,53.61179432683986,53.61179432683986,53.61179432683986,53.611706
293,우송대학교,대학,사립,대전,A그룹,66.50857226568067,65.90944430130517,66.54661063508904,65.66187467105308,65.77760816999206,65.80109
294,우송정보대학,전문대학,사립,대전,B그룹,64.22197014202662,63.526534781609314,62.893954156068155,62.242666055555674,63.63617923448786,63.638638
295,울산과학기술원,대학,국립,울산,C그룹,72.19069548851154,72.74239977422585,72.86171478144082,73.04048278144079,71.32456184493289,71.37324
296,울산과학대학교,전문대학,사립,울산,A그룹,65.42249920299273,64.4294175521991,64.45243885811539,64.3041001810968,64.92698291125552,64.918846
297,울산대학교,대학,사립,울산,A그룹,72.82032535930736,73.57288767155073,73.99192671476675,73.71077073593077,73.64068173504279,73.411285
298,웅지세무대학교,전문대학,사립,경기,C그룹,53.61179432683986,55.44920166666671,55.27231233333338,55.27231233333338,54.22245258874462,54.078865
299,원광대학교,대학,사립,전북,A그룹,67.49903929283276,67.18016699930698,66.97185983300653,67.54426274693735,67.11141276486887,67.113266
300,원광보건대학교,전문대학,사립,전북,B그룹,59.72662284260192,59.63212540465098,60.04055134260192,62.45137766450223,62.289697086968665,62.288593
301,원불교대학원대학교,대학원대학,사립,전북,-,62.13490355799757,62.40283922466422,62.205214129426146,62.15844676640037,61.668694315240366,61.654785
302,웨스트민스터신학대학원대학교,대학원대학,사립,경기,-,65.62223130402933,65.18571135042743,65.24519682661789,65.22371166910874,64.56833036237761,64.58093
303,위덕대학교,대학,사립,경북,C그룹,66.75761225657874,67.00866235425882,67.02727431104353,67.15152184833715,66.58656439045872,66.574646
304,유원대학교,대학,사립,충북,C그룹,66.90939049112195,66.96747030064577,67.18763499375721,68.09143671456515,67.22738558636006,67.219
305,유한대학교,전문대학,사립,경기,A그룹,64.95967184968131,64.95668696079241,65.2123922320767,64.99452982082128,65.261990925215,65.275894
306,육군사관학교,기타,기타,서울,-,59.594570941558544,59.27584567604629,58.58716249711409,59.65633304545463,59.01631053318913,59.05202
307,을지대학교,대학,사립,대전,B그룹,66.02650595392528,66.75639710695663,67.23429546871607,65.82631542970674,66.47750151249741,66.469376
308,이화여자대학교,대학,사립,서울,A그룹,72.50392749711396,72.38774138095235,73.01635630158732,72.88410823376631,69.21416651443008,69.257965
309,인덕대학교,전문대학,사립,서울,A그룹,63.753576756356786,63.816416803975834,62.014696678434724,62.67038753174614,63.59824476839839,63.590244
310,인제대학교,대학,사립,경남,B그룹,69.04850747522401,70.11672180986763,70.19179308228493,69.77915410162065,69.1871319692439,69.03279
311,인제대학원대학교,대학원대학,사립,서울,-,53.61179432683986,53.61179432683987,53.61179432683986,53.61179432683986,53.61179432683986,53.611706
312,인천가톨릭대학교,대학,사립,인천,C그룹,65.34205448512603,65.16306532639588,64.44322444422441,64.21001828166281,63.28540974531028,63.270596
313,인천대학교,대학,국립,인천,A그룹,68.95630659537554,68.40174736946952,68.4844406048022,68.45652362925844,68.2514398280322,68.27135
314,인천전문대학,전문대학,공립,인천,A그룹,53.61179432683986,53.61179432683987,53.61179432683986,53.61179432683986,53.61179432683986,53.611706
315,인하공업전문대학,전문대학,사립,인천,A그룹,64.94557557142869,64.75372014888025,64.73932083141993,64.18912191222803,63.87549228903559,63.85884
316,인하대학교,대학,사립,인천,A그룹,71.31710412552263,71.99184314711218,71.13899097650496,71.05388370993822,70.75314808778255,70.8068
317,장로회신학대학교,대학,사립,서울,C그룹,62.66344202336559,61.86774266378071,61.96676599711404,62.14273232492633,60.120241981962494,60.12091
318,장안대학교,전문대학,사립,경기,B그룹,66.34642949711592,66.21499452764104,65.74825023582171,65.65330507326019,65.48375049173063,65.46623
319,재능대학교,전문대학,사립,인천,B그룹,63.52588504134956,63.35143671284283,62.91576680808093,61.855323461760555,64.08681344300156,64.08692
320,전남과학대학교,전문대학,사립,전남,B그룹,64.46848614524566,64.371403887446,64.02953871284284,63.78918556998572,64.0818378921635,64.08487
321,전남대학교,대학,국립,광주,A그룹,72.16093791919194,74.08334028804532,73.90630737373745,72.45011881451883,72.50798359956717,72.57616
322,전남도립대학교,전문대학,공립,전남,C그룹,66.20833088883535,66.15468698823837,66.12766248632263,64.70488892302338,62.88571592446638,62.902317
323,전북과학대학교,전문대학,사립,전북,C그룹,64.62931650310807,64.47334485231441,64.59236531263188,64.40680604279062,60.34442744386292,60.413902
324,전북대학교,대학,국립,전북,A그룹,72.0615073973064,72.76654585137084,71.96259808730164,71.50098088528138,69.40786225036075,69.254005
325,전주교육대학교,대학,국립,전북,C그룹,61.95624183135878,60.89210976911983,61.295720929292976,61.429624196854135,60.54719987373738,60.550278
326,전주기전대학,전문대학,사립,전북,C그룹,64.22681287540435,62.75845171345517,62.787379696139155,61.24927035303783,63.25110370046817,63.250866
327,전주대학교,대학,사립,전북,A그룹,65.54039082167144,66.22175402796513,66.3873061280872,66.08568670424219,63.02724594860702,63.017456
328,전주비전대학교,전문대학,사립,전북,B그룹,64.30571787507141,63.91738934574084,64.09150845998455,63.95726380591642,64.08169948981707,64.090324
329,제네바신학대학원대학교,대학원대학,사립,경기,-,61.44945575874122,61.44945575874122,59.85080929598178,61.76374703712952,61.667730418081895,61.640404
330,제주관광대학교,전문대학,사립,제주,C그룹,64.30444703702051,64.18339484188232,63.794358636363704,63.48204014574327,63.86609792679552,63.857998
331,제주국제대학교,대학,사립,제주,C그룹,62.951562367521426,63.08509789133094,62.80456116500359,59.79379097402603,60.32660265079373,60.286076
332,제주대학교,대학,국립,제주,A그룹,68.11955637801316,68.57624090431015,68.34858101686712,68.00684022503147,68.27910862018636,68.190315
333,제주한라대학교,전문대학,사립,제주,A그룹,61.74194024603186,61.42423472222232,60.36679132683992,59.97345403968265,62.42082829942292,62.420845
334,조선간호대학교,전문대학,사립,광주,C그룹,61.383866696969726,61.62126582395384,61.265268173160194,61.58560790642696,61.64178300166507,61.64043
335,조선대학교,대학,사립,광주,A그룹,68.07462480226283,67.73379329530846,66.7215874958856,67.9991623288066,65.81618514090619,65.83306
336,조선이공대학교,전문대학,사립,광주,B그룹,63.474796919192045,63.42977842712855,63.38700971250983,62.89768637917651,63.87677755194816,63.89534
337,주안대학원대학교,대학원대학,사립,인천,-,60.53321350233098,61.666289168997665,60.59359137229435,60.425581221500686,60.15177754995001,60.141167
338,중부대학교,대학,사립,충남,B그룹,66.85845351896361,66.82247020752408,64.61551062707056,66.3281028330513,66.35749144272593,66.36276
339,중앙대학교,대학,사립,서울,A그룹,72.74893255122653,73.295181010101,72.8179664141414,72.75651092352086,71.86926076262624,71.82768
340,중앙승가대학교,대학,사립,경기,C그룹,64.46047063736263,63.63979892973695,63.949038063492075,64.2935288705739,64.01502853968256,64.02082
341,중원대학교,대학,사립,충북,C그룹,64.6457411149426,67.39727599162144,65.92336420352073,64.48847338766991,65.29179213858565,65.2716
342,진주교육대학교,대학,국립,경남,C그룹,61.94070872310564,61.96454483804433,64.11083498263042,66.1721557701697,60.40202869913422,60.367695
343,진주보건대학교,전문대학,사립,경남,B그룹,63.59874754203129,63.514157780126524,64.02615721663449,63.89507263077595,62.9597917142858,62.965534
344,차의과학대학교,대학,사립,경기,C그룹,67.79818953449335,67.57813583177943,67.42063588658573,66.46616748146312,67.59909118993897,67.575066
345,창신대학교,대학,사립,경남,C그룹,66.60611723359514,66.93653993200788,66.52687156032518,66.37725440065688,66.32977097867814,66.320946
346,창원문성대학교,전문대학,사립,경남,C그룹,65.16360711585394,65.56595144805391,65.60851398795843,62.64436461346748,64.81080114380262,64.79367
347,청강문화산업대학교,전문대학,사립,경기,B그룹,65.84072457082007,63.97018477716922,64.1279786404171,65.5449001913107,63.65234458791406,63.636654
348,청암대학교,전문대학,사립,전남,B그룹,63.777916767179285,61.56887659851265,59.42048278848935,60.94186267643473,59.504025399600486,59.506588
349,청운대학교,대학,사립,충남,B그룹,66.57914580577129,66.559961567676,66.59604969244016,66.35880199869597,63.209240970150944,63.215
350,청주교육대학교,대학,국립,충북,C그룹,63.98856816962698,64.04742216962697,65.92251935470206,66.53176063590307,62.746392785270345,62.75433
351,청주대학교,대학,사립,충북,A그룹,65.19304637832944,64.96584732782436,67.02779438786898,67.45557808392228,66.51999934680201,66.523865
352,초당대학교,대학,사립,전남,C그룹,66.78183563994122,66.70926810553361,66.58878371489526,66.6068412545778,66.50234299075949,66.49962
353,총신대학교,대학,사립,서울,C그룹,61.295824157453666,61.38889911716063,62.786415989949894,62.61143339554892,60.89985698040848,60.87701
354,추계예술대학교,대학,사립,서울,C그룹,67.01201934704378,67.0047611539036,66.76199895960033,66.8645346459671,66.62202086818928,66.631065
355,춘천교육대학교,대학,국립,강원,C그룹,62.730516697444635,63.92142961720276,65.3379710464314,66.17386125441666,62.667427856672376,62.64752
356,춘해보건대학교,전문대학,사립,울산,B그룹,64.1321251213964,64.29196645472975,64.40130698002005,64.39446567965378,64.14120598235108,64.14025
357,충남대학교,대학,국립,대전,A그룹,72.40379272727276,72.1977347330448,71.94620897691206,71.55925967066273,70.88566662665109,70.88282
358,충남도립대학교,전문대학,공립,충남,C그룹,64.3356272529092,64.67317709295803,64.58421758502152,64.26184499350842,63.83452638334086,63.817764
359,충북대학교,대학,국립,충북,A그룹,70.86518395028627,70.42107848275379,69.44131950234708,69.27230603030753,68.50956709874254,68.59992
360,충북도립대학교,전문대학,공립,충북,C그룹,65.98897413325759,65.93618513803057,65.59228321356856,64.80527083261616,65.89918232589638,65.87836
361,충북보건과학대학교,전문대학,사립,충북,B그룹,60.25149368914618,63.61418304856457,63.24772237950948,63.059955768065365,63.89515710139869,63.900585
362,충청대학교,전문대학,사립,충북,B그룹,57.15743273254718,56.69069739921385,56.46442941508684,64.07686695476944,63.76037125999133,63.736225
363,치유상담대학원대학교,대학원대학,사립,서울,-,63.145001764346794,63.31709647863249,63.58435662942614,63.267302851648374,63.823539518315066,63.82198
364,칼빈대학교,대학,사립,경기,C그룹,66.80242275469412,65.16633361810652,65.14144880858272,65.05260166572559,65.02603296461112,65.02514
365,탐라대학교,대학,사립,제주,C그룹,53.61179432683986,53.61179432683987,53.61179432683986,53.61179432683986,53.61179432683986,53.611706
366,평택대학교,대학,사립,경기,C그룹,67.58950460813847,67.51994796167386,66.9012042407057,66.56252072508384,66.99153393622353,66.98656
367,포항공과대학교,대학,사립,경북,C그룹,73.16647631240988,74.71150177200582,74.1441912308802,73.52032705627705,74.31955038383843,74.07934
368,포항대학교,전문대학,사립,경북,C그룹,64.1298444150869,64.71040826756773,64.22929052475497,63.35534335159486,62.990386557944085,62.978832
369,한경국립대학교,대학,국립,경기,B그룹,67.25921657765824,66.83873488089623,66.43874637958079,66.43204151578018,66.7296501348278,66.7107
370,한국개발연구원국제정책대학원대학교,대학원대학,사립,세종,-,64.93626116055513,61.29633600649352,65.31408914141414,64.00215872322121,60.32814241441889,60.414806
371,한국골프과학기술대학교,전문대학,사립,강원,C그룹,59.4836604603175,59.43666967460321,59.83120781746036,59.653488841269876,59.37487836507941,59.34022
372,한국공학대학교,대학,사립,경기,B그룹,66.90586655952383,66.80945801287722,67.09638361194486,67.01476842671343,66.8386396974427,66.84822
373,한국과학기술원,대학,국립,대전,A그룹,77.4846065079365,77.95703509523815,77.9780885079365,77.75562571428571,74.93540607142855,74.72157
374,한국관광대학교,전문대학,사립,경기,C그룹,65.90854512721047,64.86886490429119,65.54329470537897,63.42419912792965,64.58809268193116,64.57594
375,한국교원대학교,대학,국립,충북,B그룹,60.79957057084243,62.193745240584946,64.98342222882135,66.05608913116782,57.64643843892339,57.697086
376,한국국제대학교,대학,사립,경남,C그룹,53.61179432683986,53.61179432683987,62.58098596825401,62.47480224053727,64.33265658297259,64.32209
377,한국기술교육대학교,대학,사립,충남,C그룹,67.28740176142303,68.21676459042733,69.11560896196576,69.01159874307957,66.31907984681104,66.32618
378,한국농수산대학교,전문대학,국립,전북,C그룹,65.96179019308671,65.88626867521378,64.21278885592193,64.8385095096016,64.41678132056838,64.43791
379,한국방송통신대학교,대학,국립,서울,A그룹,59.67198429509388,59.78737550144307,61.34843724683775,55.77242850000002,55.85895415079366,55.80139
380,한국복지사이버대학교,전문대학,사립,경북,B그룹,55.88893099350656,55.14239872366526,55.14135372366526,53.83212166017319,54.93311266017319,54.95064
381,한국상담대학원대학교,대학원대학,사립,서울,-,63.48891951975805,63.34812881890338,63.380964075313635,64.96226074847377,60.942026118326126,60.907356
382,한국성서대학교,대학,사립,서울,C그룹,66.77678129832837,66.62154000778318,66.25248968936164,66.07291663070052,64.4575025373759,64.46424
383,한국승강기대학교,전문대학,사립,경남,C그룹,58.06624670634926,58.640615484127046,57.701792865079426,58.30311610317463,59.071794309523895,59.027325
384,한국에너지공과대학교,대학,국립,전남,C그룹,68.60542642740596,59.006967358585854,58.13621523015878,53.61179432683986,53.61179432683986,53.680756
385,한국열린사이버대학교,대학,사립,서울,B그룹,57.83149396176055,57.244508469697024,56.64236542207799,56.79515208874466,56.64236542207797,56.694675
386,한국영상대학교,전문대학,사립,세종,B그룹,63.52656354015749,63.024763857617785,62.69754453632605,64.07083896489752,62.81722213950068,62.819008
387,한국예술종합학교,대학,국립,서울,C그룹,62.617423484404476,64.66717780296831,67.89960396025542,66.94440219568858,61.32416463052959,61.33745
388,한국외국어대학교,대학,사립,서울,A그룹,64.92866535199825,66.27500229365738,66.61787595715283,66.54617132525767,64.6229979163349,64.619156
389,한국전력국제원자력대학원대학교,대학원대학,사립,울산,-,66.16859073115775,66.08683631845935,65.96324643195935,66.75853611211014,62.89654785714283,62.90223
390,한국전통문화대학교,대학,국립,충남,C그룹,62.84934631185482,63.1501725975691,63.10525520074371,63.720954367410386,61.88048048645796,61.872375
391,한국정보통신대학교,대학,사립,대전,C그룹,53.61179432683986,53.61179432683987,53.61179432683986,53.61179432683986,53.61179432683986,53.611706
392,한국철도대학,전문대학,국립,경기,C그룹,53.61179432683986,53.61179432683987,53.61179432683986,53.61179432683986,53.61179432683986,53.611706
393,한국체육대학교,대학,국립,서울,C그룹,67.36468703740249,67.13231206282806,66.55107967055363,65.71203446942145,67.16081844322545,67.18458
394,한국침례신학대학교,대학,사립,대전,C그룹,60.4236747352093,62.93670968675311,63.620591871457314,66.92513265239859,61.889318985847495,61.876293
395,한국폴리텍Ⅰ대학서울강서캠퍼스,전문대학,사립,서울,C그룹,55.478998309523895,55.81802073809531,54.574353993506556,54.18170899350654,55.251725622322155,55.306664
396,한국폴리텍Ⅰ대학서울정수캠퍼스,전문대학,사립,서울,C그룹,56.80623976190485,56.02289469047626,55.45077851731608,57.139808706349285,58.0172392142858,57.952595
397,한국폴리텍Ⅰ대학성남캠퍼스,전문대학,사립,경기,C그룹,56.4305271190477,55.937621847985405,55.830968197191766,54.92085050000004,54.92180292857148,54.934265
398,한국폴리텍Ⅰ대학제주캠퍼스,전문대학,사립,제주,C그룹,61.207783942945994,61.381463107781165,62.03499806993011,62.47446489532694,61.552561561993606,61.560375
399,한국폴리텍Ⅱ대학남인천캠퍼스,전문대학,사립,인천,C그룹,56.76885556676662,60.88277301221003,63.157662093018146,62.93689171206574,53.61179432683986,53.60402
400,한국폴리텍Ⅱ대학인천캠퍼스,전문대학,사립,인천,C그룹,57.277408101953675,55.58385346969703,54.9039995331891,54.77957813636369,57.77576695421248,57.786938
401,한국폴리텍Ⅱ대학화성캠퍼스,전문대학,사립,경기,C그룹,61.2348227722833,61.24540824847378,61.37250170085474,53.61179432683986,53.61179432683986,53.608356
402,한국폴리텍Ⅲ대학강릉캠퍼스,전문대학,사립,강원,C그룹,57.853601662004706,57.384080646131714,58.91964393184599,58.878606550893615,59.19938156349207,59.215664
403,한국폴리텍Ⅲ대학원주캠퍼스,전문대학,사립,강원,C그룹,55.190929525252585,56.84303730303038,57.894472731601795,57.4455477316018,58.30957769375074,58.29339
404,한국폴리텍Ⅲ대학춘천캠퍼스,전문대학,사립,강원,C그룹,57.164316900099934,55.614031668109725,54.85882940620497,54.73317940620497,55.20931578715736,55.257626
405,한국폴리텍Ⅳ대학대전캠퍼스,전문대학,사립,대전,C그룹,55.93154689826848,54.636199533189085,55.30311099350656,54.66320619985576,56.456538136363704,56.390068
406,한국폴리텍Ⅳ대학아산캠퍼스,전문대학,사립,충남,C그룹,54.99440228715736,54.53664687445893,54.53664687445894,54.43398020779226,55.764683619047695,55.743977
407,한국폴리텍Ⅳ대학청주캠퍼스,전문대학,사립,충북,C그룹,55.23168835714293,55.21972407142862,55.58050216666675,55.58050216666674,56.781207658730246,56.84693
408,한국폴리텍Ⅳ대학충남캠퍼스,전문대학,사립,충남,C그룹,55.051847144300204,54.974588810966864,54.9482802395383,54.63850839826844,57.14545420634927,57.1637
409,한국폴리텍Ⅴ대학광주캠퍼스,전문대학,사립,광주,C그룹,56.65569911255418,55.96282831890339,55.60658165223673,56.408143334776405,55.95403568398275,56.013874
410,한국폴리텍Ⅴ대학순천캠퍼스,전문대학,사립,전남,C그룹,63.625459208791256,61.65669705944061,62.93519894688648,63.39144361355315,62.57175939277394,62.594707
411,한국폴리텍Ⅴ대학익산캠퍼스,전문대학,사립,전북,C그룹,56.44727084126992,56.42493417460325,56.05513279365088,55.93614779365087,57.364158888888944,57.435978
412,한국폴리텍Ⅴ대학전남캠퍼스,전문대학,사립,전남,C그룹,56.45721640803647,56.115909836607884,55.847291884226934,55.48369878898882,56.272771619047674,56.21599
413,한국폴리텍Ⅴ대학전북캠퍼스,전문대학,사립,전북,C그룹,55.672916238095304,53.61179432683987,55.92940651465207,53.830082922077956,54.42080073160177,54.46594
414,한국폴리텍Ⅵ대학구미캠퍼스,전문대학,사립,경북,C그룹,54.406973541125595,54.40697354112559,54.18229732683988,53.89231899350653,55.20655785714291,55.05688
415,한국폴리텍Ⅵ대학대구캠퍼스,전문대학,사립,대구,C그룹,55.694552166666746,56.97767526190485,57.23676915079373,57.23239992857152,56.99644750000008,57.06231
416,한국폴리텍Ⅵ대학영남융합기술캠퍼스,전문대학,사립,대구,C그룹,57.515587777777824,56.74387941269847,56.69832441269846,56.21324536507943,56.636039841269906,56.5924
417,한국폴리텍Ⅵ대학영주캠퍼스,전문대학,사립,경북,C그룹,61.516059438949966,57.11304371428575,60.81975191297594,56.55747041269846,55.96487946031753,55.941723
418,한국폴리텍Ⅶ대학동부산캠퍼스,전문대학,사립,부산,C그룹,60.50244068487071,60.49396735153739,55.21325642857146,53.61179432683986,53.61179432683986,53.64154
419,한국폴리텍Ⅶ대학부산캠퍼스,전문대학,사립,부산,C그룹,54.3522123268399,54.31197066017321,54.26095399350655,54.209303993506545,54.964816261904815,54.87049
420,한국폴리텍Ⅶ대학울산캠퍼스,전문대학,사립,울산,C그룹,56.85330101587311,56.64168506349213,56.63895982539692,56.33307168253975,56.405345444444514,56.45143
421,한국폴리텍Ⅶ대학진주캠퍼스,전문대학,사립,경남,C그룹,61.54191228815634,61.755910621489676,55.21325642857146,53.61179432683986,53.61179432683986,53.644047
422,한국폴리텍Ⅶ대학창원캠퍼스,전문대학,사립,경남,C그룹,53.61179432683986,57.90702742390947,57.907027423909476,58.196180757242814,58.36587270962377,58.428497
423,한국폴리텍특성화 로봇캠퍼스,전문대학,사립,경북,C그룹,56.747573852480905,56.578241461760534,56.63021460461768,53.61179432683986,53.61179432683986,53.699326
424,한국폴리텍특성화 바이오캠퍼스,전문대학,사립,충남,C그룹,55.854977357142914,55.64226807142862,54.165932445887485,53.881851493506524,54.427987969697014,54.479122
425,한국폴리텍특성화 반도체융합캠퍼스,전문대학,사립,경기,C그룹,54.42123920779225,53.61179432683987,56.17521457142864,55.430119809523845,55.75100761904768,55.681717
426,한국폴리텍특성화 항공캠퍼스,전문대학,사립,경남,C그룹,55.81947030952388,55.47713264285719,55.44757457142864,55.19404800000005,55.48167766666673,55.462364
427,한국학대학원,대학원대학,국립,경기,-,62.3301861396936,61.845999692807176,62.52055685397933,62.31003194921742,62.4337203301698,62.448807
428,한국항공대학교,대학,사립,경기,C그룹,67.19873510451973,67.49798699611041,67.3256174305714,66.99609053579296,65.8280059022778,65.851524
429,한남대학교,대학,사립,대전,A그룹,67.76329248843824,67.30818212655177,67.32820941465647,66.93038525694446,61.27966040519588,61.27351
430,한동대학교,대학,사립,경북,C그룹,60.46650419829712,60.441079778272716,60.048659516367906,63.906796558325986,58.78885219024961,58.709126
431,한라대학교,대학,사립,강원,C그룹,67.32178096242194,66.78235583518946,66.41175125779324,66.09222563896758,67.43641167538217,67.42389
432,한려대학교,대학,사립,전남,C그룹,53.61179432683986,53.61179432683987,53.61179432683986,62.391899002442024,62.40901233577537,62.40888
433,한림국제대학원대학교,대학원대학,사립,서울,-,56.2151063479854,56.5407964432235,56.468878443223495,55.71096657142863,55.97818500000007,56.00086
434,한림대학교,대학,사립,강원,B그룹,69.26703858827916,69.5309618823704,69.62894549373027,69.60366164099308,68.82948276445758,68.84227
435,한림성심대학교,전문대학,사립,강원,B그룹,63.60117156252398,62.89359310281701,62.59793642807388,62.75846933105978,59.50963136785443,59.50752
436,한민학교,대학,사립,충남,C그룹,53.61179432683986,53.61179432683987,53.61179432683986,53.61179432683986,53.61179432683986,53.611706
437,한반도국제대학원대학교,대학원대학,사립,서울,-,62.08519458974361,61.79778181196585,61.8270796691087,61.17709296603401,61.812925145299175,61.809227
438,한북대학교,대학,사립,경기,C그룹,53.61179432683986,53.61179432683987,53.61179432683986,53.61179432683986,53.61179432683986,53.611706
439,한서대학교,대학,사립,충남,B그룹,66.87311445424042,66.84423093902446,67.0157811303718,66.8175026279322,66.7475920994542,66.751144
440,한성대학교,대학,사립,서울,B그룹,66.59440999987918,65.86112849649366,65.94358671875364,66.5345773868633,65.91019399643163,65.92825
441,한세대학교,대학,사립,경기,C그룹,66.63342701747794,67.02186570261753,67.51026544805389,67.42128141264483,66.14627213956757,66.158035
442,한신대학교,대학,사립,경기,B그룹,66.37596472493638,66.79849556401298,66.36302704198597,66.5992849335121,65.08787699597748,65.11105
443,한양대학교,대학,사립,서울,A그룹,74.53831356204903,75.95551774025971,74.90599097546901,74.93759479268873,70.72488171428569,70.51173
444,한양대학교(ERICA),대학,사립,경기,A그룹,68.54665162323232,68.67276587852905,68.95314386175663,68.89205028536377,63.02674702501366,63.021797
445,한양여자대학교,전문대학,사립,서울,A그룹,64.29193074900229,65.02418129967384,65.44347452189605,64.99440329700982,64.2807023141038,64.287796
446,한영대학교,전문대학,사립,전남,C그룹,63.09039217316025,63.00546487268293,62.80138297496952,62.686424439615976,61.9937353429349,61.993164
447,한일장신대학교,대학,사립,전북,C그룹,65.78822820342545,65.79055887712722,65.50057493552907,66.3445136359907,65.87497678207336,65.88528
448,한중대학교,대학,사립,강원,C그룹,53.61179432683986,53.61179432683987,53.61179432683986,53.61179432683986,53.61179432683986,53.611706
449,합동신학대학원대학교,대학원대학,사립,경기,-,60.93156135397932,60.253569795981775,60.50853362931512,60.50440886741035,60.11706470074367,60.133038
450,해군사관학교,기타,기타,경남,-,58.7938391998558,59.86704866450227,59.340089188311794,58.823433906205,59.246197444444554,59.205116
451,협성대학교,대학,사립,경기,C그룹,66.57336354903767,66.8335768078079,66.57672493912101,66.83330927797537,66.71839692729046,66.70908
452,혜전대학교,전문대학,사립,충남,B그룹,66.17649619264263,66.52256261422106,64.64629046292792,65.02721700094547,64.78733026404473,64.804375
453,호남대학교,대학,사립,광주,B그룹,67.13579978245325,66.63492107644913,67.4930089110356,66.46760891627596,67.09417225566418,67.108284
454,호남신학대학교,대학,사립,광주,C그룹,65.421660965146,65.40400945254096,65.16565756911444,65.44835191285841,63.080668880154484,63.06203
455,호산대학교,전문대학,사립,경북,C그룹,63.09732190232191,61.85136188356286,62.43310180924832,62.73169999106651,62.655576677711274,62.636906
456,호서대학교,대학,사립,충남,A그룹,58.93578854195379,63.98797521049929,62.84524830837659,62.53228389249401,61.40527865627032,61.397335
457,호원대학교,대학,사립,전북,B그룹,66.74277353269412,66.78033901204563,66.78148412793217,66.30508123898224,66.72123557429022,66.707886
458,홍익대학교,대학,사립,서울,A그룹,64.36491180519482,67.01175387950936,68.16709670485072,67.78360566378068,69.08873930952376,69.056854
459,화성의과학대학교,대학,사립,경기,C그룹,60.3663749635855,57.80512676984132,55.69454166810975,55.014511731601786,58.38017447619058,58.474163
460,화신사이버대학교,대학,사립,부산,C그룹,57.4306207651793,57.534801209623765,57.3829145429571,56.675540304861855,56.54524319375074,56.47975
461,횃불트리니티신학대학원대학교,대학원대학,사립,서울,-,60.439068589632555,61.24542449439446,61.36006343090239,64.46353013941612,59.977498200133184,60.001694
