YR,RK,SNM,SCR,ID,STYP,FND,RGN,USC,BR_TCNT_KB,BR_TCNT_OB,BR_TCNT_SUM,BR_BCNT_KB,BR_BCNT_OB,BR_BCNT_SUM,ER_EJN_PKG,ER_WDB_PKG,ER_EB_TCNT,ER_ELV_PKG,ER_TTL_PKG,ER_TTL_TCNT,SRL_KR,SRL_OT,SRL_TTL,AHC_ABI_BUY,AHC_ABI_DON,AHC_ABI_TTL,AHC_ATI,AHC_ARM,BPS_BO,BPS_SCP,BPS_BPS,GRR_AHBC,GRR_BO,GRR_GRR,FACLT_LAS,FACLT_RS_TRS,FACLT_EQP_TPC,APS_AR,APS_SCC,APS_APS,STL_USTL,STL_BC,STL_SRC,STL_NBC,STL_ERC_EJN,STL_ERC_WDB,STL_ERC_EB,STL_ERC_OER,STL_MCT,BGT_UBGT,BGT_BC,BGT_SRC,BGT_NBC,BGT_ERC_EJN,BGT_ERC_WDB,BGT_ERC_EB,BGT_ERC_OER,BGT_MCT,CPSS_MC,CPSS_SCP,CPSS_CPS,LBRT_MC,LBRT_USTL,LBRT_BRT,BG3Y_MCS_20A,BG3Y_MCS_21B,BG3Y_MCS_22C,BG3Y_BG3Y,VUC_VTC_PYR_SC,VUC_VTC_PYR_UGRD,VUC_VTC_PYR_GRAD,VUC_VTC_PYR_FFAC,VUC_VTC_PYR_PFAC,VUC_VTC_PYR_STF,VUC_VTC_PYR_OTH,VUC_VTC_PYR_SUM,VUC_VTC_CYR_SC,VUC_VTC_CYR_UGRD,VUC_VTC_CYR_GRAD,VUC_VTC_CYR_FFAC,VUC_VTC_CYR_PFAC,VUC_VTC_CYR_STF,VUC_VTC_CYR_OTH,VUC_VTC_CYR_SUM,VUC_DPC,VUC_UC_LUC,LS_LU_UGRD,LS_LU_GRAD,LS_LU_FAC,LS_LU_STF,LS_LU_OTH,LS_LU_SUM,LS_LB_UGRD,LS_LB_GRAD,LS_LB_FAC,LS_LB_STF,LS_LB_OTH,LS_LB_SUM,RCOL_RBF10_REQ,RCOL_RBF10_PRV,RCOL_RAF10_CSLT,RCOL_RAF10_PHN,RCOL_RAF10_ONL,RCOL_RFLN_REQ,RCOL_RFLN_PRV,RCOL_RFC_REQ,RCOL_RFC_PRV,UE_OEU_EDC,UE_OEU_EP,UE_REU_EDC,UE_REU_EP,LPS_LB,LPS_SCP,LPS_LPS,VPS_VC,VPS_SCP,VPS_VPS,STF_FT_EXC_SL1,STF_FT_EXC_SL2,STF_FT_EXC_ALIB,STF_FT_EXC_NOH,STF_FT_EXC_SUM,STF_FT_MRL_SL1,STF_FT_MRL_SL2,STF_FT_MRL_ALIB,STF_FT_MRL_NOH,STF_FT_MRL_SUM,STF_PT_EXC_SL1,STF_PT_EXC_SL2,STF_PT_EXC_ALIB,STF_PT_EXC_NOH,STF_PT_EXC_SUM,STF_PT_MRL_SL1,STF_PT_MRL_SL2,STF_PT_MRL_ALIB,STF_PT_MRL_NOH,STF_PT_MRL_SUM,STF_TTL_EXC_SL1,STF_TTL_EXC_SL2,STF_TTL_EXC_ALIB,STF_TTL_EXC_NOH,STF_TTL_EXC_SUM,STF_TTL_MRL_SL1,STF_TTL_MRL_SL2,STF_TTL_MRL_ALIB,STF_TTL_MRL_NOH,STF_TTL_MRL_SUM,STF_TTL_SUM_SL1,STF_TTL_SUM_SL2,STF_TTL_SUM_ALIB,STF_TTL_SUM_NOH,STF_TTL_SUM_SUM,SES_OE_PTH,SES_OE_PTC,SES_OE2_PTH,SES_OE2_PTC,SPK_FT_LIB,SPK_FT_NLIB,SPK_PT_LIB,SPK_PT_NLIB,SPK_SCC,SPK_SPK,LPK_LFT2,LPK_LPT2,LPK_SCC,LPK_LPK,EHS_EH,EHS_LFT,EHS_LPT,EHS_EHS
2022,1,서울대학교,86.5,200,대학,국립,서울,A그룹,768131,1717857,2485988,2169296,2997720,5167016,90,111,813159,0,201,813159,1203,1730,2933,37931,39271,77202,54115,20128,5167016,27924,185.0,77202,5167016,1.5,79511.0,9581,373,79511.0,28266,2.799999952316284,965619014439,1896900929,864804158,47325240,7339239800,1891159253,0,5725449,12045154829,941057327000,1750400000,861304350,106600000,7862766860,1348589585,0,40260000,11969920795,12045154829,27924,431354.9,12045154829,965619014439,1.2,13433164000,13402274468,12045154829,-5.2,27924,16045,11879,2256,3546,2036,17647,53409,28266,15870,12396,2278,3804,3222,8297,45867,0,1282773,10115,9593,1326,3188,2338,26560,69005,104078,19294,30870,72700,295947,0,0,26286,28783,35908,3182,2104,3497,7183,336,5783,6,553,173083,27924,6.199999809265137,1282773,27924,45.900001525878906,26,48.0,0,7,81.0,0,0,0,0.0,0.0,1,4.0,1,0.0,6.0,0,0,0,0,0,27,52.0,1,7.0,87.0,0,0,0,0.0,0.0,27,52.0,1,7.0,87.0,828.0,173,1876.0,543,74.0,7.0,6.0,0.0,28266,3.0,74.0,6.0,28266,2.799999952316284,2704.0,83.0,6.0,30.39999961853028
2022,2,고려대학교,79.6,50,대학,사립,서울,A그룹,671164,1107752,1778916,1523649,1681306,3204955,126,106,1066326,8,240,1066326,873,1208,2081,37021,12635,49656,38262,29185,3204955,29572,108.4000015258789,49656,3204955,1.600000023841858,49714.5,7176,254,49714.5,29445,1.7000000476837158,580069756428,1039468052,528984736,543070,4608216379,1212530784,0,284862091,7674605112,656501698000,1016461550,573000000,2800000,4694236000,1139232000,0,294615450,7720345000,7674605112,29572,259522.7,7674605112,580069756428,1.3,7374375959,7335666765,7674605112,2.0,29572,20047,9525,1504,2769,1181,1658,36684,29445,19598,9847,1511,2929,1150,1740,36775,0,2261357,7719,3345,1013,881,401,13359,98358,84360,24546,14136,30881,252281,0,0,17525,30753,6112,2717,3616,5810,9256,551,3873,1,115,182718,29572,6.199999809265137,2261357,29572,76.5,12,11.0,1,3,27.0,0,0,0,0.0,0.0,0,12.0,2,3.0,17.0,0,0,0,0,0,12,23.0,3,6.0,44.0,0,0,0,0.0,0.0,12,23.0,3,6.0,44.0,1312.0999755859375,243,535.7999877929688,121,24.0,3.0,14.0,3.0,29445,1.2999999523162842,24.0,14.0,29445,1.2999999523162842,1847.9000244140625,27.0,17.0,42.0
2022,3,연세대학교,79.5,272,대학,사립,서울,A그룹,903052,964121,1867173,1557490,1306902,2864392,74,88,450622,1,163,450622,753,588,1341,123318,15515,138833,128170,1348,2864392,30796,93.0,138833,2864392,5.099999904632568,68830.1015625,7126,788,68830.1015625,31135,2.200000047683716,845777632375,1139194611,398184602,52617970,5465956819,1572142971,0,114193306,8742290279,921503664000,1150000000,426824000,50000000,5580000000,1640000000,0,120000000,8966824000,8742290279,30796,283877.5,8742290279,845777632375,1.0,8630570458,8086493184,8742290279,0.9,30796,19016,11780,1729,3451,1189,7111,44276,31135,19239,11896,1731,3695,1162,7223,44946,0,1145093,7953,5236,1625,2253,784,17851,72524,90374,36672,26103,113264,338937,0,0,19680,15290,10390,3921,6533,2394,8014,354,12662,52,5246,162898,30796,5.300000190734863,1145093,30796,37.20000076293945,10,21.0,0,4,35.0,1,1,0,0.0,2.0,0,16.0,4,5.0,25.0,0,0,0,0,0,10,37.0,4,9.0,60.0,1,1,0,0.0,2.0,11,38.0,4,9.0,62.0,2076.0,523,708.0,151,33.0,4.0,20.0,5.0,31135,1.7999999523162842,33.0,20.0,31135,1.7000000476837158,2784.0,39.0,26.0,42.79999923706055
2022,4,성균관대학교,78.9,227,대학,사립,서울,A그룹,749147,570024,1319171,1367083,839421,2206504,49,64,692794,6,119,692794,255,119,374,45057,5468,50525,28977,1599,2206504,27431,80.4000015258789,50525,2206504,2.299999952316284,41619.69921875,6494,671,41619.69921875,26851,1.600000023841858,537578103479,873271987,309329265,7575580,2299184578,1521756837,0,120421766,5131540013,554930473000,801100000,450000000,10000000,2522265000,1393818000,0,100400000,5277583000,5131540013,27431,187070.8,5131540013,537578103479,1.0,5209981556,4566363173,5131540013,0.0,27431,18882,8549,1496,2060,423,21060,52470,26851,18298,8553,1525,2179,479,17626,48660,0,2674517,8594,3792,681,241,1059,14367,69905,50126,16264,3740,66521,206556,0,0,12180,8731,4835,1832,892,2220,2210,107,4166,0,0,120031,27431,4.400000095367432,2674517,27431,97.5,4,5.0,0,3,12.0,0,0,0,0.0,0.0,1,16.0,10,5.0,32.0,0,0,0,0,0,5,21.0,10,8.0,44.0,0,0,0,0.0,0.0,5,21.0,10,8.0,44.0,619.0,167,780.0,179,9.0,3.0,27.0,5.0,26851,1.2999999523162842,9.0,27.0,26851,1.2999999523162842,1399.0,13.0,32.0,31.100000381469727
2022,5,한국과학기술원,78.0,373,대학,국립,대전,A그룹,307498,396437,703935,426908,457848,884756,71,68,465713,2,141,465713,89,14,103,30972,5715,36687,31970,164,884756,10824,81.69999694824219,36687,884756,4.300000190734863,28245.900390625,2820,102,28245.900390625,11059,2.5999999046325684,985997483430,861391388,33872112,9598400,5760136013,1496105037,0,259587455,8420690405,1110521836979,750000000,50420000,30000000,5377923000,1873764000,0,311100000,8393207000,8420690405,10824,777964.7,8420690405,985997483430,0.9,7699773967,8290533747,8420690405,4.6,10824,3619,7205,646,645,2318,605,15038,11059,3665,7394,666,671,2379,637,15412,0,214524,1708,2867,315,801,23,5714,13487,21918,3060,9707,58826,106998,0,0,4254,4993,1678,472,108,235,994,12,104,3,112,35405,10824,3.299999952316284,214524,10824,19.799999237060547,4,11.0,0,5,20.0,0,0,0,0.0,0.0,2,8.0,0,5.0,15.0,0,0,0,0,0,6,19.0,0,10.0,35.0,0,0,0,0.0,0.0,6,19.0,0,10.0,35.0,792.0,162,222.5,37,15.0,5.0,10.0,5.0,11059,2.700000047683716,15.0,10.0,11059,2.299999952316284,1014.5,20.0,16.0,28.200000762939453
2022,6,한양대학교,76.6,443,대학,사립,서울,A그룹,611016,462345,1073361,1117764,663973,1781737,47,55,402416,4,106,402416,374,175,549,28452,9179,37631,32300,5449,1781737,23581,75.5999984741211,37631,1781737,2.200000047683716,26082.0,3717,284,26082.0,23338,1.100000023841858,387123820170,765082180,86647342,9934230,3886303784,1076408815,0,48818919,5873195270,396555111227,786574208,89081365,10213294,3995474474,1106646362,0,50190298,6038180001,5873195270,23581,249064.7,5873195270,387123820170,1.5,5313465774,5309410332,5873195270,5.3,23581,15800,7781,1067,2123,714,25952,53437,23338,15448,7890,1138,2234,745,25140,52595,0,578573,5047,3126,614,523,555,9865,59931,41980,15301,8906,14806,140924,0,0,2130,10903,2854,170,271,491,1348,91,1896,17,2163,101911,23581,4.300000190734863,578573,23581,24.5,8,8.0,2,0,18.0,0,0,0,0.0,0.0,0,9.0,0,2.0,11.0,0,0,0,0,0,8,17.0,2,2.0,29.0,0,0,0,0.0,0.0,8,17.0,2,2.0,29.0,147.0,35,882.4000244140625,229,18.0,0.0,9.0,2.0,23338,1.100000023841858,18.0,9.0,23338,1.2000000476837158,1029.4000244140625,18.0,8.0,39.59999847412109
2022,7,경희대학교,75.6,45,대학,사립,서울,A그룹,967591,404852,1372443,2000747,631563,2632310,68,45,453983,6,119,453983,39,38,77,26765,4814,31579,28205,6143,2632310,34454,76.4000015258789,31579,2632310,1.2000000476837158,37855.30078125,4893,230,37855.30078125,34414,1.100000023841858,473511323201,643294614,10821364,2345690,4289817724,1140443549,0,325671132,6412394073,488908939000,604186916,11500000,2400000,3429000000,1130113000,0,183000000,5360199916,6412394073,34454,186114.6,6412394073,473511323201,1.4,5460519881,5415872525,6412394073,8.8,34454,26582,7872,1361,2219,1152,23085,62271,34414,25998,8416,1361,2365,1110,23544,62794,0,673552,5543,2120,858,573,2533,11627,60832,29238,16879,11439,80964,199352,0,0,24679,17487,3782,544,1270,1018,1510,81,2379,249,3359,90070,34454,2.5999999046325684,673552,34454,19.5,11,6.0,1,1,19.0,0,0,0,0.0,0.0,0,20.0,1,0.0,21.0,0,0,0,0,0,11,26.0,2,1.0,40.0,0,0,0,0.0,0.0,11,26.0,2,1.0,40.0,1045.5,315,308.0,64,18.0,1.0,21.0,0.0,34414,1.0,18.0,21.0,34414,1.100000023841858,1353.5,19.0,22.0,33.0
2022,8,포항공과대학교,75.5,367,대학,사립,경북,C그룹,89865,179590,269455,114065,265175,379240,41,22,630565,0,63,630565,32,31,63,2987,242,3229,2901,657,379240,3298,115.0,3229,379240,0.8999999761581421,16086.7001953125,1001,25,16086.7001953125,3305,4.900000095367432,220655999466,89861590,45226210,4200000,2586213128,310530014,0,168704580,3204735522,245919739000,65500000,47095650,1320000,2532679972,307635834,0,136493085,3090724541,3204735522,3298,971720.9,3204735522,220655999466,1.5,4126025557,2903606937,3204735522,-9.6,3298,1352,1946,287,202,1013,3474,8274,3305,1285,2020,283,203,1061,3336,8188,0,158751,477,852,103,137,343,1912,3401,5941,1673,2276,3262,16553,0,0,6,109,73,32,1,366,613,0,0,14,586,9342,3298,2.799999952316284,158751,3298,48.09999847412109,1,5.0,1,0,7.0,0,0,0,0.0,0.0,0,1.0,1,4.0,6.0,0,0,0,0,0,1,6.0,2,4.0,13.0,0,0,0,0.0,0.0,1,6.0,2,4.0,13.0,102.5,19,531.0,113,7.0,0.0,2.0,4.0,3305,3.200000047683716,7.0,2.0,3305,2.700000047683716,633.5,8.0,8.0,39.59999847412109
2022,9,경북대학교,75.1,33,대학,국립,대구,A그룹,866000,706305,1572305,2272508,1155065,3427573,51,57,554416,3,111,554416,830,572,1402,38195,7183,45378,23325,24830,3427573,27380,125.1999969482422,45378,3427573,1.2999999523162842,41449.19921875,5620,190,41449.19921875,26917,1.5,373713606853,927081330,1161405120,3795360,2121963190,1069953830,0,246023220,5530222050,347107740000,792640000,1186560000,3800000,1980000000,726800000,0,34200000,4724000000,5530222050,27380,201980.4,5530222050,373713606853,1.5,5085824740,4958487940,5530222050,4.5,27380,21556,5824,1360,1752,1073,11312,42877,26917,21028,5889,1392,1819,1055,13432,44615,0,2637905,6452,1612,890,603,5718,15275,55261,19290,17208,9233,122427,223419,0,0,20496,17157,679,979,1292,1712,7508,192,3017,0,0,74551,27380,2.700000047683716,2637905,27380,96.3000030517578,14,13.5,0,3,30.5,0,0,0,0.0,0.0,2,11.5,1,1.0,15.5,0,0,0,0,0,16,25.0,1,4.0,46.0,0,0,0,0.0,0.0,16,25.0,1,4.0,46.0,1422.699951171875,318,1250.0999755859375,366,27.5,3.0,14.5,1.0,26917,1.600000023841858,27.5,14.5,26917,1.600000023841858,2672.800048828125,37.0,11.0,55.70000076293945
2022,10,울산대학교,75.0,297,대학,사립,울산,A그룹,409278,203666,612944,694350,459293,1153643,55,46,86854,0,101,86854,204,12,216,10328,2014,12342,10396,0,1153643,13888,83.0999984741211,12342,1153643,1.100000023841858,22111.69921875,3316,110,22111.69921875,13264,1.7000000476837158,253764179216,251277001,7241380,5023280,3039847157,389272174,0,184218123,3876879115,226410871000,387777000,10000000,0,3312530000,364227000,0,2500000,4077034000,3876879115,13888,279153.2,3876879115,253764179216,1.5,3915786715,3806856860,3876879115,-0.5,13888,11888,2000,1149,1076,331,13516,29960,13264,11361,1903,1131,1098,318,10686,26497,0,141663,2880,338,389,306,415,4328,28262,3383,6056,5512,9791,53004,0,0,663,3441,406,113,268,784,614,65,2504,8,1621,31645,13888,2.299999952316284,141663,13888,10.199999809265137,4,11.0,0,0,15.0,0,0,0,0.0,0.0,0,5.0,0,0.0,5.0,0,0,0,0,0,4,16.0,0,0.0,20.0,0,0,0,0.0,0.0,4,16.0,0,0.0,20.0,233.1999969482422,74,184.0,38,15.0,0.0,5.0,0.0,13264,1.399999976158142,15.0,5.0,13264,1.5,417.2000122070313,16.0,6.0,19.0
2022,11,전남대학교,74.9,321,대학,국립,광주,A그룹,860470,481364,1341834,1333253,603440,1936693,42,43,245340,0,85,245340,1154,267,1421,27942,10199,38141,24767,104445,1936693,23752,81.5,38141,1936693,2.0,40393.0,5351,154,40393.0,23488,1.7000000476837158,384735317253,564546613,98250276,7123730,2070207179,709363910,0,0,3449491708,281001610000,605520000,100000000,11500000,2049711600,712388400,0,0,3479120000,3449491708,23752,145229.5,3449491708,384735317253,0.9,3418003087,3361102344,3449491708,0.5,23752,18959,4793,1262,1374,902,4596,31886,23488,18766,4722,1285,1382,916,4572,31643,0,673461,7097,2145,1062,612,1283,12199,57063,27311,20822,9713,16869,131778,0,0,6615,9455,1088,815,644,708,312,219,2267,61,1302,84374,23752,3.5999999046325684,673461,23752,28.39999961853028,12,25.0,0,1,38.0,0,0,0,0.0,0.0,0,5.0,0,0.0,5.0,0,0,0,0,0,12,30.0,0,1.0,43.0,0,0,0,0.0,0.0,12,30.0,0,1.0,43.0,2183.199951171875,826,481.1000061035156,143,37.0,1.0,5.0,0.0,23488,1.7999999523162842,37.0,5.0,23488,1.7999999523162842,2664.300048828125,37.0,5.0,63.400001525878906
2022,12,부산대학교,74.7,178,대학,국립,부산,A그룹,851843,446419,1298262,1683113,848206,2531319,44,58,637525,5,107,637525,506,251,757,45971,9671,55642,38612,76731,2531319,27386,92.4000015258789,55642,2531319,2.200000047683716,35855.69921875,4645,144,35855.69921875,26772,1.2999999523162842,410450562159,950687800,424758570,14000000,2907018950,901048710,0,79668230,5277182260,310173021000,960000000,132730000,14000000,3160911000,901122000,0,87000000,5255763000,5277182260,27386,192696.4,5277182260,410450562159,1.3,5753244780,5601337370,5277182260,-4.2,27386,19880,7506,1375,1961,937,1805,33464,26772,19258,7514,1413,1980,930,1831,32926,0,1041735,7866,2735,1134,1183,1104,14022,88954,41758,35502,24426,27224,217864,0,0,9404,9794,445,583,1242,2562,2512,88,2795,507,5249,130712,27386,4.800000190734863,1041735,27386,38.0,12,33.0,0,1,46.0,0,0,0,0.0,0.0,0,3.0,0,3.0,6.0,0,0,0,0,0,12,36.0,0,4.0,52.0,0,0,0,0.0,0.0,12,36.0,0,4.0,52.0,1099.5,224,1057.699951171875,316,45.0,1.0,3.0,3.0,26772,1.899999976158142,45.0,3.0,26772,1.7999999523162842,2157.199951171875,42.0,7.0,44.0
2022,13,울산과학기술원,74.1,295,대학,국립,울산,C그룹,99999,145192,245191,112097,157716,269813,37,21,376361,0,58,376361,0,0,0,5955,456,6411,6322,1166,269813,4041,66.80000305175781,6411,269813,2.400000095367432,10657.0,1021,107,10657.0,3995,2.700000047683716,299693764153,60000000,1744700,2997000,1172658177,405476379,0,4222938,1647099194,310267993593,130000000,0,3000000,1315000000,435000000,0,10000000,1893000000,1647099194,4041,407596.9,1647099194,299693764153,0.5,1580502001,1520445897,1647099194,2.3,4041,1933,2108,311,155,437,186,5130,3995,1754,2241,324,163,451,112,5045,0,81089,668,675,103,339,41,1826,6309,4531,897,3217,3330,18284,0,0,346,2029,1646,69,69,468,444,0,0,15,242,10840,4041,2.700000047683716,81089,4041,20.100000381469727,1,2.0,0,1,4.0,0,0,0,0.0,0.0,0,4.0,0,4.0,8.0,0,0,0,0,0,1,6.0,0,5.0,12.0,0,0,0,0.0,0.0,1,6.0,0,5.0,12.0,0.0,0,15.0,3,3.0,1.0,4.0,4.0,3995,2.299999952316284,3.0,4.0,3995,1.7999999523162842,15.0,5.0,6.0,1.399999976158142
2022,14,이화여자대학교,73.4,308,대학,사립,서울,A그룹,627658,536806,1164464,992515,748314,1740829,37,88,436967,8,133,436967,533,711,1244,44364,3708,48072,43470,53150,1740829,21515,80.9000015258789,48072,1740829,2.799999952316284,22120.0,3523,361,22120.0,21080,1.0,400447130210,718232950,678045695,5523463,2420641312,898585729,0,72836338,4793865487,416773288000,761000000,708000000,5000000,2387000000,903840000,0,61000000,4825840000,4793865487,21515,222815.0,4793865487,400447130210,1.2,4815531565,4822451661,4793865487,-0.2,21515,15928,5587,975,1878,644,9536,34548,21080,15281,5799,989,2000,660,9363,34092,0,344595,5234,3555,874,417,2346,12426,44317,62582,21336,8510,99898,236643,0,0,829,2182,2142,2356,2428,4076,7696,84,1778,363,5904,106899,21515,5.0,344595,21515,16.0,12,8.0,0,1,21.0,0,0,0,0.0,0.0,0,10.0,12,2.0,24.0,0,0,0,0,0,12,18.0,12,3.0,45.0,0,0,0,0.0,0.0,12,18.0,12,3.0,45.0,1115.5,222,443.0,98,20.0,1.0,22.0,2.0,21080,1.899999976158142,20.0,22.0,21080,2.0,1558.5,21.0,23.0,35.400001525878906
2022,15,전북대학교,72.9,324,대학,국립,전북,A그룹,621867,176051,797918,1439740,430795,1870535,44,39,138708,6,89,138708,756,375,1131,24532,9491,34023,25608,0,1870535,21919,85.30000305175781,34023,1870535,1.899999976158142,40489.0,3952,368,40489.0,21391,1.899999976158142,309658394066,294166240,484582840,10288750,1647341728,708956900,0,61040000,3206376458,292489000000,375000000,60000000,0,1700000000,758000000,0,62000000,2955000000,3206376458,21919,146283.0,3206376458,309658394066,1.0,3439279215,3215297327,3206376458,-3.4,21919,18153,3766,1060,1535,751,3916,29181,21391,17561,3830,1083,1623,757,3393,28247,0,388978,8659,1770,671,387,921,12408,46215,15265,9649,4674,10462,86265,0,0,4543,5649,1029,682,451,2389,1838,23,734,174,4750,61480,21919,2.799999952316284,388978,21919,17.700000762939453,11,21.0,1,1,34.0,0,0,0,0.0,0.0,1,1.0,0,0.0,2.0,0,0,0,0,0,12,22.0,1,1.0,36.0,0,0,0,0.0,0.0,12,22.0,1,1.0,36.0,741.5,141,1590.0,435,33.0,1.0,2.0,0.0,21391,1.7000000476837158,33.0,2.0,21391,1.600000023841858,2331.5,34.0,2.0,64.80000305175781
2022,16,가톨릭대학교,72.8,6,대학,사립,경기,A그룹,444554,260607,705161,741972,411845,1153817,96,68,463407,5,169,463407,974,226,1200,21391,3161,24552,19942,44232,1153817,10444,110.5,24552,1153817,2.200000047683716,17684.0,3119,185,17684.0,10504,1.7000000476837158,318538541370,317907532,62877296,99805365,3018604464,629829957,0,68635336,4197659950,256736932000,307500000,68100000,150500000,3128757360,675357200,0,84671440,4414886000,4197659950,10444,401920.7,4197659950,318538541370,1.3,4088410834,3890966903,4197659950,1.5,10444,8122,2322,1196,1552,516,4381,18089,10504,7928,2576,1215,1642,526,4018,17905,0,570442,3146,572,1696,170,474,6058,41699,16905,24043,4079,11408,98134,0,0,4944,6985,3539,617,1654,644,2353,96,1213,2,190,58604,10444,5.599999904632568,570442,10444,54.59999847412109,4,12.0,1,6,23.0,0,0,0,0.0,0.0,0,1.5,0,0.0,1.5,0,0,0,0,0,4,13.5,1,6.0,24.5,0,0,0,0.0,0.0,4,13.5,1,6.0,24.5,346.5,46,212.5,37,17.0,6.0,1.5,0.0,10504,2.200000047683716,17.0,1.5,10504,1.7999999523162842,559.0,23.0,1.5,22.799999237060547
2022,17,중앙대학교,72.8,339,대학,사립,서울,A그룹,533171,607638,1140809,1495036,840956,2335992,49,79,710820,2,130,710820,135,149,284,67136,3222,70358,59445,12824,2335992,29731,78.5999984741211,70358,2335992,3.0999999046325684,33173.80078125,5409,243,33173.80078125,29052,1.100000023841858,402330035390,1238956648,24879370,29987190,1939814318,934677814,0,142093525,4310408865,400050686000,892000000,558500000,28000000,1959506209,989560464,0,191202327,4618769000,4310408865,29731,144980.3,4310408865,402330035390,1.1,3497495483,4071265225,4310408865,11.1,29731,23938,5793,1101,1418,706,17429,50385,29052,23075,5977,1124,1479,695,17076,49426,0,1223033,5123,1576,578,360,1495,9132,47507,23327,12798,7799,68038,159469,0,0,2530,10181,1022,86,93,915,424,186,3423,10,1274,70834,29731,2.400000095367432,1223033,29731,41.09999847412109,5,11.0,0,1,17.0,0,0,0,0.0,0.0,1,18.0,1,0.0,20.0,0,0,0,0,0,6,29.0,1,1.0,37.0,0,0,0,0.0,0.0,6,29.0,1,1.0,37.0,842.5,208,1012.5,225,16.0,1.0,20.0,0.0,29052,1.100000023841858,16.0,20.0,29052,1.2000000476837158,1855.0,18.0,21.0,47.59999847412109
2022,18,건국대학교,72.8,18,대학,사립,서울,A그룹,510792,182548,693340,1087761,254568,1342329,34,33,76223,1,68,76223,574,168,742,20058,4666,24724,13721,35952,1342329,20271,66.19999694824219,24724,1342329,1.899999976158142,24648.0,3498,182,24648.0,19890,1.2000000476837158,265587005633,381212000,80810190,1786970,1386712305,636478434,0,13000000,2499999899,258990835000,410000000,80000000,0,1380000000,620000000,0,10000000,2500000000,2499999899,20271,123328.9,2499999899,265587005633,0.9,2500000000,2500000000,2499999899,0.0,20271,15751,4520,659,1455,602,33219,56206,19890,15343,4547,627,1538,612,35359,58026,0,263207,3885,1276,516,300,1463,7440,28293,16664,10113,3827,34460,93357,0,0,0,0,0,231,120,575,319,0,0,23,636,44957,20271,2.200000047683716,263207,20271,13.0,0,5.0,0,3,8.0,0,0,0,0.0,0.0,0,12.0,1,0.0,13.0,0,0,0,0,0,0,17.0,1,3.0,21.0,0,0,0,0.0,0.0,0,17.0,1,3.0,21.0,14.0,5,127.0,26,5.0,3.0,13.0,0.0,19890,0.8999999761581421,5.0,13.0,19890,0.8999999761581421,141.0,9.0,14.0,6.099999904632568
2022,19,충남대학교,72.4,357,대학,국립,대전,A그룹,638183,320343,958526,1389254,464656,1853910,41,53,356603,7,101,356603,67,491,558,10130,12959,23089,16900,16300,1853910,22412,82.69999694824219,23089,1853910,1.2999999523162842,37760.8984375,5447,195,37760.8984375,21840,1.7000000476837158,280918001756,249765630,459306500,0,2927195326,755860406,0,70773025,4462900887,226410234000,300000000,231300000,0,1800000000,0,0,0,2331300000,4462900887,22412,199130.0,4462900887,280918001756,1.6,3915742332,2400604070,4462900887,23.6,22412,17516,4896,1033,1562,880,5364,31251,21840,16930,4910,1029,1623,886,5413,30791,0,783142,5247,1593,444,439,698,8421,36539,19397,8765,4694,45980,115375,0,0,96,7298,656,883,677,3252,5282,266,3691,7,382,55936,22412,2.5,783142,22412,34.900001525878906,15,16.0,0,1,32.0,0,0,0,0.0,0.0,0,0.0,0,3.0,3.0,0,0,0,0,0,15,16.0,0,4.0,35.0,0,0,0,0.0,0.0,15,16.0,0,4.0,35.0,788.5,93,1715.5,385,31.0,1.0,0.0,3.0,21840,1.5,31.0,0.0,21840,1.399999976158142,2504.0,31.0,3.0,73.5999984741211
2022,20,세종대학교,72.3,236,대학,사립,서울,A그룹,377659,208880,586539,656700,317706,974406,35,31,112404,5,71,112404,105,66,171,5945,1443,7388,6607,0,974406,14706,66.30000305175781,7388,974406,0.800000011920929,17313.5,2638,235,17313.5,14602,1.2000000476837158,183882017780,95602522,37675654,0,923229619,449081213,0,42455000,1548044008,218624467000,139918000,38000000,0,948884379,452007000,0,43830000,1622639379,1548044008,14706,105266.2,1548044008,183882017780,0.8,1609517126,1431238112,1548044008,-1.5,14706,11854,2852,546,737,327,14172,30488,14602,11688,2914,550,694,370,14104,30320,0,108789,2520,447,341,199,180,3687,13075,2732,2773,1715,23156,43451,0,0,1018,1381,546,54,83,92,102,57,593,0,0,15807,14706,1.100000023841858,108789,14706,7.400000095367432,1,5.0,0,0,6.0,0,0,0,0.0,0.0,0,9.0,3,0.0,12.0,0,0,0,0,0,1,14.0,3,0.0,18.0,0,0,0,0.0,0.0,1,14.0,3,0.0,18.0,213.5,49,238.5,52,6.0,0.0,12.0,0.0,14602,1.100000023841858,6.0,12.0,14602,1.2000000476837158,452.0,7.0,10.0,26.600000381469727
2022,21,인하대학교,72.2,316,대학,사립,인천,A그룹,588597,336816,925413,1247493,405126,1652619,47,44,112675,3,94,112675,441,83,524,14971,2799,17770,16387,52812,1652619,20639,80.0999984741211,17770,1652619,1.100000023841858,26567.80078125,3771,194,26567.80078125,20348,1.2999999523162842,259199314951,302274552,47547792,1660210,1955292690,653842369,0,90851946,3051469559,263141302000,300000000,30000000,2000000,1924000000,598000000,0,87000000,2941000000,3051469559,20639,147849.7,3051469559,259199314951,1.2,3319979053,2581819126,3051469559,-2.0,20639,17582,3057,831,1053,408,9673,32604,20348,17175,3173,859,1117,379,11662,34365,0,215046,5757,1294,445,296,871,8663,35017,15182,7669,4636,30595,93099,0,0,8827,7845,1782,333,975,2098,280,203,5981,4,550,50199,20639,2.400000095367432,215046,20639,10.399999618530272,7,3.0,1,0,11.0,0,0,0,0.0,0.0,0,8.0,0,0.0,8.0,0,0,0,0,0,7,11.0,1,0.0,19.0,0,0,0,0.0,0.0,7,11.0,1,0.0,19.0,347.5,94,172.0,40,11.0,0.0,8.0,0.0,20348,0.8999999761581421,11.0,8.0,20348,0.8999999761581421,519.5,11.0,8.0,27.299999237060547
2022,22,강원대학교,72.0,14,대학,국립,강원,A그룹,830744,197075,1027819,1275458,315893,1591351,42,50,148777,0,92,148777,566,181,747,37137,3993,41130,38107,62255,1591351,21898,72.69999694824219,41130,1591351,2.700000047683716,29103.900390625,3680,284,29103.900390625,21291,1.399999976158142,307295122022,615662903,679394430,6616900,1551908390,616292913,0,9160800,3479036336,256798241000,704300000,551289000,6000000,1586500000,663500000,0,5000000,3516589000,3479036336,21898,158874.6,3479036336,307295122022,1.1,2971577588,3760224728,3479036336,9.5,21898,19297,2601,1013,1382,936,860,26089,21291,18630,2661,996,1456,931,1181,25855,0,258231,3862,704,489,354,378,5787,25283,8204,7814,4142,22314,67757,0,0,240,1638,381,357,200,1010,3315,145,1168,20,542,33487,21898,1.5,258231,21898,11.800000190734863,9,15.0,0,2,26.0,0,0,0,0.0,0.0,0,0.0,0,5.5,5.5,0,0,0,0,0,9,15.0,0,7.5,31.5,0,0,0,0.0,0.0,9,15.0,0,7.5,31.5,1193.5,314,1132.800048828125,225,24.0,2.0,0.0,5.5,21291,1.2999999523162842,24.0,0.0,21291,1.100000023841858,2326.300048828125,24.0,5.5,78.9000015258789
2022,23,아주대학교,72.0,264,대학,사립,경기,A그룹,395254,253849,649103,702591,456017,1158608,53,50,105327,3,106,105327,217,36,253,17742,2331,20073,17440,0,1158608,13640,84.9000015258789,20073,1158608,1.7999999523162842,16067.599609375,2548,76,16067.599609375,13712,1.2000000476837158,292364529201,324703822,39106886,958420,2223508397,547435859,0,57628224,3193341608,310985114000,337000000,46800000,3000000,2308776000,585365000,0,71559000,3352500000,3193341608,13640,234116.0,3193341608,292364529201,1.1,3120742205,2988445924,3193341608,1.3,13640,9692,3948,743,817,338,8614,24152,13712,9705,4007,747,847,342,9177,24825,0,364962,3737,1179,435,343,1492,7186,34554,13977,10422,6294,19634,84881,0,0,982,1337,862,183,262,1973,652,70,1603,11,553,48531,13640,3.5999999046325684,364962,13640,26.799999237060547,1,9.0,0,3,13.0,0,0,0,0.0,0.0,0,8.0,0,3.0,11.0,0,0,0,0,0,1,17.0,0,6.0,24.0,0,0,0,0.0,0.0,1,17.0,0,6.0,24.0,709.0999755859375,153,1681.0999755859375,258,10.0,3.0,8.0,3.0,13712,1.5,10.0,8.0,13712,1.2999999523162842,2390.199951171875,13.0,10.0,103.9000015258789
2022,24,영남대학교,71.9,276,대학,사립,경북,A그룹,556275,415703,971978,1233268,661608,1894876,57,43,109874,0,100,109874,636,119,755,21211,9011,30222,26669,0,1894876,23067,82.0999984741211,30222,1894876,1.600000023841858,35510.19921875,3941,285,35510.19921875,22523,1.600000023841858,300669626632,312123820,117736050,8878600,1603937680,405626243,0,104808750,2553111143,312486078000,270000000,116380000,9100000,1740010000,417720000,0,103450000,2656660000,2553111143,23067,110682.4,2553111143,300669626632,0.8,2867122542,2460526615,2553111143,-5.2,23067,20550,2517,932,1114,655,3794,29562,22523,20009,2514,948,1146,559,1837,27013,0,390699,4735,853,626,447,432,7093,32224,14647,12212,6456,5058,70597,0,0,2531,2300,2051,480,821,881,745,15,210,11,275,46871,23067,2.0,390699,23067,16.899999618530273,9,12.0,1,1,23.0,1,0,0,0.0,1.0,0,2.0,0,9.0,11.0,0,0,0,0,0,9,14.0,1,10.0,34.0,1,0,0,0.0,1.0,10,14.0,1,10.0,35.0,764.0,155,84.9000015258789,47,23.0,1.0,2.0,9.0,22523,1.2999999523162842,23.0,2.0,22523,1.100000023841858,848.9000244140625,25.0,10.0,24.299999237060547
2022,25,광주과학기술원,71.4,61,대학,국립,광주,C그룹,68732,90515,159247,85914,108894,194808,17,12,62029,1,30,62029,0,0,0,1704,1074,2778,721,806,194808,2003,97.3000030517578,2778,194808,1.399999976158142,8760.0,585,48,8760.0,2020,4.300000190734863,252719511000,61531026,0,0,1517612410,245900839,0,7900000,1832944275,261132860000,145000000,0,5000000,1511000000,218000000,0,0,1879000000,1832944275,2003,915099.5,1832944275,252719511000,0.7,1572747000,2096048000,1832944275,10.4,2003,724,1279,180,112,722,66,3083,2020,727,1293,187,106,759,0,3072,0,93020,491,610,157,292,6,1556,5103,5023,8422,8208,22,26778,0,0,320,680,680,55,197,128,13,0,0,0,0,10126,2003,5.099999904632568,93020,2003,46.400001525878906,0,3.0,0,2,5.0,0,0,0,0.0,0.0,0,0.0,0,9.0,9.0,0,0,0,0,0,0,3.0,0,11.0,14.0,0,0,0,0.0,0.0,0,3.0,0,11.0,14.0,61.0,4,0.0,0,3.0,2.0,0.0,9.0,2020,4.5,3.0,0.0,2020,1.5,61.0,7.0,10.0,3.5999999046325684
2022,26,경상국립대학교,71.4,37,대학,국립,경남,A그룹,847527,297160,1144687,1164039,450657,1614696,44,46,307938,5,95,307938,319,176,495,395342,6392,401734,371802,97578,1614696,20962,77.0,401734,1614696,33.099998474121094,32696.0,3565,212,32696.0,20144,1.600000023841858,369862043706,608747800,669417220,18998140,1750624798,743050472,0,296599879,4087438309,237288265000,819900000,692660000,2500000,0,0,0,2162970233,3678030233,4087438309,20962,194992.8,4087438309,369862043706,1.1,2539121306,2928203194,4087438309,27.5,20962,18301,2661,1019,1451,874,15231,39537,20144,17479,2665,1026,1478,828,15019,38495,0,353495,6292,616,870,507,3023,11308,41522,7930,13549,8232,29196,100429,0,0,7368,3174,794,338,200,1512,677,22,141,2,8,49452,20962,2.400000095367432,353495,20962,16.899999618530273,7,17.0,1,0,25.0,0,0,0,0.0,0.0,2,3.0,0,0.0,5.0,0,0,0,0,0,9,20.0,1,0.0,30.0,0,0,0,0.0,0.0,9,20.0,1,0.0,30.0,914.0,296,988.2000122070312,288,25.0,0.0,5.0,0.0,20144,1.399999976158142,25.0,5.0,20144,1.5,1902.199951171875,24.0,4.0,67.9000015258789
2022,27,동국대학교,71.2,135,대학,사립,서울,A그룹,845193,345719,1190912,1240244,426612,1666856,35,47,214365,0,82,214365,471,343,814,29215,2982,32197,30548,0,1666856,17534,95.0999984741211,32197,1666856,2.0,23899.099609375,2787,146,23899.099609375,17198,1.399999976158142,248938202654,769454537,88820942,10500000,1097031627,470156412,0,0,2435963518,258425570000,470311000,117580000,10500000,1140000000,278212000,0,0,2016603000,2435963518,17534,138928.0,2435963518,248938202654,1.0,2415009820,2482454152,2435963518,0.5,17534,13868,3666,711,1648,528,9136,29557,17198,13270,3928,694,1773,535,9443,29643,0,218863,4051,1727,534,276,221,6809,62141,44238,14247,5840,13741,140207,0,0,19182,7848,3846,163,358,734,503,171,2860,10,1332,106379,17534,6.099999904632568,218863,17534,12.5,3,4.0,0,0,7.0,0,0,0,0.0,0.0,0,11.0,0,0.0,11.0,0,0,0,2,2,3,15.0,0,0.0,18.0,0,0,0,2.0,2.0,3,15.0,0,2.0,20.0,466.5,92,579.0,150,7.0,0.0,11.0,2.0,17198,1.0,7.0,11.0,17198,1.0,1045.5,7.0,12.0,55.0
2022,28,가천대학교,70.8,3,대학,사립,경기,A그룹,394245,157348,551593,965192,202477,1167669,37,40,82389,7,84,82389,6,0,6,24191,5712,29903,22629,0,1167669,21928,53.29999923706055,29903,1167669,2.5999999046325684,13194.2998046875,3001,243,13194.2998046875,22003,0.6000000238418579,287729597447,375068312,0,0,973780973,556013280,0,68892994,1973755559,298204419000,589000000,0,0,966460000,535540000,0,80000000,2171000000,1973755559,21928,90010.7,1973755559,287729597447,0.7,2131706235,2026162343,1973755559,-3.8,21928,19308,2620,915,1374,399,193,24809,22003,19370,2633,937,1521,379,1821,26661,0,199787,2987,233,277,173,77,3747,16035,1469,17978,1589,35544,72615,0,0,298,831,1728,68,130,531,82,83,398,0,0,17504,21928,0.800000011920929,199787,21928,9.100000381469728,1,6.0,0,11,18.0,2,1,0,0.0,3.0,0,8.0,0,4.0,12.0,0,0,0,0,0,1,14.0,0,15.0,30.0,2,1,0,0.0,3.0,3,15.0,0,15.0,33.0,504.0,97,887.2999877929688,172,10.0,11.0,8.0,4.0,22003,1.2000000476837158,10.0,8.0,22003,0.800000011920929,1391.300048828125,16.0,9.0,55.70000076293945
2022,29,서울시립대학교,70.8,209,대학,공립,서울,A그룹,497538,205626,703164,865646,293659,1159305,28,60,346169,2,90,346169,533,255,788,29182,3003,32185,24100,0,1159305,11879,97.5999984741211,32185,1159305,2.900000095367432,16414.69921875,2395,225,16414.69921875,11613,1.399999976158142,115911332798,827795080,514999000,11438815,1243249399,597489704,0,108369250,3303341248,123844056000,823560000,536400000,40000000,1467105000,460000000,0,20000000,3347065000,3303341248,11879,278082.4,3303341248,115911332798,2.8,3246468410,3019374622,3303341248,1.2,11879,9023,2856,441,719,305,167,13511,11613,8674,2939,447,809,485,140,13494,0,534206,3204,965,283,276,231,4959,23984,13746,6258,5196,31443,80627,0,0,280,850,79,224,143,224,114,12,27,1,73,37730,11879,3.200000047683716,534206,11879,45.0,6,14.0,5,1,26.0,0,0,0,0.0,0.0,0,0.0,0,0.0,0.0,0,0,0,0,0,6,14.0,5,1.0,26.0,0,0,0,0.0,0.0,6,14.0,5,1.0,26.0,145.0,14,327.20001220703125,65,25.0,1.0,0.0,0.0,11613,2.200000047683716,25.0,0.0,11613,2.200000047683716,472.2000122070313,26.0,0.0,18.200000762939453
2022,30,과학기술연합대학원대학교,70.8,56,대학원대학,국립,대전,-,8083,95166,103249,15976,95166,111142,1,5,70199,0,6,70199,0,0,0,16795,0,16795,16752,445,111142,1282,86.69999694824219,16795,111142,17.799999237060547,0.0,0,0,0.0,1297,0.0,23776984973,190110369,0,0,4950000,64513818,0,0,259574187,25541708197,250000000,0,0,0,0,0,0,250000000,259574187,1282,202476.0,259574187,23776984973,1.1,257559279,298000000,259574187,1.4,1282,0,1282,1034,210,73,0,2599,1297,0,1297,1109,197,72,0,2675,0,2986,0,174,107,24,0,305,0,1033,891,169,0,2093,0,0,0,0,0,0,0,6,6,0,0,0,0,1033,1282,0.800000011920929,2986,1282,2.299999952316284,0,0.0,0,0,0.0,0,0,0,2.0,2.0,0,0.0,0,0.0,0.0,0,0,0,0,0,0,0.0,0,0.0,0.0,0,0,0,2.0,2.0,0,0.0,0,2.0,2.0,0.0,0,0.0,0,0.0,2.0,0.0,0.0,1297,1.2000000476837158,0.0,0.0,1297,0.0,0.0,1.0,0.0,0.0
2022,31,인제대학교,70.8,310,대학,사립,경남,B그룹,421292,168296,589588,674403,243698,918101,36,26,209706,0,62,209706,94,13,107,6782,774,7556,6265,0,918101,9707,94.5999984741211,7556,918101,0.800000011920929,13896.2001953125,2254,145,13896.2001953125,9112,1.5,170210093354,135387236,7204800,4337620,1211527134,99015312,0,112749404,1570221506,170455824000,129347000,4500000,6000000,1208907420,176290580,0,72000000,1597045000,1570221506,9707,161761.8,1570221506,170210093354,0.9,1857283930,1496464178,1570221506,-7.2,9707,8477,1230,989,552,349,664,12261,9112,7857,1255,967,544,311,726,11660,0,118526,1952,234,204,203,148,2741,16057,1816,2943,2326,1057,24199,0,0,1943,2861,115,35,85,303,170,35,1388,55,1580,17873,9707,1.7999999523162842,118526,9707,12.199999809265137,2,3.0,0,2,7.0,1,0,0,0.0,1.0,0,5.0,0,1.0,6.0,0,0,0,0,0,2,8.0,0,3.0,13.0,1,0,0,0.0,1.0,3,8.0,0,3.0,14.0,126.5,27,281.5,77,6.0,2.0,5.0,1.0,9112,1.2999999523162842,6.0,5.0,9112,1.2000000476837158,408.0,13.0,4.0,24.0
2022,32,충북대학교,70.7,359,대학,국립,충북,A그룹,448368,174364,622732,1113684,262938,1376622,47,43,120612,6,96,120612,627,182,809,23544,5360,28904,18923,44,1376622,16386,84.0,28904,1376622,2.0999999046325684,28131.30078125,3030,171,28131.30078125,16166,1.7000000476837158,263279881196,380941982,46440900,3980000,1375797905,564480286,0,145552050,2517193123,193654243479,360000000,48000000,4000000,1389990000,433000000,0,76500000,2311490000,2517193123,16386,153618.5,2517193123,263279881196,1.0,2016132125,2249384970,2517193123,11.7,16386,13045,3341,754,1132,635,4619,23526,16166,12818,3348,760,1162,684,4149,22921,0,364012,3534,864,313,397,130,5238,26847,9147,4069,4291,13737,58091,0,0,47673,5297,130,505,266,1352,87,59,1574,1,2917,35994,16386,2.200000047683716,364012,16386,22.200000762939453,6,16.0,1,2,25.0,0,0,0,0.0,0.0,0,0.0,0,2.0,2.0,0,0,0,0,0,6,16.0,1,4.0,27.0,0,0,0,0.0,0.0,6,16.0,1,4.0,27.0,769.7000122070312,128,1409.89990234375,407,23.0,2.0,0.0,2.0,16166,1.600000023841858,23.0,0.0,16166,1.399999976158142,2179.60009765625,24.0,3.0,80.69999694824219
2022,33,한림대학교,70.4,434,대학,사립,강원,B그룹,284771,152833,437604,578065,280979,859044,28,17,70164,0,45,70164,363,16,379,8739,3125,11864,7315,0,859044,8500,101.0999984741211,11864,859044,1.399999976158142,17524.5,1784,123,17524.5,8290,2.0999999046325684,187460334971,98795290,3849890,319610,713591338,85235677,0,45319029,947110834,203166292000,120000000,5300000,0,709100000,108050000,0,77000000,1019450000,947110834,8500,111424.8,947110834,187460334971,0.5,1088777439,920723956,947110834,-6.3,8500,7806,694,759,553,287,2417,12516,8290,7568,722,763,592,255,183,10083,0,281000,2860,246,341,147,258,3852,18870,2048,7109,2417,14233,44677,0,0,702,421,281,108,214,396,115,0,0,1,412,20918,8500,2.5,281000,8500,33.099998474121094,0,4.0,1,1,6.0,0,0,0,0.0,0.0,0,1.0,0,4.0,5.0,0,0,0,0,0,0,5.0,1,5.0,11.0,0,0,0,0.0,0.0,0,5.0,1,5.0,11.0,205.5,113,613.0,124,5.0,1.0,1.0,4.0,8290,1.0,5.0,1.0,8290,0.699999988079071,818.5,6.0,5.0,74.4000015258789
2022,34,서강대학교,70.0,191,대학,사립,서울,A그룹,420894,410086,830980,711378,604066,1315444,42,57,345982,5,104,345982,231,158,389,30414,2046,32460,30792,0,1315444,11286,116.5999984741211,32460,1315444,2.5,16051.0,2613,95,16051.0,11428,1.399999976158142,155288460429,778596349,78317954,2703470,1251213121,633572441,0,102650020,2847053355,173074401000,741141000,82569000,2755000,1261117508,638138293,0,105744199,2831465000,2847053355,11286,252264.2,2847053355,155288460429,1.8,2505451970,2806492669,2847053355,6.7,11286,8172,3114,407,711,290,7091,19785,11428,7974,3454,400,771,293,5910,18802,0,295475,2708,1272,395,189,530,5094,27512,28144,13594,3601,13864,86715,0,0,1050,1453,248,2450,2695,919,723,146,1746,0,0,55656,11286,4.900000095367432,295475,11286,26.200000762939453,15,3.0,0,1,19.0,0,0,0,0.0,0.0,0,5.0,0,4.0,9.0,0,0,0,0,0,15,8.0,0,5.0,28.0,0,0,0,0.0,0.0,15,8.0,0,5.0,28.0,532.5,104,341.5,73,18.0,1.0,5.0,4.0,11428,2.200000047683716,18.0,5.0,11428,2.0,874.0,19.0,9.0,31.200000762939453
2022,35,단국대학교,69.8,107,대학,사립,경기,A그룹,1009198,294232,1303430,1548822,479629,2028451,24,21,90076,4,49,90076,1064,119,1183,28503,7263,35766,28796,27484,2028451,26348,77.0,35766,2028451,1.7999999523162842,31922.19921875,3978,207,31922.19921875,26277,1.2000000476837158,327796542982,684746222,41563074,7042467,1308572452,515548396,0,60400000,2617872611,327110444000,705000000,45423000,7100000,959400000,373100000,0,49980000,2140003000,2617872611,26348,99357.5,2617872611,327796542982,0.8,2670585744,2587148564,2617872611,-1.0,26348,22257,4091,1085,1922,583,562,30500,26277,22015,4262,1018,2044,577,638,30554,0,347136,3810,953,679,676,214,6332,25360,9594,9892,7433,49169,101448,0,0,3181,3924,1131,308,356,577,209,2,72,13,1099,34954,26348,1.2999999523162842,347136,26348,13.199999809265137,5,10.0,1,8,24.0,0,0,0,0.0,0.0,0,4.0,0,2.0,6.0,0,0,0,0,0,5,14.0,1,10.0,30.0,0,0,0,0.0,0.0,5,14.0,1,10.0,30.0,308.5,30,264.0,54,16.0,8.0,4.0,2.0,26277,1.0,16.0,4.0,26277,0.800000011920929,572.5,26.0,6.0,17.899999618530273
2022,36,순천향대학교,69.5,251,대학,사립,충남,A그룹,359434,240247,599681,596302,269040,865342,47,32,188321,4,83,188321,122,9,131,17451,1246,18697,16538,0,865342,11665,74.19999694824219,18697,865342,2.200000047683716,12693.0,1734,82,12693.0,11596,1.100000023841858,206005318008,255276933,12443610,18586445,916771630,229016215,0,56400000,1488494833,196859339000,243000000,20000000,27000000,875000000,202000000,0,57000000,1424000000,1488494833,11665,127603.5,1488494833,206005318008,0.7,1467982701,1416103187,1488494833,0.8,11665,10610,1055,929,701,401,118,13814,11596,10517,1079,930,713,368,115,13722,0,141734,2313,172,210,162,10,2867,36597,2421,4475,2612,213,46318,0,0,988,1976,65,43,259,2302,85,46,318,5,3115,39018,11665,3.299999952316284,141734,11665,12.199999809265137,2,4.0,0,3,9.0,0,0,0,0.0,0.0,0,4.0,0,0.0,4.0,0,0,0,0,0,2,8.0,0,3.0,13.0,0,0,0,0.0,0.0,2,8.0,0,3.0,13.0,231.0,50,1284.0,305,6.0,3.0,4.0,0.0,11596,1.0,6.0,4.0,11596,0.8999999761581421,1515.0,9.0,9.0,84.19999694824219
2022,37,국립부경대학교,69.3,76,대학,국립,부산,A그룹,375044,156812,531856,1016258,293116,1309374,33,33,291974,4,70,291974,296,65,361,18297,4447,22744,14970,0,1309374,18005,72.69999694824219,22744,1309374,1.7999999523162842,23094.0,4185,99,23094.0,17563,1.2999999523162842,225071240134,269197570,38921960,3000000,1291080856,396407316,0,75195540,2073803242,219957167180,207000000,45000000,1500000,1046100000,151600000,0,68730000,1519930000,2073803242,18005,115179.3,2073803242,225071240134,0.9,1928544493,1860262970,2073803242,4.0,18005,15647,2358,608,956,639,9279,29487,17563,15213,2350,615,985,630,6365,26158,0,664640,4287,708,392,199,608,6194,31205,5202,5837,2782,47477,92503,0,0,1458,13950,217,204,143,677,79,189,1802,2,1162,36407,18005,2.0,664640,18005,36.900001525878906,5,14.0,0,0,19.0,0,0,0,0.0,0.0,0,0.0,0,0.0,0.0,0,0,0,0,0,5,14.0,0,0.0,19.0,0,0,0,0.0,0.0,5,14.0,0,0.0,19.0,148.0,19,1189.699951171875,221,19.0,0.0,0.0,0.0,17563,1.100000023841858,19.0,0.0,17563,1.100000023841858,1337.699951171875,19.0,0.0,70.4000015258789
2022,38,대구경북과학기술원,69.2,110,대학,국립,대구,C그룹,72175,166654,238829,80428,168092,248520,39,23,440338,2,64,440338,0,0,0,103011,2658,105669,104661,0,248520,1520,163.5,105669,248520,74.0,11833.0,143,75,11833.0,1664,7.099999904632568,205646681000,385118890,0,56610,959266632,543826198,0,192092599,2080360929,222972000000,200000000,0,0,915000000,515000000,0,115200000,1745200000,2080360929,1520,1368658.5,2080360929,205646681000,1.0,1775256775,1908297973,2080360929,8.3,1520,700,820,128,94,571,432,2745,1664,782,882,135,95,601,231,2726,0,141636,449,406,68,287,21,1231,2991,2761,674,3989,2070,12485,0,0,4,118,195,141,165,38,49,19,218,0,0,5752,1520,3.799999952316284,141636,1520,93.1999969482422,0,2.0,0,2,4.0,0,0,0,0.0,0.0,0,2.0,0,1.0,3.0,0,0,0,0,0,0,4.0,0,3.0,7.0,0,0,0,0.0,0.0,0,4.0,0,3.0,7.0,83.5,19,7.5,2,2.0,2.0,2.0,1.0,1664,3.400000095367432,2.0,2.0,1664,2.400000095367432,91.0,5.0,0.0,18.200000762939453
2022,39,동아대학교,68.7,145,대학,사립,부산,A그룹,594091,257714,851805,1064649,368918,1433567,41,30,108570,0,71,108570,272,110,382,13118,2304,15422,10003,0,1433567,20340,70.5,15422,1433567,1.100000023841858,14133.5,2579,168,14133.5,19946,0.699999988079071,248207956032,265936920,52743420,0,1257092858,305042761,0,0,1880815959,259552613000,308000000,54000000,600000,1260134752,307029248,0,0,1929764000,1880815959,20340,92468.8,1880815959,248207956032,0.8,2161125788,2029269217,1880815959,-6.7,20340,18281,2059,794,860,612,3110,25716,19946,17887,2059,782,894,427,3078,25127,0,136539,4539,689,305,170,290,5993,42051,13029,6982,3524,4346,69932,0,0,3123,3641,1106,713,268,449,408,29,611,0,0,55080,20340,2.700000047683716,136539,20340,6.699999809265137,0,7.0,0,0,7.0,0,0,0,1.0,1.0,0,15.0,0,3.0,18.0,0,0,0,0,0,0,22.0,0,3.0,25.0,0,0,0,1.0,1.0,0,22.0,0,4.0,26.0,64.0,29,1342.5,264,7.0,1.0,15.0,3.0,19946,1.100000023841858,7.0,15.0,19946,1.100000023841858,1406.5,8.0,20.0,50.20000076293945
2022,40,계명대학교,68.7,46,대학,사립,대구,A그룹,544375,355930,900305,1627047,485545,2112592,44,42,425880,3,89,425880,1401,248,1649,23688,4376,28064,22343,75262,2112592,23449,90.0999984741211,28064,2112592,1.2999999523162842,28169.69921875,3535,435,28169.69921875,22716,1.2000000476837158,292309727173,441633499,22268520,9991860,754105499,619888498,0,538439819,2386327695,308344079000,353000000,23000000,10000000,895000000,682000000,0,500000000,2463000000,2386327695,23449,101766.7,2386327695,292309727173,0.8,2886437827,2550893012,2386327695,-9.0,23449,21302,2147,900,1013,745,1483,27590,22716,20753,1963,888,1029,525,1267,26425,0,419704,19249,3026,2326,1601,4221,30423,64116,14398,16463,6986,19056,121019,0,0,11573,22714,208,259,1570,1817,708,49,1501,60,2572,78514,23449,3.299999952316284,419704,23449,17.899999618530273,11,6.0,2,1,20.0,0,0,0,0.0,0.0,0,6.0,0,3.0,9.0,0,0,0,0,0,11,12.0,2,4.0,29.0,0,0,0,0.0,0.0,11,12.0,2,4.0,29.0,1001.5,455,2133.300048828125,742,19.0,1.0,6.0,3.0,22716,1.100000023841858,19.0,6.0,22716,1.100000023841858,3134.800048828125,20.0,5.0,125.4000015258789
2022,41,숭실대학교,68.5,252,대학,사립,서울,A그룹,449360,369183,818543,763865,412221,1176086,40,41,473954,6,87,473954,193,133,326,31953,2518,34471,24842,0,1176086,16346,71.9000015258789,34471,1176086,3.0,11575.0,2328,46,11575.0,16685,0.699999988079071,226309424542,709942348,72434054,4997120,860663001,486436169,0,64042950,2198515642,198224786000,748498000,74000000,10000000,864074000,433520000,0,64300000,2194392000,2198515642,16346,134498.7,2198515642,226309424542,1.0,2215570297,2189060310,2198515642,-0.4,16346,13792,2554,539,841,322,21515,39563,16685,13864,2821,510,938,316,16543,34992,0,380882,4466,803,450,309,415,6443,32771,11743,14199,5321,47737,111771,0,0,78,345,1022,341,194,457,170,3,34,151,4358,44514,16346,2.700000047683716,380882,16346,23.299999237060547,2,6.0,0,1,9.0,0,0,0,0.0,0.0,0,8.0,0,1.0,9.0,0,0,0,0,0,2,14.0,0,2.0,18.0,0,0,0,0.0,0.0,2,14.0,0,2.0,18.0,222.5,30,354.0,57,8.0,1.0,8.0,1.0,16685,0.8999999761581421,8.0,8.0,16685,1.0,576.5,11.0,7.0,32.0
2022,42,제주대학교,68.3,332,대학,국립,제주,A그룹,488079,305953,794032,965963,419263,1385226,30,37,424755,3,70,424755,254,127,381,24963,3273,28236,18827,85256,1385226,11544,120.0,28236,1385226,2.0999999046325684,17997.0,2655,167,17997.0,11199,1.600000023841858,191178573506,516105380,22302800,9577440,805233830,359269820,0,35644850,1748134120,145548243000,450000000,25000000,20000000,830000000,375000000,0,35000000,1735000000,1748134120,11544,151432.3,1748134120,191178573506,0.9,1829654538,1590569340,1748134120,-1.6,11544,9694,1850,650,929,516,965,14604,11199,9435,1764,648,961,546,957,14311,0,702546,4256,931,499,168,625,6479,31132,13447,9834,2561,18706,75680,0,0,18900,22680,3780,284,89,977,37,84,924,0,0,44579,11544,3.900000095367432,702546,11544,60.900001525878906,7,8.0,2,1,18.0,0,0,0,0.0,0.0,1,0.0,0,0.0,1.0,0,0,0,0,0,8,8.0,2,1.0,19.0,0,0,0,0.0,0.0,8,8.0,2,1.0,19.0,759.5,179,620.2000122070312,200,17.0,1.0,1.0,0.0,11199,1.7000000476837158,17.0,1.0,11199,1.600000023841858,1379.699951171875,18.0,0.0,76.69999694824219
2022,43,조선대학교,68.2,335,대학,사립,광주,A그룹,491795,234985,726780,1019701,404759,1424460,34,28,177629,3,65,177629,137,48,185,15902,4702,20604,14958,0,1424460,20247,70.4000015258789,20604,1424460,1.5,23137.900390625,5282,205,23137.900390625,19702,1.2000000476837158,223264196722,193413962,126400720,6585310,977373097,371072062,0,19000000,1693845151,220361753000,193500000,143500000,6500000,931910000,400000000,0,6000000,1681410000,1693845151,20247,83659.1,1693845151,223264196722,0.8,1959704525,1975331745,1693845151,-6.7,20247,18777,1470,826,1096,402,4088,26659,19702,18341,1361,785,1130,404,2112,24133,0,125803,3529,398,321,144,487,4879,22253,3671,5215,2867,89597,123603,0,0,16860,11202,443,204,680,1216,225,161,1102,4,2091,25924,20247,1.2999999523162842,125803,20247,6.199999809265137,2,10.0,0,12,24.0,0,0,0,0.0,0.0,0,14.0,0,0.0,14.0,0,0,0,0,0,2,24.0,0,12.0,38.0,0,0,0,0.0,0.0,2,24.0,0,12.0,38.0,784.0,270,1453.4000244140625,369,12.0,12.0,14.0,0.0,19702,1.7000000476837158,12.0,14.0,19702,1.2999999523162842,2237.39990234375,11.0,3.0,159.8000030517578
2022,44,차의과학대학교,68.1,344,대학,사립,경기,C그룹,46297,11174,57471,88372,18568,106940,15,15,72072,0,30,72072,123,0,123,1610,228,1838,1573,7294,106940,3308,32.29999923706055,1838,106940,1.7000000476837158,3104.39990234375,775,53,3104.39990234375,3419,0.8999999761581421,112673627417,28623234,322000,0,92364575,90856595,0,0,212166404,123721641562,36500000,7690000,0,88000000,88000000,0,0,220190000,212166404,3308,64137.4,212166404,112673627417,0.2,234570988,206180936,212166404,-4.6,3308,2228,1080,461,253,127,0,4149,3419,2227,1192,473,239,115,0,4246,0,15280,240,149,35,43,531,998,755,876,325,180,4332,6468,0,0,4239,5138,4417,0,84,485,0,55,487,13,480,1631,3308,0.5,15280,3308,4.599999904632568,0,1.0,0,0,1.0,0,0,0,0.0,0.0,0,3.0,0,0.0,3.0,0,0,0,0,0,0,4.0,0,0.0,4.0,0,0,0,0.0,0.0,0,4.0,0,0.0,4.0,139.5,14,1.5,1,1.0,0.0,3.0,0.0,3419,1.0,1.0,3.0,3419,1.2000000476837158,141.0,1.0,3.0,35.29999923706055
2022,45,인천대학교,67.8,313,대학,국립,인천,A그룹,439550,177983,617533,1087161,228104,1315265,41,35,83140,3,79,83140,314,37,351,34000,4771,38771,16606,0,1315265,12885,102.0999984741211,38771,1315265,3.0,14219.0,1845,181,14219.0,12682,1.100000023841858,226611503506,594000000,39976000,6000000,1007623412,388164789,0,34200000,2069964201,222210123000,397000000,40180000,3000000,1070000000,396500000,0,35000000,1941680000,2069964201,12885,160649.1,2069964201,226611503506,0.9,1877630329,2164451895,2069964201,5.5,12885,11490,1395,498,706,504,6495,21088,12682,11342,1340,490,725,468,6511,20876,0,69238,2403,368,285,161,3,3220,14293,3636,4910,1900,38040,62779,0,0,1792,5941,1077,276,121,483,66,97,1084,0,0,17929,12885,1.399999976158142,69238,12885,5.400000095367432,1,6.0,3,4,14.0,0,0,0,1.0,1.0,0,0.0,0,0.0,0.0,0,0,0,0,0,1,6.0,3,4.0,14.0,0,0,0,1.0,1.0,1,6.0,3,5.0,15.0,351.0,40,340.0,71,10.0,5.0,0.0,0.0,12682,1.100000023841858,10.0,0.0,12682,0.800000011920929,691.0,13.0,1.0,49.400001525878906
2022,46,서울과학기술대학교,67.6,196,대학,국립,서울,A그룹,286881,111558,398439,677858,124470,802328,32,37,87203,3,72,87203,297,20,317,17280,846,18126,10438,0,802328,11785,68.0999984741211,18126,802328,2.299999952316284,14177.0,2028,114,14177.0,11759,1.2000000476837158,154353933710,230000000,24315780,865000,1017809220,555962220,0,141133000,1970085220,155476435000,110000000,20000000,500000,890000000,344110000,0,119500000,1484110000,1970085220,11785,167168.9,1970085220,154353933710,1.3,1867340300,1858876040,1970085220,2.8,11785,10206,1579,407,496,519,2187,15394,11759,10064,1695,410,501,476,1157,14303,0,311973,3861,533,290,252,286,5222,37221,6512,5981,4153,3577,57444,0,0,1785,2289,359,135,196,224,16,40,334,34,575,43733,11785,3.700000047683716,311973,11785,26.5,0,8.0,0,0,8.0,0,0,0,0.0,0.0,0,0.0,0,0.0,0.0,0,0,0,0,0,0,8.0,0,0.0,8.0,0,0,0,0.0,0.0,0,8.0,0,0.0,8.0,172.5,23,252.5,61,8.0,0.0,0.0,0.0,11759,0.699999988079071,8.0,0.0,11759,0.699999988079071,425.0,11.0,0.0,38.59999847412109
2022,47,국민대학교,67.5,83,대학,사립,서울,A그룹,470828,224739,695567,1162330,310361,1472691,36,34,164394,6,76,164394,406,111,517,16402,2818,19220,17890,95,1472691,18425,79.9000015258789,19220,1472691,1.2999999523162842,12646.0,1684,126,12646.0,18017,0.699999988079071,233898143599,403026334,34673666,1925850,696451612,403825073,0,104159465,1644062000,326378192000,409700000,38000000,500000,722500000,415000000,0,106000000,1691700000,1644062000,18425,89230.0,1644062000,233898143599,0.7,1780000000,1441547000,1644062000,-2.5,18425,15264,3161,685,1131,489,4361,25091,18017,14562,3455,668,1217,480,3879,24261,0,217890,3490,951,432,272,201,5346,22238,9665,10013,4290,64678,110884,0,0,2177,4022,1041,310,279,420,149,324,2027,7,5310,31903,18425,1.7000000476837158,217890,18425,11.800000190734863,4,6.0,0,3,13.0,0,0,0,0.0,0.0,0,9.0,0,0.0,9.0,0,0,0,0,0,4,15.0,0,3.0,22.0,0,0,0,0.0,0.0,4,15.0,0,3.0,22.0,459.5,85,904.5,193,10.0,3.0,9.0,0.0,18017,1.100000023841858,10.0,9.0,18017,1.100000023841858,1364.0,14.0,11.0,54.59999847412109
2022,48,명지대학교,67.1,160,대학,사립,서울,A그룹,688119,330343,1018462,1259257,410246,1669503,16,16,338529,4,36,338529,1181,55,1236,89193,1465,90658,84026,0,1669503,16343,102.1999969482422,90658,1669503,5.699999809265137,36199.0,3956,313,36199.0,16020,2.299999952316284,192380454424,529779149,18062840,0,100250000,56182922,0,32500000,736774911,197929780000,550000000,27700000,15000000,1120000000,142000000,0,424861000,2279561000,736774911,16343,45082.0,736774911,192380454424,0.4,2140096591,508077959,736774911,-15.6,16343,13938,2405,530,1119,383,6693,25068,16020,13676,2344,513,1134,402,5593,23662,0,203540,3319,558,337,248,799,5261,39514,6505,7317,3690,10338,67364,0,0,2917,32094,1805,122,204,401,519,107,225,29,4932,46019,16343,2.799999952316284,203540,16343,12.5,2,5.0,1,2,10.0,0,1,0,0.0,1.0,1,9.0,0,0.0,10.0,0,0,0,0,0,3,14.0,1,2.0,20.0,0,1,0,0.0,1.0,3,15.0,1,2.0,21.0,461.0,131,565.0,126,9.0,2.0,10.0,0.0,16020,1.2000000476837158,9.0,10.0,16020,1.2000000476837158,1026.0,10.0,10.0,51.29999923706055
2022,49,광운대학교,67.1,59,대학,사립,서울,B그룹,331059,93356,424415,643431,145619,789050,25,22,124001,1,48,124001,162,23,185,18820,3102,21922,16294,337,789050,9900,79.69999694824219,21922,789050,2.900000095367432,10899.7001953125,1584,97,10899.7001953125,9807,1.100000023841858,118376967669,307991708,14620990,1712520,698561837,311078705,0,41611800,1375577560,116457751000,400000000,16000000,2000000,157000000,50000000,0,40000000,665000000,1375577560,9900,138947.2,1375577560,118376967669,1.2,1291597886,1406923051,1375577560,3.4,9900,8527,1373,332,559,247,6149,17187,9807,8496,1311,329,617,262,6296,17311,0,422549,3129,471,189,150,512,4451,21882,6196,3174,3244,31968,66464,0,0,627,903,113,43,596,215,37,77,826,0,0,28078,9900,2.799999952316284,422549,9900,42.70000076293945,2,2.0,0,1,5.0,0,0,0,0.0,0.0,0,6.0,0,0.0,6.0,0,0,0,0,0,2,8.0,0,1.0,11.0,0,0,0,0.0,0.0,2,8.0,0,1.0,11.0,366.0,67,228.0,46,4.0,1.0,6.0,0.0,9807,1.0,4.0,6.0,9807,1.0,594.0,5.0,6.0,54.0
2022,50,원광대학교,67.0,299,대학,사립,전북,A그룹,501243,248452,749695,1120583,476629,1597212,28,32,94467,2,62,94467,520,13,533,32865,2779,35644,20965,42338,1597212,16132,99.0,35644,1597212,2.299999952316284,21238.19921875,3183,150,21238.19921875,14401,1.5,186758936812,525094497,1076400,7389000,587864649,339544776,0,9900000,1470869322,179034862000,522225750,1279000,8000000,636098591,366696942,0,0,1534300283,1470869322,16132,91177.1,1470869322,186758936812,0.8,1490317363,1446381804,1470869322,-0.6,16132,14889,1243,771,1042,261,12248,30454,14401,13206,1195,732,1098,292,13038,29561,0,524205,3141,475,324,137,762,4839,27988,9311,4879,2201,37926,82305,0,0,7598,5090,847,134,407,311,179,186,1948,4,60,37299,16132,2.299999952316284,524205,16132,32.5,4,7.0,0,1,12.0,0,0,0,0.0,0.0,0,1.0,0,12.0,13.0,0,0,0,0,0,4,8.0,0,13.0,25.0,0,0,0,0.0,0.0,4,8.0,0,13.0,25.0,2507.0,914,1451.0,285,11.0,1.0,1.0,12.0,14401,1.2999999523162842,11.0,1.0,14401,0.800000011920929,3958.0,9.0,13.0,179.89999389648438
2022,51,국립강릉원주대학교,66.9,69,대학,국립,강원,B그룹,360899,111126,472025,644276,141992,786268,22,22,17562,3,47,17562,541,14,555,11586,2777,14363,13431,80079,786268,8202,95.9000015258789,14363,786268,1.899999976158142,22374.0,1818,121,22374.0,7813,2.900000095367432,105010570760,173354320,18474790,21645670,372407570,149399920,0,17905180,753187450,105706685890,218800000,16589600,31200000,412110000,143360000,0,880400,822940000,753187450,8202,91829.7,753187450,105010570760,0.7,724826870,834829070,753187450,2.7,8202,7536,666,369,406,391,43,9411,7813,7161,652,375,424,406,641,9659,0,51973,1445,139,227,136,54,2001,13394,1548,3657,1650,642,20891,0,0,852,1210,313,83,172,237,72,0,0,60,4004,14942,8202,1.7999999523162842,51973,8202,6.300000190734863,2,6.0,2,3,13.0,0,0,0,0.0,0.0,0,0.0,0,1.0,1.0,0,0,0,0,0,2,6.0,2,4.0,14.0,0,0,0,0.0,0.0,2,6.0,2,4.0,14.0,788.7999877929688,141,814.5999755859375,228,10.0,3.0,0.0,1.0,7813,1.7000000476837158,10.0,0.0,7813,1.2999999523162842,1603.4000244140625,15.0,1.0,100.1999969482422
2022,52,숙명여자대학교,66.7,247,대학,사립,서울,A그룹,432000,282374,714374,956871,331299,1288170,36,39,167786,3,78,167786,278,101,379,27798,1513,29311,19593,29861,1288170,12596,102.3000030517578,29311,1288170,2.299999952316284,16496.5,2794,153,16496.5,12249,1.2999999523162842,167871996784,324217687,24061656,1825980,1166715020,292530075,0,179699537,1989049955,171669788000,311000000,37700000,1000000,682890000,325737000,0,142000000,1500327000,1989049955,12596,157911.2,1989049955,167871996784,1.2,2014187905,1947165838,1989049955,-0.6,12596,10172,2424,440,1171,339,5277,19823,12249,9830,2419,432,1191,325,5877,20074,0,294275,3488,1245,403,179,600,5915,87946,34988,26139,4821,22860,176754,0,0,2867,3541,176,623,282,775,189,59,1920,131,1477,122934,12596,9.800000190734863,294275,12596,23.39999961853028,2,6.0,0,1,9.0,0,0,0,0.0,0.0,0,2.0,0,0.0,2.0,0,0,0,0,0,2,8.0,0,1.0,11.0,0,0,0,0.0,0.0,2,8.0,0,1.0,11.0,498.5,119,653.0,161,8.0,1.0,2.0,0.0,12249,0.800000011920929,8.0,2.0,12249,0.800000011920929,1151.5,11.0,1.0,96.0
2022,53,국립공주대학교,66.7,71,대학,국립,충남,A그룹,453100,92134,545234,1107041,169134,1276175,30,31,132755,0,61,132755,437,40,477,13597,2910,16507,10533,34114,1276175,15012,85.0,16507,1276175,1.2999999523162842,27957.30078125,3109,147,27957.30078125,14787,1.899999976158142,204050302666,272997740,27032540,0,666886360,183557810,0,28029190,1178503640,155118649000,290000000,26641000,0,236700000,188600000,0,16700000,758641000,1178503640,15012,78504.1,1178503640,204050302666,0.6,1563949820,1023234070,1178503640,-9.7,15012,12391,2621,559,930,579,1392,18472,14787,12155,2632,571,962,600,1556,18476,0,344258,3715,522,235,236,25,4733,26305,5055,3526,3064,19432,57382,0,0,575,428,538,210,162,287,84,13,82,101,620,31360,15012,2.0999999046325684,344258,15012,22.89999961853028,7,10.0,0,1,18.0,0,0,0,0.0,0.0,0,0.0,0,1.0,1.0,0,0,0,0,0,7,10.0,0,2.0,19.0,0,0,0,0.0,0.0,7,10.0,0,2.0,19.0,634.7999877929688,120,967.3999633789062,299,17.0,1.0,0.0,1.0,14787,1.2000000476837158,17.0,0.0,14787,1.100000023841858,1602.199951171875,16.5,0.0,97.0999984741211
2022,54,홍익대학교,66.6,458,대학,사립,서울,A그룹,914579,304463,1219042,1529842,417343,1947185,51,51,140184,3,105,140184,747,206,953,22729,3816,26545,22322,38489,1947185,21630,90.0,26545,1947185,1.399999976158142,28877.19921875,4715,290,28877.19921875,21656,1.2999999523162842,322314000680,411656018,85034072,25150300,1784597200,621968691,0,38348000,2966754281,312158949643,590385989,99972000,23000000,1821514959,601345861,0,40810150,3177028959,2966754281,21630,137159.2,2966754281,322314000680,0.9,3105797692,2878512453,2966754281,-2.1,21630,17792,3838,775,679,454,4890,28428,21656,17548,4108,750,760,465,6242,29873,0,324796,6700,1748,437,334,354,9573,77515,36734,6182,5827,4926,131184,0,0,4627,7252,1203,1203,1117,139,381,91,1174,0,0,114249,21630,5.300000190734863,324796,21630,15.0,3,8.0,0,2,13.0,0,0,0,0.0,0.0,0,14.0,0,0.0,14.0,0,0,0,0,0,3,22.0,0,2.0,27.0,0,0,0,0.0,0.0,3,22.0,0,2.0,27.0,638.0,189,472.2000122070313,102,11.0,2.0,14.0,0.0,21656,1.100000023841858,11.0,14.0,21656,1.2000000476837158,1110.199951171875,12.0,12.0,46.29999923706055
2022,55,을지대학교,66.6,307,대학,사립,대전,B그룹,119005,59223,178228,187423,64343,251766,22,16,96380,1,39,96380,73,0,73,6427,2968,9395,5804,0,251766,4789,52.59999847412109,9395,251766,3.900000095367432,8450.900390625,2041,141,8450.900390625,4532,1.899999976158142,101377205548,172000000,0,3000000,765637732,369074598,0,3810000,1313522330,133195206279,182000000,0,3000000,429713287,253516726,0,5000000,873230013,1313522330,4789,274279.0,1313522330,101377205548,1.3,748157508,302954942,1313522330,137.0,4789,4534,255,456,315,167,0,5727,4532,4267,265,462,347,128,0,5469,0,58358,574,51,49,77,34,785,2046,207,438,541,9031,12263,0,0,453,783,413,0,3,27,104,32,890,0,0,2253,4789,0.5,58358,4789,12.199999809265137,0,2.0,0,0,2.0,0,0,0,0.0,0.0,0,4.0,0,6.0,10.0,0,0,0,0,0,0,6.0,0,6.0,12.0,0,0,0,0.0,0.0,0,6.0,0,6.0,12.0,532.5,137,105.0,24,2.0,0.0,4.0,6.0,4532,1.7999999523162842,2.0,4.0,4532,1.2999999523162842,637.5,2.0,11.0,49.0
2022,56,한국외국어대학교,66.5,388,대학,사립,서울,A그룹,601622,376856,978478,1427845,603095,2030940,42,48,470714,7,97,470714,1382,339,1721,41512,9456,50968,33744,278,2030940,20003,101.5,50968,2030940,2.5999999046325684,24017.5,4263,192,24017.5,19122,1.2999999523162842,220013335007,1021856861,117016545,983602,1130665156,441947279,0,63025404,2775494847,226118938353,846160000,140310000,4000000,1075780400,458749600,0,95000000,2620000000,2775494847,20003,138753.9,2775494847,220013335007,1.3,2489525358,1823913772,2775494847,12.7,20003,17522,2481,662,1395,359,23636,46055,19122,16593,2529,644,1492,357,20436,42051,0,1146633,4120,826,936,266,4014,10162,35092,11972,17302,3851,66004,134221,0,0,17746,10763,2964,86,58,772,693,123,785,9,2331,47064,20003,2.400000095367432,1146633,20003,57.29999923706055,4,12.0,2,2,20.0,0,0,0,0.0,0.0,0,1.0,0,0.0,1.0,0,0,0,0,0,4,13.0,2,2.0,21.0,0,0,0,0.0,0.0,4,13.0,2,2.0,21.0,478.5,83,753.0,169,18.0,2.0,1.0,0.0,19122,1.100000023841858,18.0,1.0,19122,1.0,1231.5,20.0,1.0,58.59999847412109
2022,57,대구가톨릭대학교,66.5,109,대학,사립,경북,A그룹,551511,267100,818611,983215,369913,1353128,46,31,78441,0,77,78441,577,61,638,19619,1762,21381,14355,67595,1353128,13094,103.3000030517578,21381,1353128,1.600000023841858,19816.19921875,2125,182,19816.19921875,12663,1.600000023841858,159394045988,329047490,37603021,1156700,903692543,260058409,0,2028000,1533586163,161133142000,240850000,37604000,1500000,860824000,238750000,0,0,1379528000,1533586163,13094,117121.3,1533586163,159394045988,1.0,1564764183,1497646184,1533586163,-0.9,13094,11737,1357,596,795,380,530,15395,12663,11311,1352,596,780,392,622,15053,0,210824,4284,461,443,297,288,5773,69489,7728,6696,4454,4997,93364,0,0,2053,2071,142,125,350,395,121,215,4443,1,82,77217,13094,5.900000095367432,210824,13094,16.100000381469727,0,7.0,0,0,7.0,0,1,0,1.0,2.0,0,10.0,0,0.0,10.0,0,0,0,0,0,0,17.0,0,0.0,17.0,0,1,0,1.0,2.0,0,18.0,0,1.0,19.0,437.5,131,850.0,188,8.0,1.0,10.0,0.0,12663,1.2999999523162842,8.0,10.0,12663,1.399999976158142,1287.5,9.0,10.0,67.80000305175781
