Year,ID,SchName,SchType,FoundType,Region,UnivScale,VolunteerUserCnt_StCountPrev,VolunteerUserCnt_VolunteerTC_Undergrad,VolunteerUserCnt_VolunteerTC_GradSt,VolunteerUserCnt_VolunteerTC_FullFaculty,VolunteerUserCnt_VolunteerTC_PartFaculty,VolunteerUserCnt_VolunteerTC_Staff,VolunteerUserCnt_VolunteerTC_Other,VolunteerUserCnt_VolunteerTC_TotalSum,VolunteerUserCnt_DeptCnt,VolunteerUserCnt_UserCnt_LibUserCnt,LoanStatus_LoanUserCnt_Undergrad,LoanStatus_LoanUserCnt_GradSt,LoanStatus_LoanUserCnt_Faculty,LoanStatus_LoanUserCnt_Staff,LoanStatus_LoanUserCnt_Other,LoanStatus_LoanUserCnt_TotalSum,LoanStatus_LoanBookCnt_Undergrad,LoanStatus_LoanBookCnt_GradSt,LoanStatus_LoanBookCnt_Faculty,LoanStatus_LoanBookCnt_Staff,LoanStatus_LoanBookCnt_Other,LoanStatus_LoanBookCnt_TotalSum,RefCollab_RefBefore2010_Request,RefCollab_RefBefore2010_Provided,RefCollab_RefAfter2010_Consultation,RefCollab_RefAfter2010_Phone,RefCollab_RefAfter2010_Online,RefCollab_RefLoan_Request,RefCollab_RefLoan_Provided,RefCollab_RefCopy_Request,RefCollab_RefCopy_Provided,UserEdu_EduCount,UserEdu_EduPartCnt,LoanPerSt_LoanBookCnt,LoanPerSt_StCountPrev,LoanPerSt_LoanPerSt,VisitPerSt_VisitCnt,VisitPerSt_StCountPrev,VisitPerSt_VisitPerSt
2018,1,ICT폴리텍대학,전문대학,사립,경기,C그룹,322,322,0,17,11,25,0,375,5,383,214,0,0,45,0,259,383,0,0,0,0,383,0,0,0,0,0,0,0,0,0,0,0,383,322,1.2000000476837158,383,322,1.2000000476837158
2018,2,가야대학교,대학,사립,경남,C그룹,2684,2572,112,95,96,71,1,2947,15,59711,765,12,40,29,0,846,7584,70,1096,830,825,10405,0,0,38,18,23,26,7,3,0,4,288,7654,2684,2.900000095367432,59711,2684,22.200000762939453
2018,3,가천대학교,대학,사립,경기,A그룹,20422,18309,2113,870,1185,332,785,23594,61,1050618,7535,465,203,156,174,8533,52789,4546,3156,1976,8122,70589,0,0,4276,3234,858,139,172,655,118,53,444,57335,20422,2.799999952316284,1050618,20422,51.400001525878906
2018,4,가톨릭관동대학교,대학,사립,강원,B그룹,8750,8341,409,508,321,174,119,9872,75,452857,2323,70,164,132,88,2777,22756,1071,3205,2510,1043,30585,0,0,6000,3981,26,5,117,332,67,9,139,23827,8750,2.700000047683716,452857,8750,51.79999923706055
2018,5,가톨릭꽃동네대학교,대학,사립,충북,C그룹,504,463,41,22,30,38,3,597,2,40206,338,12,20,20,3,393,2465,77,385,366,88,3381,0,0,18,12,9,0,0,0,1,2,114,2542,504,5.0,40206,504,79.80000305175781
2018,6,가톨릭대학교,대학,사립,경기,A그룹,10529,7829,2700,1155,1216,503,2183,15586,47,1480904,6179,877,2042,207,1025,10330,77018,22609,25241,5865,18155,148888,0,0,7009,6301,2659,796,2727,2958,1362,114,2459,99627,10529,9.5,1480904,10529,140.6999969482422
2018,7,가톨릭상지대학교,전문대학,사립,경북,C그룹,1931,1931,0,59,135,61,62,2248,33,115687,763,0,30,45,20,858,7366,0,501,509,1832,10208,0,0,28,3,0,0,1,3,0,16,635,7366,1931,3.799999952316284,115687,1931,59.900001525878906
2018,8,감리교신학대학교,대학,사립,서울,C그룹,1535,835,700,26,99,34,240,1934,7,2500,654,630,99,23,91,1497,10824,21395,3611,590,1332,37752,0,0,155,120,55,11,37,19,49,6,347,32219,1535,21.0,2500,1535,1.600000023841858
2018,9,강남대학교,대학,사립,경기,B그룹,7101,6719,382,241,263,117,67,7789,24,212021,3300,150,100,153,55,3758,21086,1243,134,3976,262,26701,0,0,33,31,15,24,54,66,30,0,0,22329,7101,3.0999999046325684,212021,7101,29.899999618530277
2018,10,강동대학교,전문대학,사립,충북,B그룹,3879,3879,0,108,246,60,3,4296,60,57869,397,0,20,34,3,454,2252,0,81,876,0,3209,0,0,446,66,0,0,0,0,0,1,151,2252,3879,0.6000000238418579,57869,3879,14.899999618530272
2018,11,강릉영동대학교,전문대학,사립,강원,B그룹,2944,2944,0,90,137,54,68,3293,37,0,1205,0,62,34,33,1334,7213,0,977,402,1537,10129,0,0,4,1,0,0,0,2,0,0,0,7213,2944,2.5,0,2944,0.0
2018,12,강서대학교,대학,사립,서울,C그룹,1550,1382,168,50,106,46,304,2056,21,6426,240,69,36,22,36,403,1405,889,582,138,1032,4046,0,0,659,268,5,1,42,1,2,4,151,2294,1550,1.5,6426,1550,4.099999904632568
2018,13,강원관광대학교,전문대학,사립,강원,C그룹,1220,1220,0,36,69,34,0,1359,31,21550,262,0,12,9,0,283,1220,0,64,54,0,1338,0,0,2444,450,75,0,0,0,0,10,310,1220,1220,1.0,21550,1220,17.700000762939453
2018,14,강원대학교,대학,국립,강원,A그룹,22949,20168,2781,1003,1335,681,1722,27690,116,1875604,8897,1258,689,407,699,11950,56114,11052,8311,4338,19186,99001,0,0,2258,6671,947,1036,465,1478,7853,104,1943,67166,22949,2.900000095367432,1875604,22949,81.69999694824219
2018,15,강원도립대학교,전문대학,공립,강원,C그룹,784,784,0,31,70,53,25,963,17,2450,206,0,19,43,25,293,1072,0,253,964,2606,4895,0,0,103,0,0,0,0,5,0,0,0,1072,784,1.399999976158142,2450,784,3.0999999046325684
2018,16,개신대학원대학교,대학원대학,사립,서울,-,168,0,168,6,21,7,199,401,9,8500,0,45,11,3,28,87,0,602,214,24,216,1056,0,0,50,30,60,5,0,2,0,0,0,602,168,3.5999999046325684,8500,168,50.59999847412109
2018,17,거제대학교,전문대학,사립,경남,C그룹,1143,1143,0,43,75,47,26,1334,15,52275,413,0,50,41,13,517,2981,0,1194,695,235,5105,0,0,6,2,7,7,0,66,0,11,184,2981,1143,2.5999999046325684,52275,1143,45.70000076293945
2018,18,건국대학교,대학,사립,서울,A그룹,19861,15552,4309,702,1340,451,21530,43884,67,1947311,9919,2541,716,503,3268,16947,81082,28558,12623,6065,40321,168649,0,0,0,0,0,91,209,971,275,14,280,109640,19861,5.5,1947311,19861,98.0
2018,19,건국대학교(글로컬),대학,사립,충북,B그룹,8223,7721,502,483,315,158,3110,12289,45,439057,4323,156,190,192,187,5048,37457,1503,3872,2338,11046,56216,0,0,89,151,62,40,124,376,22,38,2494,38960,8223,4.699999809265137,439057,8223,53.400001525878906
2018,20,건동대학교,대학,사립,경북,C그룹,0,0,0,0,0,0,0,0,0,0,0,0,0,0,0,0,0,0,0,0,0,0,0,0,0,0,0,0,0,0,0,0,0,0,0,0.0,0,0,0.0
2018,21,건신대학원대학교,대학원대학,사립,대전,-,144,0,144,12,16,7,917,1096,6,2864,0,71,10,3,16,100,0,1093,194,18,102,1407,0,0,0,0,0,0,0,0,0,0,0,1093,144,7.599999904632568,2864,144,19.899999618530277
2018,22,건양대학교,대학,사립,충남,B그룹,8346,7786,560,396,221,168,1081,10212,53,600916,5083,187,223,240,225,5958,47875,1928,5060,3785,3946,62594,0,0,170,343,1123,8,47,628,265,10,230,49803,8346,6.0,600916,8346,72.0
2018,23,경기과학기술대학교,전문대학,사립,경기,A그룹,4413,4413,0,119,211,62,519,5324,62,310439,1219,0,76,59,14,1368,5123,0,775,513,1880,8291,0,0,45,2,0,24,242,0,0,12,51,5123,4413,1.2000000476837158,310439,4413,70.30000305175781
2018,24,경기대학교,대학,사립,경기,A그룹,16084,13979,2105,513,892,244,7027,24760,83,471056,8380,893,375,352,481,10481,58625,7567,6150,4245,31131,107718,0,0,955,8872,1449,166,332,1531,193,34,1480,66192,16084,4.099999904632568,471056,16084,29.299999237060547
2018,25,경남대학교,대학,사립,경남,A그룹,13068,11967,1101,456,491,218,1712,15945,54,493363,4305,470,342,132,388,5637,31043,5931,7080,3815,15907,63776,0,0,8930,4383,98,60,196,283,119,31,989,36974,13068,2.799999952316284,493363,13068,37.79999923706055
2018,26,경남도립거창대학,전문대학,공립,경남,C그룹,837,837,0,30,79,47,13,1006,17,7328,233,0,49,20,2,304,1700,0,1232,236,67,3235,0,0,0,0,0,0,0,0,0,2,50,1700,837,2.0,7328,837,8.800000190734863
2018,27,경남도립남해대학,전문대학,공립,경남,C그룹,751,751,0,23,65,39,0,878,14,17000,182,0,31,35,0,248,733,0,591,476,0,1800,0,0,0,0,0,0,0,0,0,0,0,733,751,1.0,17000,751,22.600000381469727
2018,28,경남정보대학교,전문대학,사립,부산,A그룹,6898,6898,0,185,421,142,59,7705,65,185453,866,0,89,46,9,1010,3722,0,876,569,1591,6758,0,0,63,92,13,0,0,0,1,7,324,3722,6898,0.5,185453,6898,26.899999618530277
2018,29,경동대학교,대학,사립,강원,B그룹,7737,7737,0,246,143,111,300,8537,47,149311,1401,0,59,3,12,1475,16353,0,221,608,488,17670,0,0,700,1000,90,0,0,0,0,4,345,16353,7737,2.0999999046325684,149311,7737,19.299999237060547
2018,30,경민대학교,전문대학,사립,경기,B그룹,4536,4536,0,129,311,91,126,5193,93,53739,1745,0,80,53,44,1922,15709,0,1802,1434,1306,20251,0,0,27,54,5,3,0,20,0,29,2330,15709,4536,3.5,53739,4536,11.800000190734863
2018,31,경복대학교,전문대학,사립,경기,A그룹,6470,6470,0,176,373,62,17,7098,88,77877,1710,0,57,23,17,1807,17728,0,849,491,81,19149,0,0,250,200,2,0,0,3,0,0,0,17728,6470,2.700000047683716,77877,6470,12.0
2018,32,경북과학대학교,전문대학,사립,경북,C그룹,1689,1689,0,58,126,36,0,1909,95,7834,53,0,11,2,0,66,796,0,217,79,0,1092,0,0,2,2,0,0,0,0,0,0,0,796,1689,0.5,7834,1689,4.599999904632568
2018,33,경북대학교,대학,국립,대구,A그룹,29278,23096,6182,1270,1715,754,38235,71252,150,1524496,10101,2763,1290,612,8009,22775,85850,36500,20544,7706,98692,249292,0,0,100538,44395,3185,580,1163,2258,5523,104,2349,122350,29278,4.199999809265137,1524496,29278,52.09999847412109
2018,34,경북보건대학교,전문대학,사립,경북,C그룹,1272,1272,0,40,78,32,0,1422,16,0,436,0,31,25,0,492,5609,0,625,555,0,6789,0,0,5,2,0,1,0,35,0,12,271,5609,1272,4.400000095367432,0,1272,0.0
2018,35,경북외국어대학교,대학,사립,대구,C그룹,0,0,0,0,0,0,0,0,0,0,0,0,0,0,0,0,0,0,0,0,0,0,0,0,0,0,0,0,0,0,0,0,0,0,0,0.0,0,0,0.0
2018,36,경북전문대학교,전문대학,사립,경북,B그룹,2798,2798,0,78,147,59,0,3082,55,98096,537,0,23,55,0,615,2346,0,321,701,0,3368,0,0,708,148,24,0,0,0,0,24,1009,2346,2798,0.800000011920929,98096,2798,35.099998474121094
2018,37,경상국립대학교,대학,국립,경남,A그룹,22060,19243,2817,992,1128,566,2910,27656,123,1140611,10870,763,672,407,1901,14613,85115,7887,11748,5653,20543,130946,0,0,10609,9857,812,317,269,1169,2629,120,3913,93002,22060,4.199999809265137,1140611,22060,51.70000076293945
2018,38,경성대학교,대학,사립,부산,A그룹,12966,12286,680,451,542,236,5550,19745,44,602061,4508,255,385,194,3603,8945,44347,4946,9045,3250,27576,89164,0,0,9744,6648,915,72,281,320,233,60,1781,49293,12966,3.799999952316284,602061,12966,46.400001525878906
2018,39,경안대학원대학교,대학원대학,사립,경북,-,63,0,63,7,16,3,2,91,3,50,0,27,4,3,1,35,0,58,3,1,1,63,0,0,0,0,0,0,0,0,0,2,22,58,63,0.8999999761581421,50,63,0.800000011920929
2018,40,경운대학교,대학,사립,경북,C그룹,4877,4753,124,210,167,116,4,5374,29,146080,1803,15,87,47,4,1956,11713,163,862,333,479,13550,0,0,117,14,22,5,1,8,6,4,135,11876,4877,2.400000095367432,146080,4877,30.0
2018,41,경인교육대학교,대학,국립,인천,C그룹,4228,2625,1603,129,235,142,422,5156,14,272280,2615,710,202,116,416,4059,60732,6473,7925,1811,1194,78135,0,0,491,1470,121,33,41,83,14,20,587,67205,4228,15.899999618530272,272280,4228,64.4000015258789
2018,42,경인여자대학교,전문대학,사립,인천,B그룹,4792,4792,0,112,337,54,33,5328,69,199955,2156,0,79,62,2,2299,21786,0,1858,1061,62200,86905,0,0,12,24,21,119,0,46,0,0,0,21786,4792,4.5,199955,4792,41.70000076293945
2018,43,경일대학교,대학,사립,경북,B그룹,7216,7014,202,254,164,156,23,7813,32,247660,2957,38,110,100,23,3228,19755,358,1871,1539,114,23637,0,0,160,330,60,69,11,81,0,6,350,20113,7216,2.799999952316284,247660,7216,34.29999923706055
2018,44,경찰대학,기타,기타,충남,-,0,0,0,0,0,0,600,600,0,24289,225,0,47,171,598,1041,1961,0,1847,2810,4617,11235,0,0,50,47,0,71,14,28,0,0,0,1961,0,0.0,24289,0,0.0
2018,45,경희대학교,대학,사립,서울,A그룹,32843,25197,7646,1452,1876,903,14612,51686,131,1790799,18166,4743,1101,713,3382,28105,214809,80931,28087,16927,81304,422058,0,0,41617,29615,4706,912,3405,1320,1023,387,9254,295740,32843,9.0,1790799,32843,54.5
2018,46,계명대학교,대학,사립,대구,A그룹,23744,21653,2091,897,1008,616,35369,61634,101,1140203,12516,1174,628,490,2176,16984,96431,18244,18537,6463,59195,198870,0,0,11672,24093,122,656,856,2658,1018,85,1388,114675,23744,4.800000190734863,1140203,23744,48.0
2018,47,계명문화대학교,전문대학,사립,대구,A그룹,5222,5222,0,128,564,87,1437,7438,62,151560,2302,0,173,59,111,2645,25567,0,2841,1108,1848,31364,0,0,68,51,19,0,0,1,0,62,2152,25567,5222,4.900000095367432,151560,5222,29.0
2018,48,계약신학대학원대학교,대학원대학,사립,경기,-,65,0,65,6,6,4,16,97,2,0,0,65,10,2,10,87,0,849,85,18,103,1055,0,0,30,150,0,0,0,0,0,2,20,849,65,13.100000381469728,0,65,0.0
2018,49,계원예술대학교,전문대학,사립,경기,B그룹,2959,2959,0,89,214,72,61,3395,40,60488,1360,0,46,53,0,1459,12866,0,888,691,10295,24740,0,0,98,140,55,0,0,2,0,1,62,12866,2959,4.300000190734863,60488,2959,20.399999618530277
2018,50,고려대학교,대학,사립,서울,A그룹,29859,21110,8749,1449,2952,953,2464,37677,71,7285631,16367,5291,1051,879,639,24227,214982,137046,23060,14666,39755,429509,0,0,33178,45214,10088,4078,3607,5906,21678,440,3577,352028,29859,11.800000190734863,7285631,29859,244.0
2018,51,고려대학교(세종),대학,사립,세종,B그룹,7444,6629,815,271,351,191,161,8418,37,279999,4052,918,315,249,47,5581,28877,7721,3012,2002,1153,42765,0,0,565,242,5,39,120,245,178,3,33,36598,7444,4.900000095367432,279999,7444,37.59999847412109
2018,52,고려사이버대학교,대학,사립,서울,A그룹,9557,9495,62,43,136,69,1623,11428,23,0,1576,27,13,5,2,1623,7173,140,46,20,29,7408,0,0,0,0,0,1,0,4,0,0,0,7313,9557,0.800000011920929,0,9557,0.0
2018,53,고신대학교,대학,사립,부산,C그룹,5061,4128,933,314,183,192,559,6309,24,314828,1389,599,143,159,154,2444,15134,15431,2278,2055,1815,36713,0,0,4146,3509,2961,37,143,658,1166,6,232,30565,5061,6.0,314828,5061,62.20000076293945
2018,54,공군사관학교,기타,기타,충북,-,0,0,0,0,0,0,2078,2078,0,2075,698,0,140,1200,37,2075,5955,0,3200,28374,231,37760,0,0,620,251,98,180,2,465,2,37,603,5955,0,0.0,2075,0,0.0
2018,55,공주교육대학교,대학,국립,충남,C그룹,1999,1506,493,84,99,59,7,2248,12,156317,8486,360,243,206,7,9302,13446,890,975,992,22,16325,0,0,0,0,0,54,6,19,4,12,185,14336,1999,7.199999809265137,156317,1999,78.19999694824219
2018,56,과학기술연합대학원대학교,대학원대학,국립,대전,-,1302,0,1302,887,950,72,0,3211,58,9288,0,313,171,35,4,523,0,2486,1686,306,29,4507,0,0,0,0,0,0,0,43,39,0,0,2486,1302,1.899999976158142,9288,1302,7.099999904632568
2018,57,광신대학교,대학,사립,광주,C그룹,942,517,425,50,115,29,137,1273,6,44264,151,161,25,7,7,351,877,1475,251,54,59,2716,0,0,7,27,0,45,13,9,12,0,0,2352,942,2.5,44264,942,47.0
2018,58,광양보건대학교,전문대학,사립,전남,C그룹,1323,1323,0,74,58,24,0,1479,27,1510,303,0,23,44,0,370,431,0,35,79,0,545,0,0,22,8,0,0,0,0,0,8,403,431,1323,0.3000000119209289,1510,1323,1.100000023841858
2018,59,광운대학교,대학,사립,서울,B그룹,9505,8213,1292,330,504,219,6856,17414,42,1332992,4973,612,222,195,2094,8096,62718,8492,3859,3346,24127,102542,0,0,2114,1172,108,91,182,339,85,12,291,71210,9505,7.5,1332992,9505,140.1999969482422
2018,60,광주가톨릭대학교,대학,사립,전남,C그룹,110,83,27,15,7,27,410,569,1,15275,82,27,18,10,39,176,5248,2795,444,100,1435,10022,0,0,156,50,103,2,7,9,9,2,115,8043,110,73.0999984741211,15275,110,138.89999389648438
2018,61,광주과학기술원,대학,국립,광주,C그룹,2042,738,1304,182,71,664,0,2959,2,237029,669,994,353,206,0,2222,23322,26802,22826,15782,1572,90304,0,0,804,811,777,32,27,326,20,0,0,50124,2042,24.5,237029,2042,116.0999984741211
2018,62,광주교육대학교,대학,국립,광주,C그룹,2084,1394,690,78,117,78,206,2563,13,2674,1188,125,62,42,63,1480,12622,1344,933,610,309,15818,0,0,100,1000,190,36,5,247,1,4,192,13966,2084,6.699999809265137,2674,2084,1.2999999523162842
2018,63,광주대학교,대학,사립,광주,B그룹,7496,7074,422,252,258,113,2206,10325,46,179912,2131,55,125,68,269,2648,31678,559,1758,1178,208,35381,0,0,2099,618,92,25,60,74,21,37,1471,32237,7496,4.300000190734863,179912,7496,24.0
2018,64,광주보건대학교,전문대학,사립,광주,B그룹,3832,3832,0,108,189,60,0,4189,22,56307,450,0,86,26,0,562,2357,0,539,346,0,3242,0,0,12,19,0,0,6,3,3,3,402,2357,3832,0.6000000238418579,56307,3832,14.699999809265137
2018,65,광주여자대학교,대학,사립,광주,C그룹,4003,3769,234,132,92,70,126,4423,25,171569,1913,52,59,63,68,2155,10908,332,805,1076,8306,21427,0,0,100,100,7,0,0,8,2,26,841,11240,4003,2.799999952316284,171569,4003,42.900001525878906
2018,66,구미대학교,전문대학,사립,경북,A그룹,5509,5509,0,127,257,59,12,5964,64,6950,1622,0,11,55,12,1700,2643,0,26,88,23,2780,0,0,8,10,0,0,0,0,0,11,801,2643,5509,0.5,6950,5509,1.2999999523162842
2018,67,구세군사관대학원대학교,대학원대학,사립,경기,-,34,0,34,9,4,9,7,63,2,812,0,34,8,6,7,55,0,599,58,39,39,735,0,0,90,8,0,0,0,0,0,0,0,599,34,17.600000381469727,812,34,23.899999618530277
2018,68,국군간호사관학교,기타,기타,대전,-,0,0,0,0,0,0,520,520,0,92257,323,0,58,31,29,441,26279,0,678,939,288,28184,0,0,48,30,72,3,1,40,1,13,347,26279,0,0.0,92257,0,0.0
2018,69,국립강릉원주대학교,대학,국립,강원,B그룹,8506,7870,636,381,371,310,1446,11014,59,565942,4514,337,415,205,581,6052,35397,3700,5903,2603,8032,55635,0,0,1058,1615,271,145,140,486,66,49,1481,39097,8506,4.599999904632568,565942,8506,66.5
2018,70,국립경국대학교,대학,국립,경북,B그룹,7466,6922,544,301,423,275,107,8591,71,307866,3529,273,217,178,76,4273,32180,4241,4238,2447,1351,44457,0,0,89,340,141,165,4,216,20,52,1672,36421,7466,4.900000095367432,307866,7466,41.20000076293945
2018,71,국립공주대학교,대학,국립,충남,A그룹,15987,13383,2604,552,790,390,1185,18904,106,1226119,7218,897,250,267,453,9085,58444,9106,4233,4367,15418,91568,0,0,682,233,227,167,209,218,142,53,1697,67550,15987,4.199999809265137,1226119,15987,76.69999694824219
2018,72,국립군산대학교,대학,국립,전북,B그룹,8041,7240,801,345,255,259,344,9244,65,717094,2836,273,196,178,184,3667,27801,3553,3501,3747,5488,44090,0,0,10468,9612,141,129,30,400,29,21,590,31354,8041,3.900000095367432,717094,8041,89.19999694824219
2018,73,국립금오공과대학교,대학,국립,경북,B그룹,6850,6142,708,225,194,190,418,7877,20,417301,4181,321,126,166,173,4967,35305,3558,1878,3073,3080,46894,0,0,55,84,28,8,43,57,22,5,68,38863,6850,5.699999809265137,417301,6850,60.900001525878906
2018,74,국립목포대학교,대학,국립,전남,B그룹,8329,7362,967,309,409,212,446,9705,57,205142,3006,269,178,98,72,3623,19956,2148,2060,1730,7941,33835,0,0,1210,1100,126,123,55,179,14,26,1659,22104,8329,2.700000047683716,205142,8329,24.600000381469727
2018,75,국립목포해양대학교,대학,국립,전남,C그룹,2710,2601,109,110,89,167,97,3173,13,50503,1038,48,46,39,14,1185,4835,393,481,336,6733,12778,0,0,760,76,0,5,0,8,0,9,162,5228,2710,1.899999976158142,50503,2710,18.600000381469727
2018,76,국립부경대학교,대학,국립,부산,A그룹,19124,16655,2469,597,875,450,13560,34606,86,1531863,9105,1068,443,264,1258,12138,67857,10689,6484,3507,33416,121953,0,0,4592,13900,116,148,104,1392,167,73,2359,78546,19124,4.099999904632568,1531863,19124,80.0999984741211
2018,77,국립순천대학교,대학,국립,전남,B그룹,7930,7168,762,322,332,228,13097,21914,62,330151,3919,324,214,161,1146,5764,46027,3534,3273,2621,6798,62253,0,0,412,150,13182,49,35,463,19,29,2214,49561,7930,6.199999809265137,330151,7930,41.59999847412109
2018,78,국립암센터국제암대학원대학교,대학원대학,국립,경기,-,70,0,70,18,74,5,0,167,3,26000,0,0,0,0,0,0,0,0,0,0,0,0,0,0,0,0,0,0,0,0,0,0,0,0,70,0.0,26000,70,371.3999938964844
2018,79,국립창원대학교,대학,국립,경남,B그룹,9694,8262,1432,334,589,265,2143,13025,50,993447,5047,497,250,230,781,6805,36741,5762,5035,3303,11356,62197,0,0,1890,1620,47,220,57,746,47,38,877,42503,9694,4.400000095367432,993447,9694,102.5
2018,80,국립한국교통대학교,대학,국립,충북,B그룹,9003,8384,619,328,338,217,240,10126,57,253821,4670,133,165,206,92,5266,31830,1197,2424,2494,1048,38993,0,0,1717,2862,56,2,0,31,1,14,301,33027,9003,3.700000047683716,253821,9003,28.200000762939453
2018,81,국립한국해양대학교,대학,국립,부산,B그룹,7615,6692,923,267,463,252,293,8890,36,546904,3395,226,283,215,52,4171,21416,2388,8474,2297,490,35065,0,0,694,403,121,57,56,363,47,24,781,23804,7615,3.0999999046325684,546904,7615,71.80000305175781
2018,82,국립한밭대학교,대학,국립,대전,B그룹,8927,8415,512,265,440,191,579,10402,30,400250,3639,172,179,267,313,4570,22829,2018,4106,4290,6966,40209,0,0,5420,2010,280,22,47,188,2,25,701,24847,8927,2.799999952316284,400250,8927,44.79999923706055
2018,83,국민대학교,대학,사립,서울,A그룹,17933,14944,2989,649,1123,439,7852,27996,89,913853,8834,1406,528,267,364,11399,60950,15246,8609,5490,39730,130025,0,0,4414,920,1052,241,316,501,278,32,761,76196,17933,4.199999809265137,913853,17933,51.0
2018,84,국방대학교,기타,기타,충남,-,0,0,0,0,0,0,2190,2190,0,49300,0,807,657,348,132,1944,0,8002,6412,3843,610,18867,0,0,6320,1930,0,1,14,3,2,10,584,8002,0,0.0,49300,0,0.0
2018,85,국제뇌교육종합대학원대학교,대학원대학,사립,충남,-,265,0,265,17,12,23,275,592,6,380,0,56,16,3,11,86,0,263,146,8,21,438,0,0,15,37,0,1,0,13,0,2,100,263,265,1.0,380,265,1.399999976158142
2018,86,국제대학교,전문대학,사립,경기,B그룹,4069,4069,0,110,277,47,30,4533,72,38393,463,0,54,80,13,610,1277,0,326,428,1481,3512,0,0,655,35,0,0,0,0,0,35,1099,1277,4069,0.3000000119209289,38393,4069,9.399999618530272
2018,87,국제문화대학원대학교,대학원대학,사립,충남,-,0,0,0,0,0,0,0,0,0,0,0,0,0,0,0,0,0,0,0,0,0,0,0,0,0,0,0,0,0,0,0,0,0,0,0,0.0,0,0,0.0
2018,88,국제법률경영대학원대학교,대학원대학,사립,경기,-,110,0,110,5,0,7,0,122,2,0,0,10,0,0,0,10,0,10,0,0,0,10,0,0,0,0,0,0,0,0,0,0,0,10,110,0.1000000014901161,0,110,0.0
2018,89,국제사이버대학교,대학,사립,경기,C그룹,2817,2817,0,16,112,34,300,3279,5,305,310,0,3,3,0,316,375,0,3,3,0,381,0,0,0,0,0,0,0,0,0,1,25,375,2817,0.1000000014901161,305,2817,0.1000000014901161
2018,90,국제언어대학원대학교,대학원대학,사립,서울,-,105,0,105,6,10,10,200,331,2,250,0,88,12,8,53,161,0,4973,142,132,701,5948,0,0,60,25,20,25,0,139,1,120,61,4973,105,47.400001525878906,250,105,2.400000095367432
2018,91,국제예술대학교,기타,기타,서울,-,0,0,0,0,0,0,0,0,0,2400,13,0,7,0,0,20,18,0,8,0,0,26,0,0,0,0,0,0,0,0,0,0,0,18,0,0.0,2400,0,0.0
2018,92,군산간호대학교,전문대학,사립,전북,C그룹,1138,1138,0,29,41,23,77,1308,2,28527,780,0,17,15,32,844,9247,0,334,185,210,9976,0,0,760,152,76,0,0,0,0,0,0,9247,1138,8.100000381469727,28527,1138,25.100000381469727
2018,93,군장대학교,전문대학,사립,전북,C그룹,1826,1826,0,57,147,59,0,2089,37,18261,184,0,7,11,0,202,1114,0,37,23,6,1180,0,0,172,74,0,0,0,0,0,16,506,1114,1826,0.6000000238418579,18261,1826,10.0
2018,94,극동대학교,대학,사립,충북,C그룹,3942,3861,81,147,213,63,161,4526,34,3487,2858,15,238,215,161,3487,6142,48,896,580,3931,11597,0,0,0,0,0,0,0,7,0,0,0,6190,3942,1.600000023841858,3487,3942,0.8999999761581421
2018,95,글로벌사이버대학교,대학,사립,충남,C그룹,2123,2123,0,15,124,39,14828,17129,10,601,43,0,1,10,11,65,144,0,1,24,64,233,0,0,0,0,0,0,0,0,0,0,0,144,2123,0.1000000014901161,601,2123,0.3000000119209289
2018,96,금강대학교,대학,사립,충남,C그룹,552,536,16,30,66,38,145,831,17,45779,367,17,33,29,6,452,4154,649,566,322,29,5720,0,0,85,32,0,0,0,2,13,0,0,4803,552,8.699999809265137,45779,552,82.9000015258789
2018,97,기독간호대학교,전문대학,사립,광주,C그룹,634,634,0,21,23,17,0,695,4,12000,237,0,14,10,0,261,1390,0,79,54,297,1820,0,0,140,40,0,0,0,0,0,1,180,1390,634,2.200000047683716,12000,634,18.899999618530277
2018,98,김천대학교,대학,사립,경북,C그룹,3439,3392,47,156,129,90,42,3856,24,157992,705,13,44,37,15,814,10443,152,938,634,176,12343,0,0,40,19,0,0,6,4,0,16,308,10595,3439,3.0999999046325684,157992,3439,45.900001525878906
2018,99,김포대학교,전문대학,사립,경기,C그룹,3419,3419,0,93,234,55,29,3830,56,51938,662,0,70,62,29,823,4538,0,808,803,1374,7523,0,0,110,120,20,12,12,2,2,30,1171,4538,3419,1.2999999523162842,51938,3419,15.199999809265137
2018,100,김해대학교,전문대학,사립,경남,C그룹,1358,1358,0,43,105,41,0,1547,35,63249,252,0,10,19,0,281,1520,0,155,209,238,2122,0,0,0,15,0,0,0,0,0,0,0,1520,1358,1.100000023841858,63249,1358,46.59999847412109
2018,101,나사렛대학교,대학,사립,충남,B그룹,5838,5458,380,193,208,89,826,7154,56,146447,2993,197,133,70,330,3723,29431,5185,2813,916,4545,42890,0,0,1625,250,520,106,123,229,30,37,725,34616,5838,5.900000095367432,146447,5838,25.100000381469727
2018,102,나주대학교,전문대학,사립,전남,C그룹,2211,2211,0,62,120,27,2120,4540,56,128,7,0,0,9,0,16,20,0,36,0,7,63,0,0,61,83,23,0,0,0,0,3,208,20,2211,0.0,128,2211,0.1000000014901161
2018,103,남부대학교,대학,사립,광주,C그룹,3464,3078,386,123,157,75,0,3819,22,17320,644,17,59,40,0,760,3643,145,712,701,5855,11056,0,0,22,83,0,37,1,0,0,16,556,3788,3464,1.100000023841858,17320,3464,5.0
2018,104,남서울대학교,대학,사립,충남,B그룹,10216,9714,502,349,338,172,1528,12603,40,171274,3889,107,117,123,121,4357,39733,758,1250,1698,769,44208,0,0,436,85,1231,378,354,56,104,15,715,40491,10216,4.0,171274,10216,16.799999237060547
2018,105,농협대학교,전문대학,사립,경기,C그룹,461,461,0,12,24,34,93,624,5,266,201,0,12,38,15,266,1186,0,171,301,87,1745,0,0,0,0,0,0,0,0,0,1,110,1186,461,2.5999999046325684,266,461,0.6000000238418579
2018,106,능인대학원대학교,대학원대학,사립,경기,-,66,0,66,9,0,4,0,79,2,320,0,41,2,1,0,44,0,186,11,3,0,200,0,0,33,16,0,0,0,11,11,1,30,186,66,2.799999952316284,320,66,4.800000190734863
2018,107,단국대학교,대학,사립,경기,A그룹,26716,22798,3918,1106,1572,524,1606,31524,155,1620922,11880,1675,819,784,503,15661,93649,19240,10363,7335,41512,172099,0,0,12212,6680,1432,144,335,863,314,22,1010,112889,26716,4.199999809265137,1620922,26716,60.70000076293945
2018,108,대경대학교,전문대학,사립,경북,B그룹,4332,4332,0,121,298,58,69,4878,49,107101,769,0,79,47,19,914,7286,0,898,1284,54,9522,0,0,1051,605,0,0,0,0,0,22,940,7286,4332,1.7000000476837158,107101,4332,24.700000762939453
2018,109,대구가톨릭대학교,대학,사립,경북,A그룹,14889,13324,1565,644,774,344,1116,17767,89,618069,8594,678,474,293,531,10570,69937,11437,9008,5237,9045,104664,0,0,8731,1891,171,69,158,525,203,79,3531,81374,14889,5.5,618069,14889,41.5
2018,110,대구경북과학기술원,대학,국립,대구,C그룹,1176,709,467,95,105,465,511,2352,1,365543,616,342,65,339,90,1452,7308,4082,2135,6550,3837,23912,0,0,18,186,234,18,20,231,68,25,210,11390,1176,9.699999809265137,365543,1176,310.79998779296875
2018,111,대구공업대학교,전문대학,사립,대구,C그룹,1799,1799,0,55,122,52,7333,9361,27,20200,78,0,7,9,4,98,341,0,101,51,132,625,0,0,0,0,0,0,0,0,0,1,60,341,1799,0.2000000029802322,20200,1799,11.199999809265137
2018,112,대구과학대학교,전문대학,사립,대구,A그룹,4257,4257,0,138,248,117,0,4760,45,149957,1025,0,65,70,0,1160,7107,0,1052,3167,0,11326,0,0,10,72,3,5,0,0,0,30,1025,7107,4257,1.7000000476837158,149957,4257,35.20000076293945
2018,113,대구교육대학교,대학,국립,대구,C그룹,2674,1633,1041,90,181,99,2578,5622,13,234221,1387,255,89,68,48,1847,11635,1300,1452,886,1517,16790,0,0,1779,653,980,16,49,66,48,15,468,12935,2674,4.800000190734863,234221,2674,87.5999984741211
2018,114,대구대학교,대학,사립,경북,A그룹,19568,17871,1697,641,807,360,2335,23711,95,720672,8781,807,396,204,577,10765,59771,8590,10989,6599,11107,97056,0,0,1310,1210,156,185,534,1388,829,21,454,68361,19568,3.5,720672,19568,36.79999923706055
2018,115,대구미래대학교,전문대학,사립,경북,C그룹,0,0,0,0,0,0,0,0,0,0,0,0,0,0,0,0,0,0,0,0,0,0,0,0,0,0,0,0,0,0,0,0,0,0,0,0.0,0,0,0.0
2018,116,대구보건대학교,전문대학,사립,대구,A그룹,6772,6772,0,177,534,156,2368,10007,37,166147,1989,0,127,93,62,2271,9171,0,1412,1006,1731,13320,0,0,0,0,5,0,0,6,0,45,1487,9171,6772,1.399999976158142,166147,6772,24.5
2018,117,대구사이버대학교,대학,사립,경북,C그룹,4391,4285,106,26,119,51,305,4892,13,662,489,27,4,22,120,662,3105,339,15,95,1366,4920,0,0,0,0,0,0,0,0,0,0,0,3444,4391,0.800000011920929,662,4391,0.2000000029802322
2018,118,대구예술대학교,대학,사립,경북,C그룹,1344,1344,0,45,254,32,0,1675,24,14580,196,0,12,15,0,223,1522,0,106,201,0,1829,0,0,412,52,0,0,0,4,0,0,0,1522,1344,1.100000023841858,14580,1344,10.800000190734863
2018,119,대구외국어대학교,대학,사립,경북,C그룹,0,0,0,0,0,0,0,0,0,0,0,0,0,0,0,0,0,0,0,0,0,0,0,0,0,0,0,0,0,0,0,0,0,0,0,0.0,0,0,0.0
2018,120,대구한의대학교,대학,사립,경북,B그룹,7105,6745,360,262,228,142,489,8226,42,121080,2767,124,171,159,93,3314,23680,1127,3532,3023,1708,33070,0,0,4170,2780,71,27,4,77,42,40,1237,24807,7105,3.5,121080,7105,17.0
2018,121,대덕대학교,전문대학,사립,대전,C그룹,4084,4084,0,106,243,77,17,4527,133,121410,1027,0,82,78,15,1202,6552,0,3358,2113,143,12166,0,0,0,0,0,61,7,32,1,14,393,6552,4084,1.600000023841858,121410,4084,29.700000762939453
2018,122,대동대학교,전문대학,사립,부산,C그룹,1489,1489,0,46,139,51,370,2095,18,90925,718,0,36,23,1,778,4945,0,389,550,3,5887,0,0,25,0,0,0,0,1,0,10,544,4945,1489,3.299999952316284,90925,1489,61.09999847412109
2018,123,대림대학교,전문대학,사립,경기,A그룹,6289,6289,0,166,443,97,1301,8296,86,223466,1254,0,128,40,97,1519,8508,0,2190,566,7626,18890,0,0,35,30,65,2,2,2,1,33,2097,8508,6289,1.399999976158142,223466,6289,35.5
2018,124,대신대학교,대학,사립,경북,C그룹,543,351,192,24,57,17,153,794,5,53132,90,115,17,18,17,257,1840,4086,831,143,1085,7985,0,0,812,546,2,34,0,31,0,3,29,5926,543,10.899999618530272,53132,543,97.8000030517578
2018,125,대원대학교,전문대학,사립,충북,C그룹,2608,2608,0,90,147,50,0,2895,61,98362,887,0,38,43,0,968,8474,0,631,879,0,9984,0,0,254,112,0,0,0,54,0,22,641,8474,2608,3.200000047683716,98362,2608,37.70000076293945
2018,126,대전가톨릭대학교,대학,사립,세종,C그룹,102,61,41,11,25,42,269,449,1,434,65,48,27,7,32,179,3238,3540,621,56,460,7915,0,0,560,53,21,33,2,33,2,6,305,6778,102,66.5,434,102,4.300000190734863
2018,127,대전과학기술대학교,전문대학,사립,대전,B그룹,4513,4513,0,125,288,92,143,5161,81,340839,1472,0,83,65,98,1718,8852,0,1135,968,4931,15886,0,0,1735,54,37,1,80,4,0,0,0,8852,4513,2.0,340839,4513,75.5
2018,128,대전대학교,대학,사립,대전,B그룹,10261,9396,865,361,546,173,489,11830,57,1075224,4665,68,235,221,45,5234,94937,1516,5404,4389,6023,112269,0,0,4920,1476,1230,70,40,302,75,33,1044,96453,10261,9.399999618530272,1075224,10261,104.8000030517578
2018,129,대전보건대학교,전문대학,사립,대전,A그룹,5789,5789,0,154,284,84,0,6311,52,237779,1042,0,54,78,1,1175,5806,0,703,849,1910,9268,0,0,51,120,56,0,0,23,1,18,532,5806,5789,1.0,237779,5789,41.09999847412109
2018,130,대전신학대학교,대학,사립,대전,C그룹,237,145,92,9,31,11,95,383,1,19945,101,91,14,6,95,307,934,1671,288,253,1425,4571,0,0,45,60,34,1,4,4,4,2,25,2605,237,11.0,19945,237,84.19999694824219
2018,131,대진대학교,대학,사립,경기,B그룹,7973,7635,338,272,231,190,190,8856,41,537907,3311,102,154,213,66,3846,23235,1275,3597,2892,9195,40194,0,0,18,97,431,73,23,190,18,24,546,24510,7973,3.0999999046325684,537907,7973,67.5
2018,132,대한신학대학원대학교,대학원대학,사립,경기,-,290,0,290,10,53,9,20,382,5,585,5,25,9,1,2,42,25,92,54,5,9,185,0,0,0,0,0,0,0,0,0,0,0,117,290,0.4000000059604645,585,290,2.0
2018,133,덕성여자대학교,대학,사립,서울,B그룹,6121,5747,374,195,295,121,455,7187,41,511591,5041,257,188,223,312,6021,63512,4500,4088,6549,13757,92406,0,0,269,497,394,113,214,387,308,28,331,68012,6121,11.100000381469728,511591,6121,83.5999984741211
2018,134,동강대학교,전문대학,사립,광주,B그룹,3341,3341,0,98,206,61,19,3725,32,58645,815,0,29,33,2,879,5889,0,310,713,2406,9318,0,0,94,21,4,15,0,45,0,22,913,5889,3341,1.7999999523162842,58645,3341,17.600000381469727
2018,135,동국대학교,대학,사립,서울,A그룹,17255,13701,3554,716,515,306,16194,34986,67,1721765,10298,2746,587,290,879,14800,96639,49374,6075,4276,27497,183861,0,0,19392,5567,1930,195,327,1047,334,64,988,146013,17255,8.5,1721765,17255,99.8000030517578
2018,136,동국대학교 WISE캠퍼스,대학,사립,경북,B그룹,8392,7685,707,387,1370,142,1638,11929,48,816267,3864,313,225,240,446,5088,53005,5814,7983,20808,6776,94386,0,0,64,0,229,171,60,433,25,23,390,58819,8392,7.0,816267,8392,97.3000030517578
2018,137,동남보건대학교,전문대학,사립,경기,A그룹,4826,4826,0,131,286,62,1,5306,34,90346,500,0,33,18,1,552,2784,0,247,178,5,3214,0,0,33,12,14,0,0,1,0,0,0,2784,4826,0.6000000238418579,90346,4826,18.700000762939453
2018,138,동덕여자대학교,대학,사립,서울,B그룹,7110,6763,347,238,503,125,1385,9361,42,246910,3319,138,128,141,221,3947,24026,1639,2015,1827,12469,41976,0,0,7375,15800,206,118,62,239,104,30,703,25665,7110,3.5999999046325684,246910,7110,34.70000076293945
2018,139,동명대학교,대학,사립,부산,B그룹,8419,8157,262,281,220,159,257,9336,50,359252,3085,80,197,255,112,3729,17900,533,3958,4331,4354,31076,0,0,0,0,25,55,0,68,3,18,385,18433,8419,2.200000047683716,359252,8419,42.70000076293945
2018,140,동방문화대학원대학교,대학원대학,사립,서울,-,238,0,238,18,23,15,9,303,6,1611,0,149,15,7,9,180,0,954,141,47,51,1193,0,0,460,11,25,30,0,66,14,0,0,954,238,4.0,1611,238,6.800000190734863
2018,141,동부산대학교,전문대학,사립,부산,C그룹,1854,1854,0,67,199,41,0,2161,44,34860,956,0,43,44,15,1058,9084,0,439,629,45,10197,0,0,259,0,0,0,0,45,1,23,750,9084,1854,4.900000095367432,34860,1854,18.799999237060547
2018,142,동서대학교,대학,사립,부산,B그룹,11119,10809,310,357,425,191,3190,15282,54,2114017,4139,66,124,97,226,4652,23638,461,1866,1313,9315,36593,0,0,771,789,1239,6,41,60,34,15,2435,24099,11119,2.200000047683716,2114017,11119,190.1000061035156
2018,143,동서울대학교,전문대학,사립,경기,A그룹,5540,5540,0,166,264,61,115,6146,93,104401,1195,0,89,63,50,1397,6582,0,1037,1060,3980,12659,0,0,492,984,16,0,0,1,0,16,640,6582,5540,1.2000000476837158,104401,5540,18.799999237060547
2018,144,동신대학교,대학,사립,전남,B그룹,7438,6917,521,281,246,157,1644,9766,48,156244,2200,80,186,134,111,2711,21099,1049,3082,7176,3033,35439,0,0,401,891,18,0,0,86,0,46,1699,22148,7438,3.0,156244,7438,21.0
2018,145,동아대학교,대학,사립,부산,A그룹,21325,19257,2068,832,897,388,3204,26646,62,1339440,9092,1010,464,226,586,11378,63732,14958,11003,4078,9164,102935,0,0,4338,3517,232,321,493,730,437,47,1453,78690,21325,3.700000047683716,1339440,21325,62.79999923706055
2018,146,동아방송예술대학교,전문대학,사립,경기,B그룹,2982,2982,0,82,272,66,0,3402,50,47716,1838,0,61,83,0,1982,17694,0,1532,960,0,20186,0,0,25,21,47,0,0,0,0,0,0,17694,2982,5.900000095367432,47716,2982,16.0
2018,147,동아보건대학교,전문대학,사립,전남,C그룹,1955,1955,0,65,99,27,0,2146,58,1988,744,0,24,8,0,776,2006,0,311,96,0,2413,0,0,0,0,0,0,0,0,0,2,56,2006,1955,1.0,1988,1955,1.0
2018,148,동양대학교,대학,사립,경북,C그룹,4592,4385,207,159,126,151,107,5135,37,75460,1831,26,113,88,41,2099,13539,202,2376,2230,3878,22225,0,0,42,16,8,12,32,178,0,43,1229,13741,4592,3.0,75460,4592,16.399999618530273
2018,149,동양미래대학교,전문대학,사립,서울,A그룹,5770,5770,0,156,296,81,7,6310,42,552704,1759,0,233,0,0,1992,37486,0,4726,0,0,42212,0,0,1207,156,25,0,0,7,0,28,961,37486,5770,6.5,552704,5770,95.8000030517578
2018,150,동우대학,전문대학,사립,강원,B그룹,0,0,0,0,0,0,0,0,0,0,0,0,0,0,0,0,0,0,0,0,0,0,0,0,0,0,0,0,0,0,0,0,0,0,0,0.0,0,0,0.0
2018,151,동원과학기술대학교,전문대학,사립,경남,B그룹,2101,2101,0,64,155,49,47,2416,57,48231,813,0,33,22,28,896,2931,0,566,263,121,3881,0,0,611,424,17,0,0,0,0,2,989,2931,2101,1.399999976158142,48231,2101,23.0
2018,152,동원대학교,전문대학,사립,경기,B그룹,3557,3557,0,97,222,64,62,4002,71,66340,1115,0,57,40,19,1231,12840,0,1411,1401,329,15981,0,0,0,0,0,12,0,0,0,36,1343,12840,3557,3.5999999046325684,66340,3557,18.700000762939453
2018,153,동의과학대학교,전문대학,사립,부산,B그룹,5247,5247,0,154,365,108,53,5927,48,54773,1914,0,73,90,2,2079,12806,0,732,1073,7843,22454,0,0,0,0,1,6,0,15,0,29,1988,12806,5247,2.400000095367432,54773,5247,10.399999618530272
2018,154,동의대학교,대학,사립,부산,A그룹,16813,15877,936,583,529,278,821,19024,88,1095826,6777,221,358,312,231,7899,44706,2065,8085,5249,8779,68884,0,0,11120,10008,1591,59,151,205,184,60,1004,46771,16813,2.799999952316284,1095826,16813,65.19999694824219
2018,155,두원공과대학교,전문대학,사립,경기,B그룹,5844,5844,0,164,199,93,287,6587,74,18250,951,0,47,22,61,1081,6048,0,374,184,343,6949,0,0,293,162,16,2,0,0,0,0,0,6048,5844,1.0,18250,5844,3.0999999046325684
2018,156,디지털서울문화예술대학교,대학,사립,서울,C그룹,3776,3776,0,23,135,65,27,4026,20,0,12,0,0,12,3,27,27,0,0,61,24,112,0,0,0,0,0,0,0,0,0,0,0,27,3776,0.0,0,3776,0.0
2018,157,루터대학교,대학,사립,경기,C그룹,416,381,35,21,24,17,37,515,7,19760,165,20,14,6,5,210,813,187,128,22,167,1317,0,0,148,78,3,29,1,30,7,2,61,1000,416,2.400000095367432,19760,416,47.5
2018,158,마산대학교,전문대학,사립,경남,A그룹,5679,5679,0,163,388,69,0,6299,61,100000,1363,0,28,15,0,1406,9993,0,178,440,0,10611,0,0,500,100,1,1,0,1,1,21,206,9993,5679,1.7999999523162842,100000,5679,17.600000381469727
2018,159,명신대학교,대학,사립,전남,C그룹,0,0,0,0,0,0,0,0,0,0,0,0,0,0,0,0,0,0,0,0,0,0,0,0,0,0,0,0,0,0,0,0,0,0,0,0.0,0,0,0.0
2018,160,명지대학교,대학,사립,서울,A그룹,15879,13465,2414,562,990,341,8410,26182,67,1788280,10451,1475,553,342,2166,14987,89230,20862,11250,4363,17713,143418,0,0,22134,11789,1490,182,374,661,255,46,2080,110092,15879,6.900000095367432,1788280,15879,112.5999984741211
2018,161,명지전문대학,전문대학,사립,서울,A그룹,7115,7115,0,176,499,94,206,8090,70,220931,2246,0,84,115,8,2453,14551,0,1202,1174,8837,25764,0,0,79,175,5,14,18,59,3,26,2863,14551,7115,2.0,220931,7115,31.100000381469727
2018,162,목원대학교,대학,사립,대전,B그룹,8701,8188,513,299,583,130,220,9933,59,219609,4618,342,253,183,184,5580,32627,5553,4315,3981,2566,49042,0,0,3247,3143,57,324,153,349,45,76,1790,38180,8701,4.400000095367432,219609,8701,25.200000762939453
2018,163,목포가톨릭대학교,대학,사립,전남,C그룹,558,558,0,21,23,20,11,633,3,45364,318,0,12,5,6,341,3901,0,95,99,35,4130,0,0,68,61,95,0,0,145,0,4,356,3901,558,7.0,45364,558,81.30000305175781
2018,164,목포과학대학교,전문대학,사립,전남,B그룹,2403,2403,0,81,120,44,0,2648,49,7850,79,0,27,20,0,126,264,0,193,63,0,520,0,0,175,351,7,0,0,11,5,1,36,264,2403,0.1000000014901161,7850,2403,3.299999952316284
2018,165,문경대학교,전문대학,사립,경북,C그룹,905,905,0,29,64,43,2,1043,19,0,311,0,16,16,1,344,1895,0,115,162,58,2230,0,0,0,0,0,0,0,0,0,0,0,1895,905,2.0999999046325684,0,905,0.0
2018,166,배재대학교,대학,사립,대전,B그룹,9160,8695,465,324,455,169,458,10566,56,241528,4874,216,227,236,351,5904,44709,3717,5471,6593,5249,65739,0,0,12557,3516,65,132,123,618,45,81,2847,48426,9160,5.300000190734863,241528,9160,26.399999618530277
2018,167,배화여자대학교,전문대학,사립,서울,B그룹,3127,3127,0,84,174,49,327,3761,33,150769,1109,0,52,31,42,1234,6914,0,647,638,2242,10441,0,0,500,70,100,0,0,35,0,13,602,6914,3127,2.200000047683716,150769,3127,48.20000076293945
2018,168,백석대학교,대학,사립,충남,A그룹,14316,11999,2317,499,575,233,702,16325,27,368754,4941,1113,368,140,232,6794,28983,16843,7525,2488,34057,89896,0,0,138032,9303,5153,75,10,358,98,52,2737,45826,14316,3.200000047683716,368754,14316,25.799999237060547
2018,169,백석문화대학교,전문대학,사립,충남,A그룹,5556,5556,0,170,298,93,240,6357,38,45432,894,0,102,62,8,1066,3818,0,1513,1058,5109,11498,0,0,5111,3301,510,3,0,37,1,42,2204,3818,5556,0.699999988079071,45432,5556,8.199999809265137
2018,170,백석예술대학,전문대학,사립,서울,A그룹,0,0,0,0,0,0,0,0,0,0,0,0,0,0,0,0,0,0,0,0,0,0,0,0,0,0,0,0,0,0,0,0,0,0,0,0.0,0,0,0.0
2018,171,백제예술대학교,전문대학,사립,전북,C그룹,1554,1554,0,44,128,30,10,1766,22,17020,403,0,11,21,1,436,1718,0,165,82,3,1968,0,0,0,0,0,0,0,0,0,8,417,1718,1554,1.100000023841858,17020,1554,11.0
2018,172,베뢰아국제대학원대학교,대학원대학,사립,서울,-,69,0,69,6,14,6,0,95,1,5000,0,96,16,9,0,121,0,1022,287,108,0,1417,0,0,1500,30,0,0,0,0,0,0,0,1022,69,14.800000190734863,5000,69,72.5
2018,173,벽성대학,전문대학,사립,전북,C그룹,0,0,0,0,0,0,0,0,0,0,0,0,0,0,0,0,0,0,0,0,0,0,0,0,0,0,0,0,0,0,0,0,0,0,0,0.0,0,0,0.0
2018,174,부산가톨릭대학교,대학,사립,부산,C그룹,4207,4051,156,148,127,126,48,4656,20,319991,2159,90,95,99,48,2491,14892,1379,2273,2157,1324,22025,0,0,515,276,288,30,3,164,16,34,1074,16271,4207,3.900000095367432,319991,4207,76.0999984741211
2018,175,부산경상대학교,전문대학,사립,부산,B그룹,2995,2995,0,79,242,71,718,4105,57,39750,420,0,33,26,4,483,2228,0,337,222,115,2902,0,0,350,102,1,0,0,0,0,22,607,2228,2995,0.699999988079071,39750,2995,13.300000190734863
2018,176,부산과학기술대학교,전문대학,사립,부산,B그룹,4003,4003,0,121,230,68,667,5089,65,75620,894,0,15,16,12,937,7188,0,156,89,1202,8635,0,0,4,7,0,0,0,4,0,0,0,7188,4003,1.7999999523162842,75620,4003,18.899999618530277
2018,177,부산교육대학교,대학,국립,부산,C그룹,2517,1561,956,81,154,61,580,3393,13,91103,1389,308,93,57,35,1882,17838,2748,1853,1199,2016,25654,0,0,49,117,23,24,23,82,45,4,81,20586,2517,8.199999809265137,91103,2517,36.20000076293945
2018,178,부산대학교,대학,국립,부산,A그룹,28853,21029,7824,1349,1949,552,2175,34878,104,3732580,15152,4144,1181,1157,842,22476,193029,81080,37696,21044,21994,354843,0,0,86240,41364,3170,801,1438,2942,4853,380,7281,274109,28853,9.5,3732580,28853,129.39999389648438
2018,179,부산디지털대학교,대학,사립,부산,C그룹,2257,2171,86,17,67,34,1,2376,7,0,89,3,4,9,0,105,348,70,29,25,0,472,0,0,0,0,0,0,0,0,0,0,0,418,2257,0.2000000029802322,0,2257,0.0
2018,180,부산보건대학교,전문대학,사립,부산,B그룹,3403,3403,0,104,284,51,118,3960,57,470930,790,0,36,67,19,912,5982,0,231,1069,5288,12570,0,0,140,38,7,0,0,6,6,6,285,5982,3403,1.7999999523162842,470930,3403,138.39999389648438
2018,181,부산여자대학교,전문대학,사립,부산,C그룹,2975,2975,0,75,214,98,90,3452,53,94000,888,0,18,69,76,1051,4219,0,130,947,3413,8709,0,0,250,250,0,0,0,0,0,0,0,4219,2975,1.399999976158142,94000,2975,31.600000381469727
2018,182,부산예술대학교,전문대학,사립,부산,C그룹,801,801,0,24,120,19,0,964,12,1325,44,0,4,10,0,58,107,0,5,124,0,236,0,0,0,0,0,0,0,0,0,0,0,107,801,0.1000000014901161,1325,801,1.7000000476837158
2018,183,부산외국어대학교,대학,사립,부산,B그룹,9210,8747,463,290,312,193,698,10703,54,695815,5002,279,268,145,354,6048,75215,4162,5027,2070,3554,90028,0,0,3869,1686,5,68,144,120,29,25,1894,79377,9210,8.600000381469727,695815,9210,75.5
2018,184,부산장신대학교,대학,사립,경남,C그룹,492,250,242,24,30,15,150,711,3,42584,246,222,34,15,29,546,3680,4105,1503,315,227,9830,0,0,1505,446,0,45,0,28,0,2,75,7785,492,15.800000190734863,42584,492,86.5999984741211
2018,185,부천대학교,전문대학,사립,경기,A그룹,7456,7456,0,194,415,97,35,8197,95,82517,1988,0,119,110,23,2240,18809,0,3725,4204,265,27003,0,0,7,21,41,141,141,18,1,36,1440,18809,7456,2.5,82517,7456,11.100000381469728
2018,186,삼육대학교,대학,사립,서울,B그룹,5985,5585,400,220,383,217,2073,8878,32,339739,3095,195,115,124,168,3697,17217,2893,1618,1803,15884,39415,0,0,1350,1342,261,36,7,223,10,4,163,20110,5985,3.400000095367432,339739,5985,56.79999923706055
2018,187,삼육보건대학교,전문대학,사립,서울,C그룹,1386,1386,0,37,92,61,360,1936,18,104369,778,0,28,60,61,927,4848,0,542,1234,1026,7650,0,0,5,5,0,0,0,0,0,28,605,4848,1386,3.5,104369,1386,75.30000305175781
2018,188,상명대학교,대학,사립,서울,A그룹,14378,13053,1325,475,792,326,614,16585,100,798260,7304,572,389,444,440,9149,57269,5265,6724,7968,56423,133649,0,0,3935,2643,1208,240,203,783,125,118,3781,62534,14378,4.300000190734863,798260,14378,55.5
2018,189,상지대학교,대학,사립,강원,B그룹,6956,6698,258,275,285,161,2383,10060,49,246460,1825,59,100,81,66,2131,15114,1039,2482,1183,664,20482,0,0,17,3,2,0,2,122,16,12,155,16153,6956,2.299999952316284,246460,6956,35.400001525878906
2018,190,상지영서대학교,전문대학,사립,강원,B그룹,2608,2608,0,75,151,42,66,2942,48,180749,451,0,69,38,22,580,4724,0,7485,2918,4449,19576,0,0,221,16,0,0,0,1,0,12,403,4724,2608,1.7999999523162842,180749,2608,69.30000305175781
2018,191,서강대학교,대학,사립,서울,A그룹,11160,8119,3041,424,771,257,6252,18864,35,1673306,6223,2243,461,204,847,9978,74107,53647,13582,3922,19746,165004,0,0,3105,2816,547,3007,4037,931,1155,131,2885,127754,11160,11.399999618530272,1673306,11160,149.89999389648438
2018,192,서경대학교,대학,사립,서울,B그룹,7044,6631,413,223,360,191,1206,9024,29,523429,3149,102,154,122,591,4118,27141,945,3088,2016,5561,38751,0,0,0,0,0,2,50,6,8,29,1214,28086,7044,4.0,523429,7044,74.30000305175781
2018,193,서남대학교,대학,사립,전북,C그룹,0,0,0,0,0,0,0,0,0,0,0,0,0,0,0,0,0,0,0,0,0,0,0,0,0,0,0,0,0,0,0,0,0,0,0,0.0,0,0,0.0
2018,194,서라벌대학교,전문대학,사립,경북,C그룹,800,800,0,30,77,26,0,933,26,27958,405,0,17,15,0,437,2319,0,19,9,0,2347,0,0,96,15,0,0,0,1,1,37,613,2319,800,2.900000095367432,27958,800,34.900001525878906
2018,195,서영대학교,전문대학,사립,광주,A그룹,5071,5071,0,133,330,63,0,5597,66,70121,504,0,56,29,0,589,1643,0,917,193,0,2753,0,0,52,15,2,0,0,0,0,1,152,1643,5071,0.3000000119209289,70121,5071,13.800000190734863
2018,196,서울과학기술대학교,대학,국립,서울,A그룹,12085,10518,1567,369,649,275,1804,15182,45,2384889,7415,684,319,282,496,9196,67744,7797,6868,3881,4993,91283,0,0,6237,5370,235,0,0,315,36,4,17,75541,12085,6.300000190734863,2384889,12085,197.3000030517578
2018,197,서울과학종합대학원대학교,대학원대학,사립,서울,-,426,0,426,10,70,50,0,556,1,3,0,2,0,0,0,2,0,3,0,0,0,3,0,0,0,0,0,0,0,0,0,0,0,3,426,0.0,3,426,0.0
2018,198,서울교육대학교,대학,국립,서울,C그룹,2984,1539,1445,101,310,127,438,3960,13,301638,1483,694,94,87,181,2539,29340,8608,2250,1700,1760,43658,0,0,5742,2730,85,12,32,84,71,19,292,37948,2984,12.699999809265137,301638,2984,101.0999984741211
2018,199,서울기독대학교,대학,사립,서울,C그룹,747,573,174,33,91,26,384,1281,7,13284,210,94,21,17,1,343,1252,1662,319,243,106,3582,0,0,24,12,1,21,0,70,3,0,0,2914,747,3.900000095367432,13284,747,17.799999237060547
2018,200,서울대학교,대학,국립,서울,A그룹,28378,16451,11927,2237,2222,1064,3833,37734,95,3855972,19236,15489,1983,2781,3833,43322,165773,174507,34045,28069,85307,487701,0,0,22294,38232,5061,5768,4362,2654,11098,430,6039,340280,28378,12.0,3855972,28378,135.89999389648438
2018,201,서울디지털대학교,대학,사립,서울,A그룹,11304,11304,0,55,235,78,5519,17191,24,39248,655,0,5,13,1081,1754,2922,0,8,37,9183,12150,0,0,0,0,0,0,0,0,0,0,0,2922,11304,0.3000000119209289,39248,11304,3.5
2018,202,서울미디어대학원대학교,대학원대학,사립,서울,-,158,0,158,16,13,8,0,195,4,118,0,11,0,0,0,11,0,82,0,0,0,82,0,0,0,0,0,0,0,0,0,1,1,82,158,0.5,118,158,0.699999988079071
2018,203,서울벤처대학원대학교,대학원대학,사립,서울,-,259,0,259,16,27,12,0,314,3,0,0,0,0,0,0,0,0,0,0,0,0,0,0,0,0,0,0,0,0,1,0,0,0,0,259,0.0,0,259,0.0
2018,204,서울불교대학원대학교,대학원대학,사립,서울,-,181,0,181,12,34,11,17,255,4,181,0,162,10,0,0,172,0,1554,160,0,0,1714,0,0,81,52,0,10,0,0,0,0,0,1554,181,8.600000381469727,181,181,1.0
2018,205,서울사이버대학교,대학,사립,서울,A그룹,10152,9785,367,56,184,81,65,10538,26,1156,993,55,13,30,65,1156,3341,339,16,176,310,4182,0,0,0,0,0,0,0,0,0,0,0,3680,10152,0.4000000059604645,1156,10152,0.1000000014901161
2018,206,서울사회복지대학원대학교,대학원대학,사립,서울,-,128,0,128,10,4,9,0,151,1,757,0,37,22,0,10,69,0,242,138,0,29,409,0,0,0,0,0,0,0,0,0,0,0,242,128,1.899999976158142,757,128,5.900000095367432
2018,207,서울상담심리대학원대학교,대학원대학,사립,서울,-,111,0,111,7,4,6,14,142,1,608,0,111,11,6,14,142,0,3858,219,4,233,4314,0,0,1610,406,52,0,0,1,0,17,159,3858,111,34.79999923706055,608,111,5.5
2018,208,서울성경신학대학원대학교,대학원대학,사립,서울,-,87,0,87,7,15,8,7,124,3,3961,0,41,6,1,0,48,0,498,42,2,0,542,0,0,124,124,12,0,0,0,0,2,120,498,87,5.699999809265137,3961,87,45.5
2018,209,서울시립대학교,대학,공립,서울,A그룹,11741,9109,2632,420,603,220,481,13465,38,1463604,6212,1412,139,287,309,8359,72772,26397,6608,6593,3094,115464,0,0,15955,23242,6821,0,0,422,479,4,80,99169,11741,8.399999618530273,1463604,11741,124.6999969482422
2018,210,서울신학대학교,대학,사립,경기,C그룹,3151,2256,895,104,225,59,774,4313,12,175559,1392,786,110,36,152,2476,12469,18928,3506,628,2948,38479,0,0,308,532,13,10,100,24,67,29,788,31397,3151,10.0,175559,3151,55.70000076293945
2018,211,서울여자간호대학교,전문대학,사립,서울,C그룹,986,986,0,28,61,24,128,1227,3,90092,573,0,8,6,10,597,5803,0,106,92,36,6037,0,0,151,18,56,0,0,0,1,2,45,5803,986,5.900000095367432,90092,986,91.4000015258789
2018,212,서울여자대학교,대학,사립,서울,B그룹,7644,7243,401,241,392,282,2988,11547,45,528073,5854,345,255,271,721,7446,61760,7579,6645,5461,25946,107391,0,0,2478,1577,53,469,251,447,341,25,278,69339,7644,9.100000381469728,528073,7644,69.0999984741211
2018,213,서울예술대학교,전문대학,사립,경기,B그룹,3088,3088,0,85,384,61,21,3639,33,166147,1728,0,76,47,2,1853,22553,0,1306,1127,294,25280,0,0,0,0,12,6,0,5,1,0,0,22553,3088,7.300000190734863,166147,3088,53.79999923706055
2018,214,서울외국어대학원대학교,대학원대학,사립,서울,-,154,0,154,7,38,5,0,204,4,140,0,0,0,0,0,0,0,0,0,0,0,0,0,0,0,0,0,0,0,0,0,0,0,0,154,0.0,140,154,0.8999999761581421
2018,215,서울장신대학교,대학,사립,경기,C그룹,857,481,376,38,61,28,294,1278,3,9603,204,253,35,15,21,528,1370,3001,628,168,227,5394,0,0,478,239,32,0,0,25,7,11,311,4371,857,5.099999904632568,9603,857,11.199999809265137
2018,216,서울한영대학교,대학,사립,서울,C그룹,1030,714,316,42,63,38,418,1591,9,59760,439,113,37,31,30,650,3919,1671,656,538,926,7710,0,0,615,296,39,44,20,238,6,16,425,5590,1030,5.400000095367432,59760,1030,58.0
2018,217,서원대학교,대학,사립,충북,B그룹,7524,7324,200,251,252,128,271,8426,52,260721,2322,19,134,133,94,2702,19485,152,2967,2013,3636,28253,0,0,36,54,16,39,31,240,15,39,979,19637,7524,2.5999999046325684,260721,7524,34.70000076293945
2018,218,서일대학교,전문대학,사립,서울,A그룹,6336,6336,0,174,380,51,17,6958,61,19605,1223,0,52,48,11,1334,10303,0,883,643,125,11954,0,0,300,200,50,0,13,1,8,59,2047,10303,6336,1.600000023841858,19605,6336,3.0999999046325684
2018,219,서정대학교,전문대학,사립,경기,A그룹,4461,4461,0,114,283,65,0,4923,31,2850,135,0,15,5,0,155,2289,0,208,93,0,2590,0,0,63,102,38,0,0,0,0,4,240,2289,4461,0.5,2850,4461,0.6000000238418579
2018,220,서해대학,전문대학,사립,전북,C그룹,1107,1107,0,47,153,21,0,1328,38,8505,84,0,5,3,0,92,358,0,26,8,85,477,0,0,20,6,0,0,0,0,0,0,0,358,1107,0.3000000119209289,8505,1107,7.699999809265137
2018,221,선교청대학교,대학,사립,충남,C그룹,0,0,0,0,0,0,0,0,0,0,0,0,0,0,0,0,0,0,0,0,0,0,0,0,0,0,0,0,0,0,0,0,0,0,0,0.0,0,0,0.0
2018,222,선린대학교,전문대학,사립,경북,C그룹,2502,2502,0,78,197,39,0,2816,53,76453,659,0,36,30,0,725,4601,0,489,309,917,6316,0,0,753,173,0,0,0,1,0,7,282,4601,2502,1.7999999523162842,76453,2502,30.600000381469727
2018,223,선문대학교,대학,사립,충남,B그룹,9782,9270,512,340,407,235,6508,17272,41,801731,6004,305,331,338,578,7556,44501,4218,5453,13767,7099,75038,0,0,172,90,412,264,91,33,4,48,2786,48719,9782,5.0,801731,9782,82.0
2018,224,선학유피대학원대학교,대학원대학,사립,경기,-,61,0,61,5,7,15,58,146,1,115,0,74,8,6,32,120,0,2093,205,23,152,2473,0,0,90,15,30,0,0,0,0,8,8,2093,61,34.29999923706055,115,61,1.899999976158142
2018,225,성결대학교,대학,사립,경기,B그룹,5858,5333,525,202,224,102,1155,7541,25,127494,2833,309,135,77,187,3541,22256,6215,2960,1682,11806,44919,0,0,1700,2000,73,10,44,37,64,27,966,28471,5858,4.900000095367432,127494,5858,21.799999237060547
2018,226,성공회대학교,대학,사립,서울,C그룹,2525,2159,366,83,203,72,337,3220,14,161545,1504,258,149,52,107,2070,14165,4810,3316,813,5647,28751,0,0,18,15,3,51,81,35,27,11,249,18975,2525,7.5,161545,2525,64.0
2018,227,성균관대학교,대학,사립,서울,A그룹,26117,19108,7009,1437,1467,418,14544,43983,79,4893021,17101,6036,913,303,1621,25974,177946,85647,18115,7306,64058,353072,0,0,43286,17629,20083,1881,1569,4388,954,156,4791,263593,26117,10.100000381469728,4893021,26117,187.3999938964844
2018,228,성산효대학원대학교,대학원대학,사립,인천,-,227,0,227,14,29,17,144,431,9,290,0,88,9,6,8,111,0,412,237,61,14,724,0,0,13,15,7,0,0,0,0,0,0,412,227,1.7999999523162842,290,227,1.2999999523162842
2018,229,성서침례대학원대학교,대학원대학,사립,경기,-,46,0,46,7,2,5,273,333,1,319,0,52,9,6,0,67,0,801,43,54,0,898,0,0,0,0,0,0,0,0,0,0,0,801,46,17.399999618530273,319,46,6.900000095367432
2018,230,성신여자대학교,대학,사립,서울,A그룹,10092,9233,859,333,809,247,628,12109,64,383392,5729,414,242,341,390,7116,40764,4614,6092,5959,30997,88426,0,0,3369,2622,480,32,45,195,42,26,334,45378,10092,4.5,383392,10092,38.0
2018,231,성운대학교,전문대학,사립,경북,C그룹,1380,1380,0,39,58,30,5,1512,26,4160,217,0,24,11,5,257,1315,0,284,230,101,1930,0,0,0,0,0,0,0,0,0,2,68,1315,1380,1.0,4160,1380,3.0
2018,232,성화대학,전문대학,사립,전남,B그룹,0,0,0,0,0,0,0,0,0,0,0,0,0,0,0,0,0,0,0,0,0,0,0,0,0,0,0,0,0,0,0,0,0,0,0,0.0,0,0,0.0
2018,233,세경대학교,전문대학,사립,강원,C그룹,976,976,0,27,59,31,20,1113,31,1700,396,0,5,3,0,404,416,0,8,5,0,429,0,0,0,0,0,0,0,0,0,13,334,416,976,0.4000000059604645,1700,976,1.7000000476837158
2018,234,세계사이버대학,기타,기타,경기,-,0,0,0,0,0,0,0,0,0,0,0,0,0,0,0,0,0,0,0,0,0,0,0,0,0,0,0,0,0,0,0,0,0,0,0,0.0,0,0,0.0
2018,235,세명대학교,대학,사립,충북,B그룹,8045,7786,259,286,257,145,727,9460,33,689766,4677,91,144,111,173,5196,116407,2269,2902,2482,4158,128218,0,0,23,34,52,46,10,145,10,40,982,118676,8045,14.800000190734863,689766,8045,85.69999694824219
2018,236,세종대학교,대학,사립,서울,A그룹,14087,11730,2357,483,513,171,13205,28459,56,1550399,6011,899,386,129,453,7878,41208,7114,4547,1420,10854,65143,0,0,2427,1804,834,39,124,128,125,17,248,48322,14087,3.400000095367432,1550399,14087,110.0999984741211
2018,237,세한대학교,대학,사립,충남,C그룹,4285,4181,104,146,142,73,138,4784,47,160110,830,2,54,32,33,951,7895,7,1264,794,1261,11221,0,0,5,2,0,0,0,2,0,14,1246,7902,4285,1.7999999523162842,160110,4285,37.400001525878906
2018,238,송곡대학교,전문대학,사립,강원,C그룹,730,730,0,23,53,28,0,834,10,165,19,0,1,2,0,22,74,0,6,9,10,99,0,0,0,0,0,0,0,0,0,0,0,74,730,0.1000000014901161,165,730,0.2000000029802322
2018,239,송원대학교,대학,사립,광주,C그룹,2719,2638,81,127,111,69,0,3026,22,47839,400,4,24,39,0,467,6304,223,271,1146,30,7974,0,0,307,28,2,0,0,6,2,12,474,6527,2719,2.400000095367432,47839,2719,17.600000381469727
2018,240,송호대학교,전문대학,사립,강원,C그룹,976,976,0,28,71,45,17,1137,19,6264,257,0,10,26,4,297,1884,0,95,268,28,2275,0,0,286,20,0,1,1,0,0,6,140,1884,976,1.899999976158142,6264,976,6.400000095367432
2018,241,수도국제대학원대학교,대학원대학,사립,서울,-,314,0,314,18,83,14,0,429,8,200,1,112,12,2,0,127,6,844,209,23,0,1082,0,0,1,0,0,2,0,8,0,0,0,850,314,2.700000047683716,200,314,0.6000000238418579
2018,242,수성대학교,전문대학,사립,대구,B그룹,3551,3551,0,98,274,90,19,4032,32,118555,1244,0,57,62,18,1381,10249,0,706,842,19416,31213,0,0,50,6,0,0,0,10,0,25,1333,10249,3551,2.900000095367432,118555,3551,33.400001525878906
2018,243,수원가톨릭대학교,대학,사립,경기,C그룹,171,121,50,9,26,35,117,358,1,29375,131,95,29,9,66,330,7497,4449,811,413,1311,14481,0,0,171,9,13,23,32,6,5,4,150,11946,171,69.9000015258789,29375,171,171.8000030517578
2018,244,수원과학대학교,전문대학,사립,경기,B그룹,6198,6198,0,167,302,77,103,6847,59,92105,1245,0,93,63,0,1401,6390,0,1520,631,1189,9730,0,0,84,41,0,0,0,0,0,38,1541,6390,6198,1.0,92105,6198,14.899999618530272
2018,245,수원대학교,대학,사립,경기,B그룹,10556,9754,802,400,556,169,360,12041,79,302000,4596,377,432,487,80,5972,6303,735,1125,1152,3739,13054,0,0,10000,747,16,8,16,168,4,2,22,7038,10556,0.699999988079071,302000,10556,28.600000381469727
2018,246,수원여자대학교,전문대학,사립,경기,B그룹,4411,4411,0,112,285,67,38,4913,62,55867,1322,0,68,80,2,1472,12097,0,512,1304,259,14172,0,0,0,0,0,0,0,2,2,7,451,12097,4411,2.700000047683716,55867,4411,12.699999809265137
2018,247,숙명여자대학교,대학,사립,서울,A그룹,12448,10257,2191,464,995,316,7137,21360,49,1888227,8877,2036,510,433,1352,13208,113667,44174,11757,7527,23187,200312,0,0,4464,1959,323,851,297,2121,135,131,1558,157841,12448,12.699999809265137,1888227,12448,151.6999969482422
2018,248,순복음대학원대학교,대학원대학,사립,서울,-,109,0,109,12,8,5,10,144,5,468,0,20,2,0,0,22,0,136,14,0,0,150,0,0,0,0,0,0,0,0,0,0,0,136,109,1.2000000476837158,468,109,4.300000190734863
2018,249,순복음총회신학교,대학,사립,충북,C그룹,247,247,0,15,14,3,0,279,5,2,3,0,2,2,0,7,9,0,4,11,0,24,0,0,0,0,0,0,0,0,0,0,0,9,247,0.0,2,247,0.0
2018,250,순천제일대학교,전문대학,사립,전남,B그룹,2458,2458,0,75,156,60,19,2768,43,7820,539,0,31,27,14,611,3476,0,406,321,107,4310,0,0,80,8,0,5,0,7,0,32,1050,3476,2458,1.399999976158142,7820,2458,3.200000047683716
2018,251,순천향대학교,대학,사립,충남,A그룹,11646,10569,1077,900,602,318,262,13728,69,827416,5169,240,333,205,75,6022,46742,3003,6456,5394,377,61972,0,0,4644,2200,2168,45,75,5430,308,7,263,49745,11646,4.300000190734863,827416,11646,71.0
2018,252,숭실대학교,대학,사립,서울,A그룹,15516,12926,2590,503,968,277,17851,35115,56,2770720,10371,1742,611,259,734,13717,107827,29621,17764,6236,26848,188296,0,0,255,391,1260,202,334,536,260,34,705,137448,15516,8.899999618530273,2770720,15516,178.60000610351562
2018,253,숭실사이버대학교,대학,사립,서울,B그룹,5381,5381,0,33,173,47,0,5634,23,0,124,0,0,0,0,124,194,0,0,0,0,194,0,0,0,0,0,0,0,0,0,0,0,194,5381,0.0,0,5381,0.0
2018,254,숭의여자대학교,전문대학,사립,서울,B그룹,3401,3401,0,84,187,42,0,3714,31,47276,1469,0,103,33,0,1605,10450,0,1139,362,18,11969,0,0,0,0,2,0,0,11,0,16,684,10450,3401,3.0999999046325684,47276,3401,13.899999618530272
2018,255,신경주대학교,대학,사립,경북,C그룹,1918,1821,97,101,93,48,0,2160,34,4192,189,6,39,25,0,259,4935,31,545,673,1012,7196,0,0,673,593,0,6,33,58,11,3,56,4966,1918,2.5999999046325684,4192,1918,2.200000047683716
2018,256,신구대학교,전문대학,사립,경기,A그룹,6527,6527,0,170,386,62,0,7145,90,145305,2127,0,66,72,0,2265,18004,0,1679,888,31,20602,0,0,2,3,0,0,0,6,0,73,2300,18004,6527,2.799999952316284,145305,6527,22.299999237060547
2018,257,신라대학교,대학,사립,부산,B그룹,10315,9485,830,349,300,170,4729,15863,54,452580,3115,248,235,220,76,3894,26098,2575,7307,3600,678,40258,0,0,456,247,102,58,47,160,138,114,3852,28673,10315,2.799999952316284,452580,10315,43.900001525878906
2018,258,신성대학교,전문대학,사립,충남,B그룹,3889,3889,0,118,183,61,27,4278,46,107892,1645,0,66,50,17,1778,10855,0,947,778,64,12644,0,0,0,0,0,0,0,39,0,0,0,10855,3889,2.799999952316284,107892,3889,27.700000762939453
2018,259,신안산대학교,전문대학,사립,경기,B그룹,4287,4287,0,128,201,97,0,4713,36,36880,847,0,38,78,0,963,6405,0,1219,1596,0,9220,0,0,156,10,0,0,0,0,0,8,199,6405,4287,1.5,36880,4287,8.600000381469727
2018,260,신한대학교,대학,사립,경기,B그룹,6898,6743,155,201,340,170,0,7609,26,429561,1915,4,70,103,0,2092,9503,15,952,1244,0,11714,0,0,164,94,28,1,0,87,0,15,202,9518,6898,1.399999976158142,429561,6898,62.29999923706055
2018,261,신흥대학교,전문대학,사립,경기,A그룹,0,0,0,0,0,0,0,0,0,0,0,0,0,0,0,0,0,0,0,0,0,0,0,0,0,0,0,0,0,0,0,0,0,0,0,0.0,0,0,0.0
2018,262,실천신학대학원대학교,대학원대학,사립,경기,-,48,0,48,7,3,4,1,63,1,1601,0,42,8,3,1,54,0,220,42,6,2,270,0,0,11,8,5,2,1,25,0,0,0,220,48,4.599999904632568,1601,48,33.400001525878906
2018,263,아신대학교,대학,사립,경기,C그룹,1450,733,717,59,46,38,386,1979,8,7268,523,508,41,20,30,1122,5326,11935,935,147,219,18562,0,0,1116,558,139,9,3,42,12,3,180,17261,1450,11.899999618530272,7268,1450,5.0
2018,264,아주대학교,대학,사립,경기,A그룹,13741,9543,4198,703,781,264,6773,22262,42,1304262,6607,1523,529,277,1623,10559,55678,18992,11344,4288,22571,112873,0,0,2535,2083,926,280,228,2387,2245,80,1307,74670,13741,5.400000095367432,1304262,13741,94.9000015258789
2018,265,아주자동차대학교,전문대학,사립,충남,C그룹,951,951,0,31,31,20,0,1033,3,2123,232,0,24,19,0,275,1212,0,222,356,0,1790,0,0,13,12,0,0,0,0,0,17,120,1212,951,1.2999999523162842,2123,951,2.200000047683716
2018,266,안동과학대학교,전문대학,사립,경북,B그룹,2719,2719,0,92,165,135,0,3111,39,83000,730,0,55,70,0,855,5559,0,1200,815,0,7574,0,0,351,210,0,0,0,5,0,12,422,5559,2719,2.0,83000,2719,30.5
2018,267,안산대학교,전문대학,사립,경기,A그룹,4364,4364,0,125,244,60,0,4793,45,129577,1066,0,62,58,0,1186,6600,0,1087,614,5541,13842,0,0,864,432,20,2,6,156,2,66,2232,6600,4364,1.5,129577,4364,29.700000762939453
2018,268,안양대학교,대학,사립,경기,B그룹,5384,4879,505,202,194,95,0,5875,37,143700,1024,121,70,42,0,1257,5013,1347,1125,721,528,8734,0,0,32,87,21,142,14,0,0,23,747,6360,5384,1.2000000476837158,143700,5384,26.700000762939453
2018,269,에스라성경대학원대학교,대학원대학,사립,경기,-,75,0,75,6,2,7,0,90,1,100,0,42,8,0,0,50,0,459,167,0,0,626,0,0,0,0,0,4,0,6,0,1,32,459,75,6.099999904632568,100,75,1.2999999523162842
2018,270,여주대학교,전문대학,사립,경기,B그룹,5290,5290,0,150,244,96,925,6705,87,321060,838,0,55,49,68,1010,4759,0,617,1780,863,8019,0,0,0,0,0,0,0,0,0,21,108,4759,5290,0.8999999761581421,321060,5290,60.70000076293945
2018,271,연성대학교,전문대학,사립,경기,A그룹,5820,5820,0,158,299,62,168,6507,66,80220,1354,0,79,75,16,1524,8128,0,1722,1334,98,11282,0,0,4,3,0,0,0,0,0,63,2260,8128,5820,1.399999976158142,80220,5820,13.800000190734863
2018,272,연세대학교,대학,사립,서울,A그룹,30783,19114,11669,1686,2573,871,7866,43779,74,3326933,18955,8593,2254,2215,760,32777,218382,156129,48764,27457,75840,526572,0,0,58448,29513,8235,6798,7116,2754,15429,312,9320,374511,30783,12.199999809265137,3326933,30783,108.0999984741211
2018,273,연세대학교(미래),대학,사립,강원,B그룹,7884,7545,339,372,483,212,566,9517,34,504713,5406,526,231,397,181,6741,65030,14282,5614,6805,26121,117852,0,0,2931,2537,544,167,99,280,2698,42,1149,79312,7884,10.100000381469728,504713,7884,64.0
2018,274,연암공과대학교,전문대학,사립,경남,C그룹,1219,1219,0,40,62,50,0,1371,11,137030,315,0,31,40,0,386,2519,0,761,573,0,3853,0,0,1379,211,4,0,0,0,0,0,0,2519,1219,2.0999999046325684,137030,1219,112.4000015258789
2018,275,연암대학교,전문대학,사립,충남,C그룹,1044,1044,0,33,71,78,5,1231,13,38000,232,0,11,42,5,290,2132,0,144,513,19,2808,0,0,70,55,3,0,0,0,0,1,120,2132,1044,2.0,38000,1044,36.400001525878906
2018,276,영남대학교,대학,사립,경북,A그룹,24257,21211,3046,925,1151,624,2244,29201,72,1372723,13137,1494,869,697,1100,17297,108374,26115,19800,9102,16095,179486,0,0,2790,2205,5172,538,758,2015,1931,130,2738,134489,24257,5.5,1372723,24257,56.59999847412109
2018,277,영남사이버대학교,대학,사립,경북,C그룹,0,0,0,0,0,0,0,0,0,0,0,0,0,0,0,0,0,0,0,0,0,0,0,0,0,0,0,0,0,0,0,0,0,0,0,0.0,0,0,0.0
2018,278,영남신학대학교,대학,사립,경북,C그룹,705,415,290,31,28,20,13,797,4,2011,293,316,30,15,13,667,2616,5690,1364,147,884,10701,0,0,0,0,0,17,0,21,4,0,0,8306,705,11.800000190734863,2011,705,2.900000095367432
2018,279,영남외국어대학,전문대학,사립,경북,C그룹,764,764,0,27,57,17,0,865,21,0,234,0,5,8,0,247,830,0,3,15,0,848,0,0,0,0,0,0,0,0,0,0,0,830,764,1.100000023841858,0,764,0.0
2018,280,영남이공대학교,전문대학,사립,대구,A그룹,5886,5886,0,150,509,135,0,6680,58,107755,1607,0,52,84,0,1743,13871,0,773,1551,0,16195,0,0,0,0,5,0,0,14,2,24,1050,13871,5886,2.400000095367432,107755,5886,18.299999237060547
2018,281,영산대학교,대학,사립,경남,B그룹,6927,6691,236,250,303,139,143,7762,47,245000,2038,20,133,143,24,2358,10581,142,1672,1435,3451,17281,0,0,144,240,48,13,42,134,2,4,210,10723,6927,1.5,245000,6927,35.400001525878906
2018,282,영산선학대학교,대학,사립,전남,C그룹,46,46,0,14,3,7,6,76,1,2887,47,0,2,4,2,55,979,0,255,65,21,1320,0,0,127,0,50,0,0,0,2,1,18,979,46,21.299999237060547,2887,46,62.79999923706055
2018,283,영진전문대학교,전문대학,사립,대구,A그룹,7839,7839,0,214,548,134,0,8735,29,563975,2215,0,153,117,53,2538,13271,0,2004,1563,4801,21639,0,0,1964,2897,12,5,1,2,0,28,3474,13271,7839,1.7000000476837158,563975,7839,71.9000015258789
2018,284,예명대학원대학교,대학원대학,사립,서울,-,181,0,181,5,15,4,334,539,3,255,0,27,5,0,0,32,0,84,22,0,0,106,0,0,8,15,0,0,0,0,0,0,0,84,181,0.5,255,181,1.399999976158142
2018,285,예수대학교,대학,사립,전북,C그룹,571,563,8,23,10,19,71,694,2,12357,265,9,18,13,40,345,1872,37,241,246,23318,25714,0,0,25,12,5,2,16,2,16,6,296,1909,571,3.299999952316284,12357,571,21.600000381469727
2018,286,예원예술대학교,대학,사립,전북,C그룹,1198,1057,141,80,136,36,1,1451,18,11650,99,0,13,9,1,122,299,0,57,86,1,443,0,0,80,10,0,0,0,0,0,0,0,299,1198,0.2000000029802322,11650,1198,9.699999809265137
2018,287,오산대학교,전문대학,사립,경기,A그룹,4867,4867,0,134,256,60,31,5348,80,109839,957,0,70,70,19,1116,8953,0,1360,698,4621,15632,0,0,765,77,157,1,0,18,0,41,2232,8953,4867,1.7999999523162842,109839,4867,22.600000381469727
2018,288,온석대학원대학교,대학원대학,사립,경기,-,277,0,277,10,18,10,0,315,6,200,0,5,0,1,0,6,9,0,0,2,0,11,0,0,20,20,0,0,0,100,70,0,0,9,277,0.0,200,277,0.699999988079071
2018,289,용인대학교,대학,사립,경기,B그룹,7013,6282,731,235,391,128,116,7883,37,232587,2289,113,66,47,50,2565,17213,658,689,985,21619,41164,0,0,1019,11,9,8,9,29,27,3,81,17871,7013,2.5,232587,7013,33.20000076293945
2018,290,용인예술과학대학교,전문대학,사립,경기,B그룹,3838,3838,0,113,209,53,0,4213,74,352251,1540,0,73,72,0,1685,22200,0,1228,1003,0,24431,0,0,0,0,0,0,0,1,0,28,1616,22200,3838,5.800000190734863,352251,3838,91.8000030517578
2018,291,우석대학교,대학,사립,전북,B그룹,8215,7626,589,266,381,226,1746,10834,83,326521,2445,123,164,112,96,2940,21055,999,2177,2231,1676,28138,0,0,13506,7181,140,16,32,114,51,54,2020,22054,8215,2.700000047683716,326521,8215,39.70000076293945
2018,292,우송공업대학,전문대학,사립,대전,B그룹,0,0,0,0,0,0,0,0,0,0,0,0,0,0,0,0,0,0,0,0,0,0,0,0,0,0,0,0,0,0,0,0,0,0,0,0.0,0,0,0.0
2018,293,우송대학교,대학,사립,대전,A그룹,10109,9591,518,332,405,208,298,11352,43,208074,2966,52,115,74,26,3233,15202,265,1298,782,1297,18844,0,0,2376,2079,27,3,0,5,3,0,0,15467,10109,1.5,208074,10109,20.600000381469727
2018,294,우송정보대학,전문대학,사립,대전,B그룹,4827,4827,0,138,228,65,8,5266,48,104037,471,1,29,45,8,554,1877,3,312,447,84,2723,0,0,576,192,3,0,0,1,0,9,302,1880,4827,0.4000000059604645,104037,4827,21.600000381469727
2018,295,울산과학기술원,대학,국립,울산,C그룹,4491,2893,1598,289,155,345,207,5487,12,786883,2564,1123,155,484,70,4396,22362,8268,1232,2673,4742,39277,0,0,2719,1542,2316,202,12,2001,10,83,1389,30630,4491,6.800000190734863,786883,4491,175.1999969482422
2018,296,울산과학대학교,전문대학,사립,울산,A그룹,4899,4899,0,137,317,98,21172,26623,32,144046,894,0,69,103,260,1326,3988,0,1017,1200,7772,13977,0,0,784,1079,46,0,0,66,0,22,650,3988,4899,0.800000011920929,144046,4899,29.399999618530277
2018,297,울산대학교,대학,사립,울산,A그룹,14107,12190,1917,1111,1043,315,12297,28873,81,1297041,9197,811,490,558,2474,13530,54846,8439,6848,7382,26926,104441,0,0,1857,6595,987,119,200,947,1722,109,2201,63285,14107,4.5,1297041,14107,91.9000015258789
2018,298,웅지세무대학교,전문대학,사립,경기,C그룹,1641,1641,0,50,25,32,0,1748,15,0,0,0,0,0,0,0,0,0,0,0,0,0,0,0,0,0,0,0,0,0,0,0,0,0,1641,0.0,0,1641,0.0
2018,299,원광대학교,대학,사립,전북,A그룹,16683,15158,1525,753,971,289,8428,27124,78,1260801,6846,769,406,346,678,9045,51881,11517,6147,5941,17430,92916,0,0,18291,9442,1249,131,137,885,283,60,1727,63398,16683,3.799999952316284,1260801,16683,75.5999984741211
2018,300,원광보건대학교,전문대학,사립,전북,B그룹,4677,4677,0,132,303,71,102,5285,55,102,1012,0,52,44,23,1131,9817,0,481,682,211,11191,0,0,692,38,21,1,1,1,11,22,1512,9817,4677,2.0999999046325684,102,4677,0.0
2018,301,원불교대학원대학교,대학원대학,사립,전북,-,46,0,46,8,2,2,0,58,1,170,0,36,4,6,0,46,0,94,147,151,0,392,0,0,0,0,0,0,0,0,0,1,50,94,46,2.0,170,46,3.700000047683716
2018,302,웨스트민스터신학대학원대학교,대학원대학,사립,경기,-,455,0,455,17,47,15,238,772,8,2200,0,217,16,5,238,476,0,2612,320,33,2965,5930,0,0,300,200,0,0,0,0,0,6,450,2612,455,5.699999809265137,2200,455,4.800000190734863
2018,303,위덕대학교,대학,사립,경북,C그룹,3490,3215,275,131,92,82,118,3913,23,278197,741,29,45,27,62,904,6799,472,570,333,804,8978,0,0,321,245,0,4,4,123,11,21,958,7271,3490,2.0999999046325684,278197,3490,79.69999694824219
2018,304,유원대학교,대학,사립,충북,C그룹,3760,3646,114,139,154,52,10,4115,40,99250,1048,2,102,24,10,1186,4935,10,1029,371,5261,11606,0,0,73,125,0,0,0,68,0,2,54,4945,3760,1.2999999523162842,99250,3760,26.399999618530277
2018,305,유한대학교,전문대학,사립,경기,A그룹,4732,4732,0,134,343,58,152,5419,60,117828,1788,0,112,88,21,2009,12268,0,1550,1783,1895,17496,0,0,0,0,7,0,0,0,0,12,318,12268,4732,2.5999999046325684,117828,4732,24.899999618530277
2018,306,육군사관학교,기타,기타,서울,-,0,0,0,0,0,0,357,357,0,101805,968,0,180,171,357,1676,34814,0,10054,7440,51654,103962,0,0,0,0,0,302,21,405,29,5,352,34814,0,0.0,101805,0,0.0
2018,307,을지대학교,대학,사립,대전,B그룹,5377,5125,252,393,322,138,0,6230,25,348843,2070,79,62,93,0,2304,10135,348,604,961,2,12050,0,0,207,254,172,5,5,184,292,23,489,10483,5377,1.899999976158142,348843,5377,64.9000015258789
2018,308,이화여자대학교,대학,사립,서울,A그룹,21639,15540,6099,997,1894,527,7926,32983,110,1408312,12703,5926,1144,431,3647,23851,155846,118648,26986,10340,110215,422035,0,0,4367,7150,3432,2635,3515,4570,11934,222,5631,274494,21639,12.699999809265137,1408312,21639,65.0999984741211
2018,309,인덕대학교,전문대학,사립,서울,A그룹,6245,6245,0,164,319,50,354,7132,61,227450,1313,0,62,35,13,1423,7293,0,539,522,145,8499,0,0,11,23,7,0,0,3,0,5,197,7293,6245,1.2000000476837158,227450,6245,36.400001525878906
2018,310,인제대학교,대학,사립,경남,B그룹,11005,9643,1362,994,600,314,484,13397,66,363016,4506,440,216,275,191,5628,35919,4662,3036,3845,2240,49702,0,0,4076,4340,106,11,0,838,194,108,2972,40581,11005,3.700000047683716,363016,11005,33.0
2018,311,인제대학원대학교,대학원대학,사립,서울,-,0,0,0,0,0,0,0,0,0,0,0,0,0,0,0,0,0,0,0,0,0,0,0,0,0,0,0,0,0,0,0,0,0,0,0,0.0,0,0,0.0
2018,312,인천가톨릭대학교,대학,사립,인천,C그룹,859,780,79,47,92,66,147,1211,7,10475,388,67,44,29,14,542,4674,3371,701,323,149,9218,0,0,531,188,35,2,6,76,3,13,229,8045,859,9.399999618530272,10475,859,12.199999809265137
2018,313,인천대학교,대학,국립,인천,A그룹,13500,12053,1447,462,678,361,5924,20925,62,518552,7954,696,216,173,628,9667,55605,7842,4295,8909,35682,112333,0,0,9010,4197,4064,263,18,1099,76,49,1593,63447,13500,4.699999809265137,518552,13500,38.400001525878906
2018,314,인천전문대학,전문대학,공립,인천,A그룹,0,0,0,0,0,0,0,0,0,0,0,0,0,0,0,0,0,0,0,0,0,0,0,0,0,0,0,0,0,0,0,0,0,0,0,0.0,0,0,0.0
2018,315,인하공업전문대학,전문대학,사립,인천,A그룹,6470,6470,0,172,327,111,2,7082,26,498846,2055,0,99,106,2,2262,12121,0,1663,1770,12404,27958,0,0,0,0,14,13,0,6,0,0,0,12121,6470,1.899999976158142,498846,6470,77.0999984741211
2018,316,인하대학교,대학,사립,인천,A그룹,20205,17124,3081,835,960,353,5661,28014,71,1713313,12031,1939,439,557,1791,16757,116844,31343,9415,10942,38992,207536,0,0,9109,3624,472,343,534,1918,789,78,1767,148187,20205,7.300000190734863,1713313,20205,84.80000305175781
2018,317,장로회신학대학교,대학,사립,서울,C그룹,2230,678,1552,79,229,45,641,3224,3,180072,625,1630,122,29,170,2576,6432,32498,3744,366,2404,45444,0,0,321,36,13,2,2,101,97,21,119,38930,2230,17.5,180072,2230,80.69999694824219
2018,318,장안대학교,전문대학,사립,경기,B그룹,5805,5805,0,168,305,50,71,6399,70,114577,1444,0,83,91,3,1621,9877,0,1127,1135,57,12196,0,0,553,796,94384,0,0,8,0,0,0,9877,5805,1.7000000476837158,114577,5805,19.700000762939453
2018,319,재능대학교,전문대학,사립,인천,B그룹,3932,3932,0,109,225,81,0,4347,46,94896,800,0,22,33,0,855,2704,0,182,206,181,3273,0,0,0,0,0,0,0,0,0,6,494,2704,3932,0.699999988079071,94896,3932,24.100000381469727
2018,320,전남과학대학교,전문대학,사립,전남,B그룹,4112,4112,0,111,238,63,3,4527,40,19000,422,0,41,27,0,490,3589,0,386,253,0,4228,0,0,0,0,0,0,0,0,0,26,981,3589,4112,0.8999999761581421,19000,4112,4.599999904632568
2018,321,전남대학교,대학,국립,광주,A그룹,24197,19520,4677,1267,1179,806,17628,45077,100,3965882,12833,3269,1164,647,2179,20092,103301,41707,22906,12428,35698,216040,0,0,18036,5172,2973,1467,218,2403,1202,79,2027,145008,24197,6.0,3965882,24197,163.89999389648438
2018,322,전남도립대학교,전문대학,공립,전남,C그룹,1377,1377,0,47,164,34,481,2103,35,76162,681,0,32,31,11,755,8544,0,801,641,148,10134,0,0,56,59,35,1,0,7,0,21,577,8544,1377,6.199999809265137,76162,1377,55.29999923706055
2018,323,전북과학대학교,전문대학,사립,전북,C그룹,1613,1613,0,48,122,37,8,1828,28,215371,420,0,34,26,6,486,9444,0,534,458,155,10591,0,0,694,21,0,0,0,0,0,17,670,9444,1613,5.900000095367432,215371,1613,133.5
2018,324,전북대학교,대학,국립,전북,A그룹,22114,18029,4085,1043,1533,520,4471,29681,157,1763141,11892,2238,700,458,1632,16920,88230,26242,11750,5749,39317,171288,0,0,33130,29254,2463,363,291,3550,3707,183,5995,114472,22114,5.199999809265137,1763141,22114,79.69999694824219
2018,325,전주교육대학교,대학,국립,전북,C그룹,1401,1181,220,59,155,51,207,1873,13,146363,1064,48,46,39,21,1218,20528,233,1347,542,139,22789,0,0,2940,980,196,42,9,34,29,65,67,20761,1401,14.800000190734863,146363,1401,104.5
2018,326,전주기전대학,전문대학,사립,전북,C그룹,1812,1812,0,53,151,32,0,2048,25,3747,283,0,34,15,0,332,1420,0,451,148,0,2019,0,0,3,2,0,0,0,0,0,6,722,1420,1812,0.800000011920929,3747,1812,2.0999999046325684
2018,327,전주대학교,대학,사립,전북,A그룹,12277,11308,969,380,713,281,94061,107712,76,323246,6311,400,337,336,322,7706,45509,5018,7456,4905,27770,90658,0,0,1813,865,72,43,39,2116,63,60,3492,50527,12277,4.099999904632568,323246,12277,26.299999237060547
2018,328,전주비전대학교,전문대학,사립,전북,B그룹,3530,3530,0,90,272,81,1,3974,46,40678,1218,0,54,57,1,1330,8709,0,557,821,3227,13314,0,0,0,0,0,0,0,32,0,27,985,8709,3530,2.5,40678,3530,11.5
2018,329,제네바신학대학원대학교,대학원대학,사립,경기,-,9,0,9,6,1,7,100,123,1,100,0,10,5,1,5,21,0,849,44,3,206,1102,0,0,20,0,0,0,0,2,0,1,2,849,9,94.3000030517578,100,9,11.100000381469728
2018,330,제주관광대학교,전문대학,사립,제주,C그룹,2316,2316,0,75,190,54,298,2933,28,92832,342,0,42,26,15,425,1799,0,366,355,17102,19622,0,0,102,71,4,0,0,2,0,31,719,1799,2316,0.800000011920929,92832,2316,40.09999847412109
2018,331,제주국제대학교,대학,사립,제주,C그룹,1717,1437,280,86,156,57,0,2016,37,15108,66,5,9,2,0,82,222,28,28,26,0,304,0,0,12,24,0,0,0,17,0,0,0,250,1717,0.1000000014901161,15108,1717,8.800000190734863
2018,332,제주대학교,대학,국립,제주,A그룹,12227,10222,2005,636,731,354,624,14572,80,944549,5175,983,453,127,359,7097,46147,13978,7865,1822,4379,74191,0,0,21200,25440,4240,111,34,564,110,33,978,60125,12227,4.900000095367432,944549,12227,77.30000305175781
2018,333,제주한라대학교,전문대학,사립,제주,A그룹,4948,4948,0,146,324,103,5531,11052,68,68050,1715,0,73,85,7,1880,2861,0,201,234,291,3587,0,0,12,38,0,0,0,51,0,33,1845,2861,4948,0.6000000238418579,68050,4948,13.800000190734863
2018,334,조선간호대학교,전문대학,사립,광주,C그룹,791,791,0,24,22,11,0,848,2,852,397,0,12,18,0,427,1840,0,129,181,0,2150,0,0,0,0,0,0,0,0,0,1,32,1840,791,2.299999952316284,852,791,1.100000023841858
2018,335,조선대학교,대학,사립,광주,A그룹,21593,19103,2490,818,1446,502,7931,32290,91,546520,8501,788,471,372,1187,11319,51469,11497,6418,3938,60933,134255,0,0,24244,14510,2767,172,128,1102,329,220,3441,62966,21593,2.900000095367432,546520,21593,25.299999237060547
2018,336,조선이공대학교,전문대학,사립,광주,B그룹,3371,3371,0,101,288,66,0,3826,47,10540,678,0,51,37,0,766,30128,0,6118,9141,1511,46898,0,0,925,2492,0,0,0,0,0,18,453,30128,3371,8.899999618530273,10540,3371,3.0999999046325684
2018,337,주안대학원대학교,대학원대학,사립,인천,-,69,0,69,7,1,7,2,86,1,5151,0,52,8,1,1,62,0,746,73,1,3,823,0,0,6,3,0,0,0,1,0,3,17,746,69,10.800000190734863,5151,69,74.69999694824219
2018,338,중부대학교,대학,사립,충남,B그룹,9467,8023,1444,292,361,149,3,10272,60,246636,2166,19,50,124,1,2360,13240,63,421,1217,13417,28358,0,0,1660,233,30,3,4,44,0,33,839,13303,9467,1.399999976158142,246636,9467,26.100000381469727
2018,339,중앙대학교,대학,사립,서울,A그룹,28820,23363,5457,1043,1709,636,22622,54830,92,2094024,13214,2749,845,462,4370,21640,138275,41524,14068,10293,96745,300905,0,0,43481,31884,5506,89,79,1589,551,228,5087,179799,28820,6.199999809265137,2094024,28820,72.69999694824219
2018,340,중앙승가대학교,대학,사립,경기,C그룹,270,190,80,19,32,38,0,359,4,5241,115,33,3,35,0,186,1567,581,79,129,0,2356,0,0,412,50,0,0,0,8,0,2,72,2148,270,8.0,5241,270,19.399999618530277
2018,341,중원대학교,대학,사립,충북,C그룹,3776,3649,127,158,178,168,106,4386,41,40000,1107,12,72,92,16,1299,6343,185,1140,1011,2974,11653,0,0,1500,400,100,50,0,57,0,2,19,6528,3776,1.7000000476837158,40000,3776,10.600000381469728
2018,342,진주교육대학교,대학,국립,경남,C그룹,1806,1365,441,72,125,77,20,2100,12,65075,1142,34,38,27,18,1259,8645,189,514,302,90,9740,0,0,542,321,25,1,1,40,1,3,85,8834,1806,4.900000095367432,65075,1806,36.0
2018,343,진주보건대학교,전문대학,사립,경남,B그룹,2850,2850,0,72,148,27,0,3097,12,267797,2521,0,51,29,0,2601,8424,0,618,299,0,9341,0,0,0,0,0,0,0,8,0,27,937,8424,2850,3.0,267797,2850,94.0
2018,344,차의과학대학교,대학,사립,경기,C그룹,3081,2207,874,428,103,87,72,3771,12,104916,638,237,46,65,28,1014,3257,1883,400,474,1720,7734,0,0,4950,3575,1375,0,93,1464,0,34,692,5140,3081,1.7000000476837158,104916,3081,34.099998474121094
2018,345,창신대학교,대학,사립,경남,C그룹,1720,1649,71,82,103,33,8,1946,17,1510641,871,3,49,22,8,953,4693,24,420,328,348,5813,0,0,200,1000,50,0,0,21,0,12,423,4717,1720,2.700000047683716,1510641,1720,878.2999877929688
2018,346,창원문성대학교,전문대학,사립,경남,C그룹,3386,3386,0,100,226,52,40,3804,107,38545,648,0,34,35,24,741,3455,0,536,330,132,4453,0,0,735,490,0,0,0,0,0,19,680,3455,3386,1.0,38545,3386,11.399999618530272
2018,347,청강문화산업대학교,전문대학,사립,경기,B그룹,3568,3568,0,104,240,83,6,4001,33,172712,1766,0,118,53,6,1943,34655,0,2615,1008,5844,44122,0,0,100,100,20,0,0,0,0,0,0,34655,3568,9.699999809265137,172712,3568,48.400001525878906
2018,348,청암대학교,전문대학,사립,전남,B그룹,2780,2780,0,77,154,68,40,3119,38,7500,732,0,17,29,3,781,3579,0,70,697,27,4373,0,0,0,2,0,0,0,0,0,1,40,3579,2780,1.2999999523162842,7500,2780,2.700000047683716
2018,349,청운대학교,대학,사립,충남,B그룹,6847,6697,150,195,321,140,209,7712,43,337273,3406,25,115,132,51,3729,47600,128,1206,2689,362,51985,0,0,928,333,49,3,4,39,2,34,1236,47728,6847,7.0,337273,6847,49.29999923706055
2018,350,청주교육대학교,대학,국립,충북,C그룹,1651,1223,428,69,103,53,306,2182,12,39322,1052,94,70,40,9,1265,13504,522,1281,612,245,16164,0,0,302,30,96,356,17,33,1,4,58,14026,1651,8.5,39322,1651,23.799999237060547
2018,351,청주대학교,대학,사립,충북,A그룹,11862,11427,435,405,419,240,599,13525,68,1099558,5952,113,191,217,268,6741,44270,1113,3650,3177,13156,65366,0,0,1705,929,12,11,97,215,30,3,187,45383,11862,3.799999952316284,1099558,11862,92.6999969482422
2018,352,초당대학교,대학,사립,전남,C그룹,3358,3157,201,108,121,72,246,3905,29,95014,1197,6,64,75,17,1359,4005,33,794,684,6329,11845,0,0,750,341,62,21,15,53,13,37,2625,4038,3358,1.2000000476837158,95014,3358,28.299999237060547
2018,353,총신대학교,대학,사립,서울,C그룹,4099,1906,2193,126,213,118,415,4971,13,521824,1494,1782,144,72,263,3755,21346,63952,4952,1780,10450,102480,0,0,881,406,43,16,11,61,18,11,164,85298,4099,20.799999237060547,521824,4099,127.3000030517578
2018,354,추계예술대학교,대학,사립,서울,C그룹,1387,1249,138,49,230,41,728,2435,12,76195,837,55,60,41,45,1038,10360,452,898,537,198,12445,0,0,466,0,0,18,16,24,22,0,0,10812,1387,7.800000190734863,76195,1387,54.900001525878906
2018,355,춘천교육대학교,대학,국립,강원,C그룹,1818,1400,418,77,87,59,1219,3260,12,45203,1347,230,73,38,174,1862,29442,2334,1741,693,1991,36201,0,0,261,116,39,3,2,121,3,0,0,31776,1818,17.5,45203,1818,24.899999618530277
2018,356,춘해보건대학교,전문대학,사립,울산,B그룹,2605,2605,0,75,175,33,79,2967,21,62589,807,0,46,57,3,913,4570,0,1113,1457,254,7394,0,0,11,7,0,0,0,9,0,19,887,4570,2605,1.7999999523162842,62589,2605,24.0
2018,357,충남대학교,대학,국립,대전,A그룹,23452,18153,5299,958,1447,523,1229,27609,130,2708971,9974,2640,498,498,1108,14718,79379,31429,8648,7061,34098,160615,0,0,20310,5943,1980,473,566,3474,4701,110,4121,110808,23452,4.699999809265137,2708971,23452,115.5
2018,358,충남도립대학교,전문대학,공립,충남,C그룹,1148,1148,0,32,93,41,469,1783,16,58490,313,0,11,36,0,360,1496,0,94,1138,23,2751,0,0,1060,610,0,0,0,0,0,14,618,1496,1148,1.2999999523162842,58490,1148,50.900001525878906
2018,359,충북대학교,대학,국립,충북,A그룹,17510,14150,3360,755,1045,456,4158,23924,88,1767178,7790,1690,467,442,668,11057,65984,18252,5922,4967,25556,120681,0,0,34430,6612,301,1523,298,456,303,41,775,84236,17510,4.800000190734863,1767178,17510,100.9000015258789
2018,360,충북도립대학교,전문대학,공립,충북,C그룹,928,928,0,29,62,37,0,1056,23,1750,240,0,9,42,0,291,2143,0,178,272,0,2593,0,0,150,15,0,0,0,0,0,0,0,2143,928,2.299999952316284,1750,928,1.899999976158142
2018,361,충북보건과학대학교,전문대학,사립,충북,B그룹,2832,2832,0,97,153,57,31,3170,49,18000,397,0,76,0,0,473,3998,0,534,0,18,4550,0,0,60,30,10,2,0,2,1,0,0,3998,2832,1.399999976158142,18000,2832,6.400000095367432
2018,362,충청대학교,전문대학,사립,충북,B그룹,4778,4778,0,131,330,79,0,5318,77,75371,817,0,67,63,0,947,12890,0,1064,1283,0,15237,0,0,2,0,0,1,8,6,2,4,156,12890,4778,2.700000047683716,75371,4778,15.800000190734863
2018,363,치유상담대학원대학교,대학원대학,사립,서울,-,147,0,147,14,5,10,300,476,3,500,0,112,3,3,3,121,0,516,30,12,21,579,0,0,60,20,3,0,0,3,3,7,28,516,147,3.5,500,147,3.400000095367432
2018,364,칼빈대학교,대학,사립,경기,C그룹,821,400,421,24,132,26,231,1234,7,41270,175,128,21,9,24,357,1617,3070,353,62,251,5353,0,0,343,145,101,4,7,6,10,4,186,4687,821,5.699999809265137,41270,821,50.29999923706055
2018,365,탐라대학교,대학,사립,제주,C그룹,0,0,0,0,0,0,0,0,0,0,0,0,0,0,0,0,0,0,0,0,0,0,0,0,0,0,0,0,0,0,0,0,0,0,0,0.0,0,0,0.0
2018,366,평택대학교,대학,사립,경기,C그룹,4556,3909,647,167,231,91,198,5243,34,247119,1607,270,98,47,36,2058,15292,5140,1133,500,1407,23472,0,0,747,2659,1155,115,9,375,4,20,1268,20432,4556,4.5,247119,4556,54.20000076293945
2018,367,포항공과대학교,대학,사립,경북,C그룹,3198,1449,1749,281,172,306,6384,10341,13,312832,1063,1194,165,136,686,3244,6840,8113,1898,1555,11673,30079,0,0,20,240,72,64,17,587,375,8,107,14953,3198,4.699999809265137,312832,3198,97.8000030517578
2018,368,포항대학교,전문대학,사립,경북,C그룹,1953,1953,0,74,113,51,18,2209,43,16930,378,0,6,51,2,437,2424,0,80,725,334,3563,0,0,52,49,0,0,0,0,0,2,70,2424,1953,1.2000000476837158,16930,1953,8.699999809265137
2018,369,한경국립대학교,대학,국립,경기,B그룹,6976,6566,410,240,413,156,3854,11639,57,331857,2951,122,126,167,814,4180,27476,1205,1691,2052,3304,35728,0,0,1501,700,21,19,1,174,1,37,1549,28681,6976,4.099999904632568,331857,6976,47.59999847412109
2018,370,한국개발연구원국제정책대학원대학교,대학원대학,사립,세종,-,807,0,807,38,39,89,203,1176,4,566131,0,543,36,101,4,684,0,6899,381,2264,44,9588,0,0,1978,69,82,0,0,105,36,24,330,6899,807,8.5,566131,807,701.5
2018,371,한국골프과학기술대학교,전문대학,사립,강원,C그룹,473,473,0,15,24,28,19,559,7,2510,83,0,15,15,8,121,512,0,204,182,93,991,0,0,50,20,0,0,0,0,0,4,70,512,473,1.100000023841858,2510,473,5.300000190734863
2018,372,한국공학대학교,대학,사립,경기,B그룹,7746,7370,376,276,237,160,41,8460,29,363414,2800,83,127,97,15,3122,18845,763,2510,1096,141,23355,0,0,0,0,26,109,189,55,7,5,133,19608,7746,2.5,363414,7746,46.900001525878906
2018,373,한국과학기술원,대학,국립,대전,A그룹,10515,3873,6642,623,531,1886,648,14203,18,169128,2862,3441,268,628,89,7288,26647,30303,2567,7960,34840,102317,0,0,1730,4912,2479,144,23,336,527,41,979,56950,10515,5.400000095367432,169128,10515,16.100000381469727
2018,374,한국관광대학교,전문대학,사립,경기,C그룹,1902,1902,0,52,50,55,52,2111,18,21840,705,0,24,27,4,760,4898,0,390,465,253,6006,0,0,30,15,0,0,0,0,0,18,1082,4898,1902,2.5999999046325684,21840,1902,11.5
2018,375,한국교원대학교,대학,국립,충북,B그룹,5678,2396,3282,207,328,250,2219,8682,24,270341,2218,2114,141,128,285,4886,33955,36911,2529,1835,7806,83036,0,0,2536,3743,149,498,187,854,115,54,1693,70866,5678,12.5,270341,5678,47.59999847412109
2018,376,한국국제대학교,대학,사립,경남,C그룹,3362,3362,0,123,131,64,7,3687,34,14862,1199,0,19,40,4,1262,12491,0,2555,204,1469,16719,0,0,148,124,14,0,0,5,0,10,227,12491,3362,3.700000047683716,14862,3362,4.400000095367432
2018,377,한국기술교육대학교,대학,사립,충남,C그룹,4919,4432,487,183,220,278,548,6148,13,639818,2941,231,138,243,90,3643,25733,2361,2617,2771,7105,40587,0,0,2771,2346,693,72,0,1263,50,12,216,28094,4919,5.699999809265137,639818,4919,130.10000610351562
2018,378,한국농수산대학교,전문대학,국립,전북,C그룹,1313,1313,0,33,93,51,286,1776,13,32784,304,0,22,68,39,433,2003,0,326,1332,2242,5903,0,0,1987,535,46,0,0,0,0,0,0,2003,1313,1.5,32784,1313,25.0
2018,379,한국방송통신대학교,대학,국립,서울,A그룹,117765,115537,2228,154,174,552,77,118722,25,107335,3216,190,226,270,77,3979,19324,1754,3015,3159,72702,99954,0,0,78516,86847,1609,218,58,518,58,434,6869,21078,117765,0.2000000029802322,107335,117765,0.8999999761581421
2018,380,한국복지사이버대학교,전문대학,사립,경북,B그룹,1719,1719,0,10,60,22,0,1811,20,334,60,0,0,0,0,60,134,0,0,0,0,134,0,0,0,0,0,0,0,0,0,0,0,134,1719,0.1000000014901161,334,1719,0.2000000029802322
2018,381,한국상담대학원대학교,대학원대학,사립,서울,-,153,0,153,16,1,16,7,193,1,28796,0,176,9,10,0,195,0,1783,54,47,0,1884,0,0,354,98,25,12,0,64,0,6,65,1783,153,11.699999809265137,28796,153,188.1999969482422
2018,382,한국성서대학교,대학,사립,서울,C그룹,1256,1074,182,46,54,62,60,1478,5,118377,921,137,41,37,25,1161,6939,1789,818,659,298,10503,0,0,540,1080,0,3,15,69,3,28,415,8728,1256,6.900000095367432,118377,1256,94.1999969482422
2018,383,한국승강기대학교,전문대학,사립,경남,C그룹,652,652,0,21,38,25,1,737,7,582,50,0,5,31,0,86,429,0,110,420,0,959,0,0,0,0,0,0,0,0,0,2,652,429,652,0.699999988079071,582,652,0.8999999761581421
2018,384,한국에너지공과대학교,대학,국립,전남,C그룹,0,0,0,0,0,0,0,0,0,0,0,0,0,0,0,0,0,0,0,0,0,0,0,0,0,0,0,0,0,0,0,0,0,0,0,0.0,0,0,0.0
2018,385,한국열린사이버대학교,대학,사립,서울,B그룹,4548,4548,0,18,318,61,0,4945,13,0,374,0,7,17,0,398,1098,0,0,42,0,1140,0,0,0,0,0,0,0,0,0,0,0,1098,4548,0.2000000029802322,0,4548,0.0
2018,386,한국영상대학교,전문대학,사립,세종,B그룹,3370,3370,0,101,268,65,215,4019,72,91133,1805,0,75,65,41,1986,12505,0,813,825,1913,16056,0,0,2740,137,17,2,0,0,0,0,0,12505,3370,3.700000047683716,91133,3370,27.0
2018,387,한국예술종합학교,대학,국립,서울,C그룹,2599,2599,0,131,907,131,890,4658,28,182132,1803,637,311,234,68,3053,28346,13605,8028,3531,14844,68354,0,0,50,265,10,112,69,58,61,2,30,41951,2599,16.100000381469727,182132,2599,70.0999984741211
2018,388,한국외국어대학교,대학,사립,서울,A그룹,19512,17042,2470,693,1555,352,27620,49732,83,950268,11688,1728,930,220,6773,21339,109883,31203,22501,4343,52440,220370,0,0,15455,12030,1360,13659,12939,802,442,37,1754,141086,19512,7.199999809265137,950268,19512,48.70000076293945
2018,389,한국전력국제원자력대학원대학교,대학원대학,사립,울산,-,108,0,108,16,5,32,20,181,1,183,0,99,20,24,3,146,0,951,175,303,48,1477,0,0,244,12,48,0,0,75,75,0,0,951,108,8.800000190734863,183,108,1.7000000476837158
2018,390,한국전통문화대학교,대학,국립,충남,C그룹,678,544,134,25,107,56,330,1196,8,35172,568,127,81,55,35,866,11268,2727,1401,1141,531,17068,0,0,1273,458,6,8,90,16,24,0,0,13995,678,20.600000381469727,35172,678,51.900001525878906
2018,391,한국정보통신대학교,대학,사립,대전,C그룹,0,0,0,0,0,0,0,0,0,0,0,0,0,0,0,0,0,0,0,0,0,0,0,0,0,0,0,0,0,0,0,0,0,0,0,0.0,0,0,0.0
2018,392,한국철도대학,전문대학,국립,경기,C그룹,0,0,0,0,0,0,0,0,0,0,0,0,0,0,0,0,0,0,0,0,0,0,0,0,0,0,0,0,0,0,0,0,0,0,0,0.0,0,0,0.0
2018,393,한국체육대학교,대학,국립,서울,C그룹,3128,2549,579,112,163,113,1149,4665,9,91288,647,120,46,56,140,1009,3661,1413,798,1026,1965,8863,0,0,164,212,0,0,0,34,14,16,410,5074,3128,1.600000023841858,91288,3128,29.200000762939453
2018,394,한국침례신학대학교,대학,사립,대전,C그룹,2353,1542,811,51,139,65,1173,3781,8,71200,1308,719,79,47,292,2445,13957,21930,2478,1814,7778,47957,0,0,0,0,0,40,5,203,3,10,324,35887,2353,15.300000190734863,71200,2353,30.299999237060547
2018,395,한국폴리텍Ⅰ대학서울강서캠퍼스,전문대학,사립,서울,C그룹,505,505,0,28,49,13,0,595,13,536,296,0,0,0,0,296,354,0,75,27,0,456,0,0,0,0,0,0,0,0,0,0,0,354,505,0.699999988079071,536,505,1.100000023841858
2018,396,한국폴리텍Ⅰ대학서울정수캠퍼스,전문대학,사립,서울,C그룹,1420,1420,0,73,90,26,3,1612,14,16326,227,0,9,12,3,251,1149,0,43,148,23,1363,0,0,0,0,0,0,0,0,0,0,0,1149,1420,0.800000011920929,16326,1420,11.5
2018,397,한국폴리텍Ⅰ대학성남캠퍼스,전문대학,사립,경기,C그룹,962,962,0,46,56,12,0,1076,15,530,115,0,14,0,0,129,401,0,129,0,0,530,0,0,0,0,0,0,0,0,0,0,0,401,962,0.4000000059604645,530,962,0.6000000238418579
2018,398,한국폴리텍Ⅰ대학제주캠퍼스,전문대학,사립,제주,C그룹,33,33,0,3,4,10,0,50,2,9610,41,0,3,13,0,57,445,0,40,143,0,628,0,0,0,0,0,0,0,0,0,0,0,445,33,13.5,9610,33,291.20001220703125
2018,399,한국폴리텍Ⅱ대학남인천캠퍼스,전문대학,사립,인천,C그룹,0,0,0,0,0,0,0,0,0,0,0,0,0,0,0,0,0,0,0,0,0,0,0,0,0,0,0,0,0,0,0,0,0,0,0,0.0,0,0,0.0
2018,400,한국폴리텍Ⅱ대학인천캠퍼스,전문대학,사립,인천,C그룹,2365,2365,0,97,135,27,0,2624,25,2540,1200,0,45,12,0,1257,1188,0,186,29,0,1403,0,0,0,0,0,0,0,0,0,0,0,1188,2365,0.5,2540,2365,1.100000023841858
2018,401,한국폴리텍Ⅱ대학화성캠퍼스,전문대학,사립,경기,C그룹,0,0,0,0,0,0,0,0,0,0,0,0,0,0,0,0,0,0,0,0,0,0,0,0,0,0,0,0,0,0,0,0,0,0,0,0.0,0,0,0.0
2018,402,한국폴리텍Ⅲ대학강릉캠퍼스,전문대학,사립,강원,C그룹,119,119,0,4,18,9,8,158,3,9610,65,0,6,18,2,91,271,0,59,111,24,465,0,0,0,0,0,0,0,0,0,0,0,271,119,2.299999952316284,9610,119,80.80000305175781
2018,403,한국폴리텍Ⅲ대학원주캠퍼스,전문대학,사립,강원,C그룹,55,55,0,6,2,7,0,70,2,16326,24,0,3,11,0,38,73,0,2,36,0,111,0,0,0,0,0,0,0,0,0,0,0,73,55,1.2999999523162842,16326,55,296.79998779296875
2018,404,한국폴리텍Ⅲ대학춘천캠퍼스,전문대학,사립,강원,C그룹,0,0,0,0,0,0,0,0,0,0,0,0,0,0,0,0,0,0,0,0,0,0,0,0,0,0,0,0,0,0,0,0,0,0,0,0.0,0,0,0.0
2018,405,한국폴리텍Ⅳ대학대전캠퍼스,전문대학,사립,대전,C그룹,1047,1047,0,54,56,18,120,1295,17,700,184,0,11,0,0,195,468,0,128,0,0,596,0,0,0,0,0,0,0,0,0,0,0,468,1047,0.4000000059604645,700,1047,0.699999988079071
2018,406,한국폴리텍Ⅳ대학아산캠퍼스,전문대학,사립,충남,C그룹,549,549,0,32,27,10,0,618,15,125,3,0,1,3,0,7,13,0,5,25,0,43,0,0,0,0,0,0,0,0,0,0,0,13,549,0.0,125,549,0.2000000029802322
2018,407,한국폴리텍Ⅳ대학청주캠퍼스,전문대학,사립,충북,C그룹,818,818,0,35,36,11,0,900,9,24000,377,0,8,5,0,390,831,0,12,46,0,889,0,0,0,0,0,0,0,0,0,0,0,831,818,1.0,24000,818,29.299999237060547
2018,408,한국폴리텍Ⅳ대학충남캠퍼스,전문대학,사립,충남,C그룹,0,0,0,0,0,0,0,0,0,0,0,0,0,0,0,0,0,0,0,0,0,0,0,0,0,0,0,0,0,0,0,0,0,0,0,0.0,0,0,0.0
2018,409,한국폴리텍Ⅴ대학광주캠퍼스,전문대학,사립,광주,C그룹,819,819,0,43,40,17,0,919,16,16326,212,0,28,13,0,253,256,0,186,111,0,553,0,0,0,0,0,0,0,0,0,0,0,256,819,0.3000000119209289,16326,819,19.899999618530277
2018,410,한국폴리텍Ⅴ대학순천캠퍼스,전문대학,사립,전남,C그룹,0,0,0,0,0,0,0,0,0,0,0,0,0,0,0,0,0,0,0,0,0,0,0,0,0,0,0,0,0,0,0,0,0,0,0,0.0,0,0,0.0
2018,411,한국폴리텍Ⅴ대학익산캠퍼스,전문대학,사립,전북,C그룹,0,0,0,0,0,0,0,0,0,0,0,0,0,0,0,0,0,0,0,0,0,0,0,0,0,0,0,0,0,0,0,0,0,0,0,0.0,0,0,0.0
2018,412,한국폴리텍Ⅴ대학전남캠퍼스,전문대학,사립,전남,C그룹,0,0,0,0,0,0,0,0,0,0,0,0,0,0,0,0,0,0,0,0,0,0,0,0,0,0,0,0,0,0,0,0,0,0,0,0.0,0,0,0.0
2018,413,한국폴리텍Ⅴ대학전북캠퍼스,전문대학,사립,전북,C그룹,534,534,0,30,25,10,0,599,11,16326,27,0,7,3,0,37,127,0,84,17,0,228,0,0,0,0,0,0,0,0,0,0,0,127,534,0.2000000029802322,16326,534,30.600000381469727
2018,414,한국폴리텍Ⅵ대학구미캠퍼스,전문대학,사립,경북,C그룹,552,552,0,32,46,12,0,642,11,183,35,0,9,10,0,54,114,0,45,45,0,204,0,0,0,0,0,0,0,0,0,5,155,114,552,0.2000000029802322,183,552,0.3000000119209289
2018,415,한국폴리텍Ⅵ대학대구캠퍼스,전문대학,사립,대구,C그룹,1075,1075,0,49,63,21,60,1268,13,16336,699,0,20,9,1,729,2614,0,162,52,5,2833,0,0,55,258,47,0,0,0,0,2,1352,2614,1075,2.400000095367432,16336,1075,15.199999809265137
2018,416,한국폴리텍Ⅵ대학영남융합기술캠퍼스,전문대학,사립,대구,C그룹,338,338,0,28,30,10,0,406,7,35,35,0,3,5,0,43,142,0,0,39,0,181,0,0,0,0,0,0,0,0,0,1,30,142,338,0.4000000059604645,35,338,0.1000000014901161
2018,417,한국폴리텍Ⅵ대학영주캠퍼스,전문대학,사립,경북,C그룹,55,55,0,7,7,10,64,143,2,94,20,0,0,7,0,27,170,0,0,0,0,170,0,0,0,0,0,0,0,0,0,0,0,170,55,3.0999999046325684,94,55,1.7000000476837158
2018,418,한국폴리텍Ⅶ대학동부산캠퍼스,전문대학,사립,부산,C그룹,0,0,0,0,0,0,0,0,0,0,0,0,0,0,0,0,0,0,0,0,0,0,0,0,0,0,0,0,0,0,0,0,0,0,0,0.0,0,0,0.0
2018,419,한국폴리텍Ⅶ대학부산캠퍼스,전문대학,사립,부산,C그룹,1005,1005,0,43,56,13,10,1127,13,1160,60,0,6,9,7,82,297,0,39,143,43,522,0,0,0,0,0,0,0,0,0,0,0,297,1005,0.3000000119209289,1160,1005,1.2000000476837158
2018,420,한국폴리텍Ⅶ대학울산캠퍼스,전문대학,사립,울산,C그룹,858,858,0,34,56,11,0,959,11,1800,49,0,3,19,0,71,137,0,10,56,0,203,0,0,4,4,0,0,0,0,0,0,0,137,858,0.2000000029802322,1800,858,2.0999999046325684
2018,421,한국폴리텍Ⅶ대학진주캠퍼스,전문대학,사립,경남,C그룹,0,0,0,0,0,0,0,0,0,0,0,0,0,0,0,0,0,0,0,0,0,0,0,0,0,0,0,0,0,0,0,0,0,0,0,0.0,0,0,0.0
2018,422,한국폴리텍Ⅶ대학창원캠퍼스,전문대학,사립,경남,C그룹,1509,1509,0,53,81,23,0,1666,21,18876,167,0,14,7,0,188,1127,0,399,313,0,1839,0,0,0,0,0,0,0,0,0,0,0,1127,1509,0.699999988079071,18876,1509,12.5
2018,423,한국폴리텍특성화 로봇캠퍼스,전문대학,사립,경북,C그룹,0,0,0,0,0,0,0,0,0,0,0,0,0,0,0,0,0,0,0,0,0,0,0,0,0,0,0,0,0,0,0,0,0,0,0,0.0,0,0,0.0
2018,424,한국폴리텍특성화 바이오캠퍼스,전문대학,사립,충남,C그룹,0,0,0,0,0,0,0,0,0,0,0,0,0,0,0,0,0,0,0,0,0,0,0,0,0,0,0,0,0,0,0,0,0,0,0,0.0,0,0,0.0
2018,425,한국폴리텍특성화 반도체융합캠퍼스,전문대학,사립,경기,C그룹,566,566,0,29,45,11,57,708,11,187,237,0,2,11,6,256,279,0,11,75,42,407,0,0,0,0,0,0,0,0,0,0,0,279,566,0.5,187,566,0.3000000119209289
2018,426,한국폴리텍특성화 항공캠퍼스,전문대학,사립,경남,C그룹,533,533,0,25,27,9,0,594,7,367,122,0,13,2,0,137,267,0,31,9,0,307,0,0,0,0,0,0,0,0,0,1,250,267,533,0.5,367,533,0.699999988079071
2018,427,한국학대학원,대학원대학,국립,경기,-,0,0,0,0,0,0,0,0,0,0,0,0,0,0,0,0,0,0,0,0,0,0,0,0,0,0,0,0,0,0,0,0,0,0,0,0.0,0,0,0.0
2018,428,한국항공대학교,대학,사립,경기,C그룹,4602,4136,466,163,122,231,767,5885,10,430654,2145,200,73,89,380,2887,16399,2012,918,1132,1834,22295,0,0,1237,745,71,37,9,155,11,3,20,18411,4602,4.0,430654,4602,93.5999984741211
2018,429,한남대학교,대학,사립,대전,A그룹,12700,11619,1081,429,628,210,2071,16038,53,691735,5836,439,326,246,558,7405,55352,7196,8334,4640,13270,88792,0,0,1268,23,350,134,146,553,81,70,1567,62548,12700,4.900000095367432,691735,12700,54.5
2018,430,한동대학교,대학,사립,경북,C그룹,4420,4030,390,149,162,140,19,4890,14,303149,3853,329,149,115,19,4465,50390,4606,2828,2221,252,60297,0,0,1220,408,294,0,0,86,28,7,230,54996,4420,12.399999618530272,303149,4420,68.5999984741211
2018,431,한라대학교,대학,사립,강원,C그룹,3973,3934,39,135,132,78,1,4319,19,140331,682,0,47,41,1,771,2663,0,476,301,1000,4440,0,0,281,134,32,0,0,38,0,30,517,2663,3973,0.699999988079071,140331,3973,35.29999923706055
2018,432,한려대학교,대학,사립,전남,C그룹,605,553,52,55,5,15,0,680,15,816,74,0,0,0,0,74,242,0,0,0,0,242,0,0,7,12,0,0,0,0,0,0,0,242,605,0.4000000059604645,816,605,1.2999999523162842
2018,433,한림국제대학원대학교,대학원대학,사립,서울,-,165,0,165,17,50,11,0,243,5,300,0,24,7,0,0,31,0,45,32,0,0,77,0,0,0,0,0,0,0,0,0,0,0,45,165,0.3000000119209289,300,165,1.7999999523162842
2018,434,한림대학교,대학,사립,강원,B그룹,8770,8104,666,803,405,210,2587,12775,37,652752,5887,294,436,349,501,7467,66435,3932,10961,8807,13316,103451,0,0,2721,1651,28,39,179,328,363,24,853,70367,8770,8.0,652752,8770,74.4000015258789
2018,435,한림성심대학교,전문대학,사립,강원,B그룹,3238,3238,0,86,252,50,1344,4970,60,226597,1273,0,61,26,212,1572,17630,0,822,396,2070,20918,0,0,65,123,130,0,10,0,0,13,1240,17630,3238,5.400000095367432,226597,3238,70.0
2018,436,한민학교,대학,사립,충남,C그룹,0,0,0,0,0,0,0,0,0,0,0,0,0,0,0,0,0,0,0,0,0,0,0,0,0,0,0,0,0,0,0,0,0,0,0,0.0,0,0,0.0
2018,437,한반도국제대학원대학교,대학원대학,사립,서울,-,64,0,64,6,5,3,795,873,2,130,0,27,2,1,18,48,0,95,6,1,46,148,0,0,20,10,10,0,0,0,0,2,50,95,64,1.5,130,64,2.0
2018,438,한북대학교,대학,사립,경기,C그룹,0,0,0,0,0,0,0,0,0,0,0,0,0,0,0,0,0,0,0,0,0,0,0,0,0,0,0,0,0,0,0,0,0,0,0,0.0,0,0,0.0
2018,439,한서대학교,대학,사립,충남,B그룹,7780,7266,514,266,284,164,303,8797,96,272994,1580,61,86,58,25,1810,12359,514,2288,1511,1314,17986,0,0,128,156,58,26,2,41,49,45,1225,12873,7780,1.7000000476837158,272994,7780,35.099998474121094
2018,440,한성대학교,대학,사립,서울,B그룹,7180,6342,838,257,305,158,1788,9688,40,311055,5288,381,328,407,564,6968,52312,6649,6673,3154,8816,77604,0,0,1158,498,503,90,286,149,68,34,592,58961,7180,8.199999809265137,311055,7180,43.29999923706055
2018,441,한세대학교,대학,사립,경기,C그룹,3682,2828,854,132,348,80,267,4509,23,206180,1286,466,51,44,61,1908,8423,5814,688,467,2332,17724,0,0,103,90,119,0,0,9,7,1,30,14237,3682,3.900000095367432,206180,3682,56.0
2018,442,한신대학교,대학,사립,경기,B그룹,5511,5109,402,170,279,134,691,6785,40,778515,3057,341,218,116,91,3823,24954,8376,4411,2213,3770,43724,0,0,2220,72,438,20,111,72,121,6,149,33330,5511,6.0,778515,5511,141.3000030517578
2018,443,한양대학교,대학,사립,서울,A그룹,22418,15457,6961,1005,2037,658,17932,44050,51,1800915,11331,5679,734,607,781,19132,95955,64893,13430,8787,54676,237741,0,0,6386,17875,1224,208,459,1294,1744,223,4149,160848,22418,7.199999809265137,1800915,22418,80.30000305175781
2018,444,한양대학교(ERICA),대학,사립,경기,A그룹,10255,8965,1290,389,767,276,489,12176,68,498271,5721,51,297,274,274,6617,52731,680,5718,4747,22044,85920,0,0,1775,11037,1267,2918,8391,278,530,97,1867,53411,10255,5.199999809265137,498271,10255,48.59999847412109
2018,445,한양여자대학교,전문대학,사립,서울,A그룹,6679,6679,0,180,473,103,1,7436,67,102592,2554,0,98,115,1,2768,19083,0,1788,1372,129,22372,0,0,755,182,28,0,0,61,0,14,2183,19083,6679,2.900000095367432,102592,6679,15.399999618530272
2018,446,한영대학교,전문대학,사립,전남,C그룹,1357,1357,0,37,116,25,342,1877,17,1879,993,0,33,7,67,1100,12779,0,622,68,265,13734,0,0,25,313,0,0,0,54,54,1,596,12779,1357,9.399999618530272,1879,1357,1.399999976158142
2018,447,한일장신대학교,대학,사립,전북,C그룹,1162,869,293,45,106,28,70,1411,9,49293,466,206,35,22,28,757,3265,3995,785,402,2339,10786,0,0,14,2,34,65,45,66,10,1,30,7260,1162,6.199999809265137,49293,1162,42.400001525878906
2018,448,한중대학교,대학,사립,강원,C그룹,0,0,0,0,0,0,0,0,0,0,0,0,0,0,0,0,0,0,0,0,0,0,0,0,0,0,0,0,0,0,0,0,0,0,0,0.0,0,0,0.0
2018,449,합동신학대학원대학교,대학원대학,사립,경기,-,304,0,304,23,18,14,2825,3184,5,10834,0,382,36,8,179,605,0,14510,1225,229,3785,19749,0,0,490,275,200,79,25,68,20,3,139,14510,304,47.70000076293945,10834,304,35.599998474121094
2018,450,해군사관학교,기타,기타,경남,-,0,0,0,0,0,0,829,829,0,24143,678,0,101,477,101,1357,7878,0,2562,10534,438,21412,0,0,0,0,0,193,0,174,1,4,250,7878,0,0.0,24143,0,0.0
2018,451,협성대학교,대학,사립,경기,C그룹,4691,4289,402,163,238,81,274,5447,26,223850,2379,201,106,50,29,2765,14781,3870,2139,917,361,22068,0,0,2516,870,25,25,7,470,10,32,1061,18651,4691,4.0,223850,4691,47.70000076293945
2018,452,혜전대학교,전문대학,사립,충남,B그룹,2951,2951,0,88,205,51,99,3394,32,576200,1428,0,43,65,17,1553,12617,0,747,1144,285,14793,0,0,961,472,33,4,3,18,0,1,10,12617,2951,4.300000190734863,576200,2951,195.3000030517578
2018,453,호남대학교,대학,사립,광주,B그룹,7867,7198,669,280,123,125,1353,9748,50,509207,1971,100,133,125,75,2404,12499,688,2368,2300,8050,25905,0,0,398,105,8,0,0,212,26,12,2116,13187,7867,1.7000000476837158,509207,7867,64.69999694824219
2018,454,호남신학대학교,대학,사립,광주,C그룹,946,534,412,38,66,20,347,1417,3,73711,257,302,33,8,44,644,2923,6079,403,170,563,10138,0,0,36,52,0,0,0,26,5,19,43,9002,946,9.5,73711,946,77.9000015258789
2018,455,호산대학교,전문대학,사립,경북,C그룹,2015,2015,0,71,152,28,0,2266,67,7595,200,0,26,36,0,262,912,0,439,717,0,2068,0,0,3,4,0,0,0,0,0,0,0,912,2015,0.5,7595,2015,3.799999952316284
2018,456,호서대학교,대학,사립,충남,A그룹,13145,11910,1235,477,447,205,4117,18391,79,956079,4615,303,258,237,338,5751,24235,4043,6169,7561,4012,46020,0,0,125,112,72,102,19,215,31,40,933,28278,13145,2.200000047683716,956079,13145,72.69999694824219
2018,457,호원대학교,대학,사립,전북,B그룹,5739,5739,0,178,380,91,159,6547,39,126756,778,0,41,69,15,903,5542,0,716,700,11503,18461,0,0,178,101,1,15,3,82,2,37,906,5542,5739,1.0,126756,5739,22.100000381469727
2018,458,홍익대학교,대학,사립,서울,A그룹,21598,18100,3498,747,740,471,11411,34967,105,1858696,10622,2053,505,349,616,14145,84621,31425,5382,6020,18845,146293,0,0,9544,4314,9964,1767,1450,402,462,66,1172,116046,21598,5.400000095367432,1858696,21598,86.0999984741211
2018,459,화성의과학대학교,대학,사립,경기,C그룹,705,705,0,43,25,17,0,790,13,2900,278,0,15,5,0,298,483,0,41,18,0,542,0,0,0,0,0,0,0,0,0,0,0,483,705,0.699999988079071,2900,705,4.099999904632568
2018,460,화신사이버대학교,대학,사립,부산,C그룹,1146,1146,0,10,24,9,0,1189,7,986,116,0,0,0,0,116,394,0,0,0,0,394,0,0,0,0,0,0,0,0,0,0,0,394,1146,0.3000000119209289,986,1146,0.8999999761581421
2018,461,횃불트리니티신학대학원대학교,대학원대학,사립,서울,-,396,0,396,23,25,23,54,521,6,99787,0,402,32,6,52,492,0,7250,694,82,1169,9195,0,0,170,108,38,16,25,58,14,6,55,7250,396,18.299999237060547,99787,396,252.0
